Workbook

Sheet Instructions
A1: Golf Trip Scoring — how to run a trip
A3: BEFORE THE TRIP (Setup sheet — yellow cells are the only editable ones)
A4: 1. Enter the trip name and year.
A5: 2. Enter each player's name and Starting H'cap (Golflink no. and nickname are optional).
A6: Leave unused player rows completely blank — they are ignored everywhere.
A7: 3. For each round, enter the course name and the Par and Stroke Index (SI) of every hole.
A8: The 'SI check' row must show OK (each of 1-18 used exactly once). Leave unused rounds blank.
A10: EACH DAY (Round sheets — organisers enter everything from the physical cards)
A11: 1. Enter each player's gross score per hole in the yellow Score cells.
A12: Enter 0 (or leave blank) for a wiped hole — it scores no points.
A13: 2. If a card was filled out incorrectly, enter a 1 or 2 point Card penalty for that player.
A14: The penalty reduces their Round points, daily position and handicap outcome,
... A39: Add them once via Automate > New Script, paste the code, Save Script.

Sheet Setup
A1: Trip Name:
A2: Year: | G2: Courses — enter course name, then Par and Stroke Index for each hole
G3: Round 1 | I3: Round 2 | K3: Round 3 | M3: Round 4 | O3: Round 5 | Q3: Round 6 | S3: Round 7 | U3: Round 8 | W3: Round 9 | Y3: Round 10
A4: No. | B4: Player Name | C4: Golflink No. | D4: Nickname | E4: Starting H'cap | F4: Course:
A5: 1 | F5: Hole | G5: Par | H5: SI | I5: Par | J5: SI | K5: Par | L5: SI | M5: Par | N5: SI | O5: Par | P5: SI | Q5: Par | R5: SI | S5: Par | T5: SI | U5: Par | V5: SI | W5: Par | X5: SI | Y5: Par | Z5: SI
A6: 2 | F6: 1
A7: 3 | F7: 2
A8: 4 | F8: 3
A9: 5 | F9: 4
A10: 6 | F10: 5
A11: 7 | F11: 6
A12: 8 | F12: 7
A13: 9 | F13: 8
A14: 10 | F14: 9
A15: 11 | F15: 10
A16: 12 | F16: 11
A17: 13 | F17: 12
... A23: 19 | F23: 18
A24: 20 | F24: Par total | G24: =IF(COUNT(G6:G23)=0,"",SUM(G6:G23)) | I24: =IF(COUNT(I6:I23)=0,"",SUM(I6:I23)) | K24: =IF(COUNT(K6:K23)=0,"",SUM(K6:K23)) | M24: =IF(COUNT(M6:M23)=0,"",SUM(M6:M23)) | O24: =IF(COUNT(O6:O23)=0,"",SUM(O6:O23)) | Q24: =IF(COUNT(Q6:Q23)=0,"",SUM(Q6:Q23)) | S24: =IF(COUNT(S6:S23)=0,"",SUM(S6:S23)) | U24: =IF(COUNT(U6:U23)=0,"",SUM(U6:U23)) | W24: =IF(COUNT(W6:W23)=0,"",SUM(W6:W23)) | Y24: =IF(COUNT(Y6:Y23)=0,"",SUM(Y6:Y23))
A25: 21 | F25: SI check | G25: =IF(COUNT(H6:H23)=0,"",IF(AND(COUNT(H6:H23)=18,SUM(H6:H23)=171,SUMPRODUCT(--(COUNTIF(H6:H23,H6:H23)>1))=0),"OK","CHECK")) | I25: =IF(COUNT(J6:J23)=0,"",IF(AND(COUNT(J6:J23)=18,SUM(J6:J23)=171,SUMPRODUCT(--(COUNTIF(J6:J23,J6:J23)>1))=0),"OK","CHECK")) | K25: =IF(COUNT(L6:L23)=0,"",IF(AND(COUNT(L6:L23)=18,SUM(L6:L23)=171,SUMPRODUCT(--(COUNTIF(L6:L23,L6:L23)>1))=0),"OK","CHECK")) | M25: =IF(COUNT(N6:N23)=0,"",IF(AND(COUNT(N6:N23)=18,SUM(N6:N23)=171,SUMPRODUCT(--(COUNTIF(N6:N23,N6:N23)>1))=0),"OK","CHECK")) | O25: =IF(COUNT(P6:P23)=0,"",IF(AND(COUNT(P6:P23)=18,SUM(P6:P23)=171,SUMPRODUCT(--(COUNTIF(P6:P23,P6:P23)>1))=0),"OK","CHECK")) | Q25: =IF(COUNT(R6:R23)=0,"",IF(AND(COUNT(R6:R23)=18,SUM(R6:R23)=171,SUMPRODUCT(--(COUNTIF(R6:R23,R6:R23)>1))=0),"OK","CHECK")) | S25: =IF(COUNT(T6:T23)=0,"",IF(AND(COUNT(T6:T23)=18,SUM(T6:T23)=171,SUMPRODUCT(--(COUNTIF(T6:T23,T6:T23)>1))=0),"OK","CHECK")) | U25: =IF(COUNT(V6:V23)=0,"",IF(AND(COUNT(V6:V23)=18,SUM(V6:V23)=171,SUMPRODUCT(--(COUNTIF(V6:V23,V6:V23)>1))=0),"OK","CHECK")) | W25: =IF(COUNT(X6:X23)=0,"",IF(AND(COUNT(X6:X23)=18,SUM(X6:X23)=171,SUMPRODUCT(--(COUNTIF(X6:X23,X6:X23)>1))=0),"OK","CHECK")) | Y25: =IF(COUNT(Z6:Z23)=0,"",IF(AND(COUNT(Z6:Z23)=18,SUM(Z6:Z23)=171,SUMPRODUCT(--(COUNTIF(Z6:Z23,Z6:Z23)>1))=0),"OK","CHECK"))
A26: 22
A27: 23
A28: 24
A29: 25
A30: 26
A31: 27
A32: 28
A33: 29
A34: 30
A35: 31
A36: 32

Sheet Leaderboard
A1: Leaderboard | Y1: =MAX(('Round 1'!$S$31>0)*1,('Round 2'!$S$31>0)*2,('Round 3'!$S$31>0)*3,('Round 4'!$S$31>0)*4,('Round 5'!$S$31>0)*5,('Round 6'!$S$31>0)*6,('Round 7'!$S$31>0)*7,('Round 8'!$S$31>0)*8,('Round 9'!$S$31>0)*9,('Round 10'!$S$31>0)*10)
A2: Pos | B2: Player | C2: Total | D2: Rd 1 | E2: Pos | F2: Rd 2 | G2: Pos | H2: Rd 3 | I2: Pos | J2: Rd 4 | K2: Pos | L2: Rd 5 | M2: Pos | N2: Rd 6 | O2: Pos | P2: Rd 7 | Q2: Pos | R2: Rd 8 | S2: Pos | T2: Rd 9 | U2: Pos | V2: Rd 10 | W2: Pos
A3: =IF($B3="","",1+SUMPRODUCT(($B$3:$B$34<>"")*(($C$3:$C$34>C3)+(($C$3:$C$34=C3)*($Y$3:$Y$34>Y3))))) | B3: =IF(Setup!B5="","",Setup!B5) | C3: =IF($B3="","",SUM(D3,F3,H3,J3,L3,N3,P3,R3,T3,V3)) | D3: =IF($B3="","",IF('Round 1'!$S$31=0,"",'Round 1'!$F$32)) | E3: =IF($B3="","",IF('Round 1'!$S$31=0,"",'Round 1'!$Q$32)) | F3: =IF($B3="","",IF('Round 2'!$S$31=0,"",'Round 2'!$F$32)) | G3: =IF($B3="","",IF('Round 2'!$S$31=0,"",'Round 2'!$Q$32)) | H3: =IF($B3="","",IF('Round 3'!$S$31=0,"",'Round 3'!$F$32)) | I3: =IF($B3="","",IF('Round 3'!$S$31=0,"",'Round 3'!$Q$32)) | J3: =IF($B3="","",IF('Round 4'!$S$31=0,"",'Round 4'!$F$32)) | K3: =IF($B3="","",IF('Round 4'!$S$31=0,"",'Round 4'!$Q$32)) | L3: =IF($B3="","",IF('Round 5'!$S$31=0,"",'Round 5'!$F$32)) | M3: =IF($B3="","",IF('Round 5'!$S$31=0,"",'Round 5'!$Q$32)) | N3: =IF($B3="","",IF('Round 6'!$S$31=0,"",'Round 6'!$F$32)) | O3: =IF($B3="","",IF('Round 6'!$S$31=0,"",'Round 6'!$Q$32)) | P3: =IF($B3="","",IF('Round 7'!$S$31=0,"",'Round 7'!$F$32)) | Q3: =IF($B3="","",IF('Round 7'!$S$31=0,"",'Round 7'!$Q$32)) | R3: =IF($B3="","",IF('Round 8'!$S$31=0,"",'Round 8'!$F$32)) | S3: =IF($B3="","",IF('Round 8'!$S$31=0,"",'Round 8'!$Q$32)) | T3: =IF($B3="","",IF('Round 9'!$S$31=0,"",'Round 9'!$F$32)) | U3: =IF($B3="","",IF('Round 9'!$S$31=0,"",'Round 9'!$Q$32)) | V3: =IF($B3="","",IF('Round 10'!$S$31=0,"",'Round 10'!$F$32)) | W3: =IF($B3="","",IF('Round 10'!$S$31=0,"",'Round 10'!$Q$32)) | Y3: =IF(OR($B3="",$Y$1=0),0,CHOOSE($Y$1,'Round 1'!$P$32,'Round 2'!$P$32,'Round 3'!$P$32,'Round 4'!$P$32,'Round 5'!$P$32,'Round 6'!$P$32,'Round 7'!$P$32,'Round 8'!$P$32,'Round 9'!$P$32,'Round 10'!$P$32))
A4: =IF($B4="","",1+SUMPRODUCT(($B$3:$B$34<>"")*(($C$3:$C$34>C4)+(($C$3:$C$34=C4)*($Y$3:$Y$34>Y4))))) | B4: =IF(Setup!B6="","",Setup!B6) | C4: =IF($B4="","",SUM(D4,F4,H4,J4,L4,N4,P4,R4,T4,V4)) | D4: =IF($B4="","",IF('Round 1'!$S$31=0,"",'Round 1'!$F$33)) | E4: =IF($B4="","",IF('Round 1'!$S$31=0,"",'Round 1'!$Q$33)) | F4: =IF($B4="","",IF('Round 2'!$S$31=0,"",'Round 2'!$F$33)) | G4: =IF($B4="","",IF('Round 2'!$S$31=0,"",'Round 2'!$Q$33)) | H4: =IF($B4="","",IF('Round 3'!$S$31=0,"",'Round 3'!$F$33)) | I4: =IF($B4="","",IF('Round 3'!$S$31=0,"",'Round 3'!$Q$33)) | J4: =IF($B4="","",IF('Round 4'!$S$31=0,"",'Round 4'!$F$33)) | K4: =IF($B4="","",IF('Round 4'!$S$31=0,"",'Round 4'!$Q$33)) | L4: =IF($B4="","",IF('Round 5'!$S$31=0,"",'Round 5'!$F$33)) | M4: =IF($B4="","",IF('Round 5'!$S$31=0,"",'Round 5'!$Q$33)) | N4: =IF($B4="","",IF('Round 6'!$S$31=0,"",'Round 6'!$F$33)) | O4: =IF($B4="","",IF('Round 6'!$S$31=0,"",'Round 6'!$Q$33)) | P4: =IF($B4="","",IF('Round 7'!$S$31=0,"",'Round 7'!$F$33)) | Q4: =IF($B4="","",IF('Round 7'!$S$31=0,"",'Round 7'!$Q$33)) | R4: =IF($B4="","",IF('Round 8'!$S$31=0,"",'Round 8'!$F$33)) | S4: =IF($B4="","",IF('Round 8'!$S$31=0,"",'Round 8'!$Q$33)) | T4: =IF($B4="","",IF('Round 9'!$S$31=0,"",'Round 9'!$F$33)) | U4: =IF($B4="","",IF('Round 9'!$S$31=0,"",'Round 9'!$Q$33)) | V4: =IF($B4="","",IF('Round 10'!$S$31=0,"",'Round 10'!$F$33)) | W4: =IF($B4="","",IF('Round 10'!$S$31=0,"",'Round 10'!$Q$33)) | Y4: =IF(OR($B4="",$Y$1=0),0,CHOOSE($Y$1,'Round 1'!$P$33,'Round 2'!$P$33,'Round 3'!$P$33,'Round 4'!$P$33,'Round 5'!$P$33,'Round 6'!$P$33,'Round 7'!$P$33,'Round 8'!$P$33,'Round 9'!$P$33,'Round 10'!$P$33))
A5: =IF($B5="","",1+SUMPRODUCT(($B$3:$B$34<>"")*(($C$3:$C$34>C5)+(($C$3:$C$34=C5)*($Y$3:$Y$34>Y5))))) | B5: =IF(Setup!B7="","",Setup!B7) | C5: =IF($B5="","",SUM(D5,F5,H5,J5,L5,N5,P5,R5,T5,V5)) | D5: =IF($B5="","",IF('Round 1'!$S$31=0,"",'Round 1'!$F$34)) | E5: =IF($B5="","",IF('Round 1'!$S$31=0,"",'Round 1'!$Q$34)) | F5: =IF($B5="","",IF('Round 2'!$S$31=0,"",'Round 2'!$F$34)) | G5: =IF($B5="","",IF('Round 2'!$S$31=0,"",'Round 2'!$Q$34)) | H5: =IF($B5="","",IF('Round 3'!$S$31=0,"",'Round 3'!$F$34)) | I5: =IF($B5="","",IF('Round 3'!$S$31=0,"",'Round 3'!$Q$34)) | J5: =IF($B5="","",IF('Round 4'!$S$31=0,"",'Round 4'!$F$34)) | K5: =IF($B5="","",IF('Round 4'!$S$31=0,"",'Round 4'!$Q$34)) | L5: =IF($B5="","",IF('Round 5'!$S$31=0,"",'Round 5'!$F$34)) | M5: =IF($B5="","",IF('Round 5'!$S$31=0,"",'Round 5'!$Q$34)) | N5: =IF($B5="","",IF('Round 6'!$S$31=0,"",'Round 6'!$F$34)) | O5: =IF($B5="","",IF('Round 6'!$S$31=0,"",'Round 6'!$Q$34)) | P5: =IF($B5="","",IF('Round 7'!$S$31=0,"",'Round 7'!$F$34)) | Q5: =IF($B5="","",IF('Round 7'!$S$31=0,"",'Round 7'!$Q$34)) | R5: =IF($B5="","",IF('Round 8'!$S$31=0,"",'Round 8'!$F$34)) | S5: =IF($B5="","",IF('Round 8'!$S$31=0,"",'Round 8'!$Q$34)) | T5: =IF($B5="","",IF('Round 9'!$S$31=0,"",'Round 9'!$F$34)) | U5: =IF($B5="","",IF('Round 9'!$S$31=0,"",'Round 9'!$Q$34)) | V5: =IF($B5="","",IF('Round 10'!$S$31=0,"",'Round 10'!$F$34)) | W5: =IF($B5="","",IF('Round 10'!$S$31=0,"",'Round 10'!$Q$34)) | Y5: =IF(OR($B5="",$Y$1=0),0,CHOOSE($Y$1,'Round 1'!$P$34,'Round 2'!$P$34,'Round 3'!$P$34,'Round 4'!$P$34,'Round 5'!$P$34,'Round 6'!$P$34,'Round 7'!$P$34,'Round 8'!$P$34,'Round 9'!$P$34,'Round 10'!$P$34))
A6: =IF($B6="","",1+SUMPRODUCT(($B$3:$B$34<>"")*(($C$3:$C$34>C6)+(($C$3:$C$34=C6)*($Y$3:$Y$34>Y6))))) | B6: =IF(Setup!B8="","",Setup!B8) | C6: =IF($B6="","",SUM(D6,F6,H6,J6,L6,N6,P6,R6,T6,V6)) | D6: =IF($B6="","",IF('Round 1'!$S$31=0,"",'Round 1'!$F$35)) | E6: =IF($B6="","",IF('Round 1'!$S$31=0,"",'Round 1'!$Q$35)) | F6: =IF($B6="","",IF('Round 2'!$S$31=0,"",'Round 2'!$F$35)) | G6: =IF($B6="","",IF('Round 2'!$S$31=0,"",'Round 2'!$Q$35)) | H6: =IF($B6="","",IF('Round 3'!$S$31=0,"",'Round 3'!$F$35)) | I6: =IF($B6="","",IF('Round 3'!$S$31=0,"",'Round 3'!$Q$35)) | J6: =IF($B6="","",IF('Round 4'!$S$31=0,"",'Round 4'!$F$35)) | K6: =IF($B6="","",IF('Round 4'!$S$31=0,"",'Round 4'!$Q$35)) | L6: =IF($B6="","",IF('Round 5'!$S$31=0,"",'Round 5'!$F$35)) | M6: =IF($B6="","",IF('Round 5'!$S$31=0,"",'Round 5'!$Q$35)) | N6: =IF($B6="","",IF('Round 6'!$S$31=0,"",'Round 6'!$F$35)) | O6: =IF($B6="","",IF('Round 6'!$S$31=0,"",'Round 6'!$Q$35)) | P6: =IF($B6="","",IF('Round 7'!$S$31=0,"",'Round 7'!$F$35)) | Q6: =IF($B6="","",IF('Round 7'!$S$31=0,"",'Round 7'!$Q$35)) | R6: =IF($B6="","",IF('Round 8'!$S$31=0,"",'Round 8'!$F$35)) | S6: =IF($B6="","",IF('Round 8'!$S$31=0,"",'Round 8'!$Q$35)) | T6: =IF($B6="","",IF('Round 9'!$S$31=0,"",'Round 9'!$F$35)) | U6: =IF($B6="","",IF('Round 9'!$S$31=0,"",'Round 9'!$Q$35)) | V6: =IF($B6="","",IF('Round 10'!$S$31=0,"",'Round 10'!$F$35)) | W6: =IF($B6="","",IF('Round 10'!$S$31=0,"",'Round 10'!$Q$35)) | Y6: =IF(OR($B6="",$Y$1=0),0,CHOOSE($Y$1,'Round 1'!$P$35,'Round 2'!$P$35,'Round 3'!$P$35,'Round 4'!$P$35,'Round 5'!$P$35,'Round 6'!$P$35,'Round 7'!$P$35,'Round 8'!$P$35,'Round 9'!$P$35,'Round 10'!$P$35))
A7: =IF($B7="","",1+SUMPRODUCT(($B$3:$B$34<>"")*(($C$3:$C$34>C7)+(($C$3:$C$34=C7)*($Y$3:$Y$34>Y7))))) | B7: =IF(Setup!B9="","",Setup!B9) | C7: =IF($B7="","",SUM(D7,F7,H7,J7,L7,N7,P7,R7,T7,V7)) | D7: =IF($B7="","",IF('Round 1'!$S$31=0,"",'Round 1'!$F$36)) | E7: =IF($B7="","",IF('Round 1'!$S$31=0,"",'Round 1'!$Q$36)) | F7: =IF($B7="","",IF('Round 2'!$S$31=0,"",'Round 2'!$F$36)) | G7: =IF($B7="","",IF('Round 2'!$S$31=0,"",'Round 2'!$Q$36)) | H7: =IF($B7="","",IF('Round 3'!$S$31=0,"",'Round 3'!$F$36)) | I7: =IF($B7="","",IF('Round 3'!$S$31=0,"",'Round 3'!$Q$36)) | J7: =IF($B7="","",IF('Round 4'!$S$31=0,"",'Round 4'!$F$36)) | K7: =IF($B7="","",IF('Round 4'!$S$31=0,"",'Round 4'!$Q$36)) | L7: =IF($B7="","",IF('Round 5'!$S$31=0,"",'Round 5'!$F$36)) | M7: =IF($B7="","",IF('Round 5'!$S$31=0,"",'Round 5'!$Q$36)) | N7: =IF($B7="","",IF('Round 6'!$S$31=0,"",'Round 6'!$F$36)) | O7: =IF($B7="","",IF('Round 6'!$S$31=0,"",'Round 6'!$Q$36)) | P7: =IF($B7="","",IF('Round 7'!$S$31=0,"",'Round 7'!$F$36)) | Q7: =IF($B7="","",IF('Round 7'!$S$31=0,"",'Round 7'!$Q$36)) | R7: =IF($B7="","",IF('Round 8'!$S$31=0,"",'Round 8'!$F$36)) | S7: =IF($B7="","",IF('Round 8'!$S$31=0,"",'Round 8'!$Q$36)) | T7: =IF($B7="","",IF('Round 9'!$S$31=0,"",'Round 9'!$F$36)) | U7: =IF($B7="","",IF('Round 9'!$S$31=0,"",'Round 9'!$Q$36)) | V7: =IF($B7="","",IF('Round 10'!$S$31=0,"",'Round 10'!$F$36)) | W7: =IF($B7="","",IF('Round 10'!$S$31=0,"",'Round 10'!$Q$36)) | Y7: =IF(OR($B7="",$Y$1=0),0,CHOOSE($Y$1,'Round 1'!$P$36,'Round 2'!$P$36,'Round 3'!$P$36,'Round 4'!$P$36,'Round 5'!$P$36,'Round 6'!$P$36,'Round 7'!$P$36,'Round 8'!$P$36,'Round 9'!$P$36,'Round 10'!$P$36))
A8: =IF($B8="","",1+SUMPRODUCT(($B$3:$B$34<>"")*(($C$3:$C$34>C8)+(($C$3:$C$34=C8)*($Y$3:$Y$34>Y8))))) | B8: =IF(Setup!B10="","",Setup!B10) | C8: =IF($B8="","",SUM(D8,F8,H8,J8,L8,N8,P8,R8,T8,V8)) | D8: =IF($B8="","",IF('Round 1'!$S$31=0,"",'Round 1'!$F$37)) | E8: =IF($B8="","",IF('Round 1'!$S$31=0,"",'Round 1'!$Q$37)) | F8: =IF($B8="","",IF('Round 2'!$S$31=0,"",'Round 2'!$F$37)) | G8: =IF($B8="","",IF('Round 2'!$S$31=0,"",'Round 2'!$Q$37)) | H8: =IF($B8="","",IF('Round 3'!$S$31=0,"",'Round 3'!$F$37)) | I8: =IF($B8="","",IF('Round 3'!$S$31=0,"",'Round 3'!$Q$37)) | J8: =IF($B8="","",IF('Round 4'!$S$31=0,"",'Round 4'!$F$37)) | K8: =IF($B8="","",IF('Round 4'!$S$31=0,"",'Round 4'!$Q$37)) | L8: =IF($B8="","",IF('Round 5'!$S$31=0,"",'Round 5'!$F$37)) | M8: =IF($B8="","",IF('Round 5'!$S$31=0,"",'Round 5'!$Q$37)) | N8: =IF($B8="","",IF('Round 6'!$S$31=0,"",'Round 6'!$F$37)) | O8: =IF($B8="","",IF('Round 6'!$S$31=0,"",'Round 6'!$Q$37)) | P8: =IF($B8="","",IF('Round 7'!$S$31=0,"",'Round 7'!$F$37)) | Q8: =IF($B8="","",IF('Round 7'!$S$31=0,"",'Round 7'!$Q$37)) | R8: =IF($B8="","",IF('Round 8'!$S$31=0,"",'Round 8'!$F$37)) | S8: =IF($B8="","",IF('Round 8'!$S$31=0,"",'Round 8'!$Q$37)) | T8: =IF($B8="","",IF('Round 9'!$S$31=0,"",'Round 9'!$F$37)) | U8: =IF($B8="","",IF('Round 9'!$S$31=0,"",'Round 9'!$Q$37)) | V8: =IF($B8="","",IF('Round 10'!$S$31=0,"",'Round 10'!$F$37)) | W8: =IF($B8="","",IF('Round 10'!$S$31=0,"",'Round 10'!$Q$37)) | Y8: =IF(OR($B8="",$Y$1=0),0,CHOOSE($Y$1,'Round 1'!$P$37,'Round 2'!$P$37,'Round 3'!$P$37,'Round 4'!$P$37,'Round 5'!$P$37,'Round 6'!$P$37,'Round 7'!$P$37,'Round 8'!$P$37,'Round 9'!$P$37,'Round 10'!$P$37))
A9: =IF($B9="","",1+SUMPRODUCT(($B$3:$B$34<>"")*(($C$3:$C$34>C9)+(($C$3:$C$34=C9)*($Y$3:$Y$34>Y9))))) | B9: =IF(Setup!B11="","",Setup!B11) | C9: =IF($B9="","",SUM(D9,F9,H9,J9,L9,N9,P9,R9,T9,V9)) | D9: =IF($B9="","",IF('Round 1'!$S$31=0,"",'Round 1'!$F$38)) | E9: =IF($B9="","",IF('Round 1'!$S$31=0,"",'Round 1'!$Q$38)) | F9: =IF($B9="","",IF('Round 2'!$S$31=0,"",'Round 2'!$F$38)) | G9: =IF($B9="","",IF('Round 2'!$S$31=0,"",'Round 2'!$Q$38)) | H9: =IF($B9="","",IF('Round 3'!$S$31=0,"",'Round 3'!$F$38)) | I9: =IF($B9="","",IF('Round 3'!$S$31=0,"",'Round 3'!$Q$38)) | J9: =IF($B9="","",IF('Round 4'!$S$31=0,"",'Round 4'!$F$38)) | K9: =IF($B9="","",IF('Round 4'!$S$31=0,"",'Round 4'!$Q$38)) | L9: =IF($B9="","",IF('Round 5'!$S$31=0,"",'Round 5'!$F$38)) | M9: =IF($B9="","",IF('Round 5'!$S$31=0,"",'Round 5'!$Q$38)) | N9: =IF($B9="","",IF('Round 6'!$S$31=0,"",'Round 6'!$F$38)) | O9: =IF($B9="","",IF('Round 6'!$S$31=0,"",'Round 6'!$Q$38)) | P9: =IF($B9="","",IF('Round 7'!$S$31=0,"",'Round 7'!$F$38)) | Q9: =IF($B9="","",IF('Round 7'!$S$31=0,"",'Round 7'!$Q$38)) | R9: =IF($B9="","",IF('Round 8'!$S$31=0,"",'Round 8'!$F$38)) | S9: =IF($B9="","",IF('Round 8'!$S$31=0,"",'Round 8'!$Q$38)) | T9: =IF($B9="","",IF('Round 9'!$S$31=0,"",'Round 9'!$F$38)) | U9: =IF($B9="","",IF('Round 9'!$S$31=0,"",'Round 9'!$Q$38)) | V9: =IF($B9="","",IF('Round 10'!$S$31=0,"",'Round 10'!$F$38)) | W9: =IF($B9="","",IF('Round 10'!$S$31=0,"",'Round 10'!$Q$38)) | Y9: =IF(OR($B9="",$Y$1=0),0,CHOOSE($Y$1,'Round 1'!$P$38,'Round 2'!$P$38,'Round 3'!$P$38,'Round 4'!$P$38,'Round 5'!$P$38,'Round 6'!$P$38,'Round 7'!$P$38,'Round 8'!$P$38,'Round 9'!$P$38,'Round 10'!$P$38))
A10: =IF($B10="","",1+SUMPRODUCT(($B$3:$B$34<>"")*(($C$3:$C$34>C10)+(($C$3:$C$34=C10)*($Y$3:$Y$34>Y10))))) | B10: =IF(Setup!B12="","",Setup!B12) | C10: =IF($B10="","",SUM(D10,F10,H10,J10,L10,N10,P10,R10,T10,V10)) | D10: =IF($B10="","",IF('Round 1'!$S$31=0,"",'Round 1'!$F$39)) | E10: =IF($B10="","",IF('Round 1'!$S$31=0,"",'Round 1'!$Q$39)) | F10: =IF($B10="","",IF('Round 2'!$S$31=0,"",'Round 2'!$F$39)) | G10: =IF($B10="","",IF('Round 2'!$S$31=0,"",'Round 2'!$Q$39)) | H10: =IF($B10="","",IF('Round 3'!$S$31=0,"",'Round 3'!$F$39)) | I10: =IF($B10="","",IF('Round 3'!$S$31=0,"",'Round 3'!$Q$39)) | J10: =IF($B10="","",IF('Round 4'!$S$31=0,"",'Round 4'!$F$39)) | K10: =IF($B10="","",IF('Round 4'!$S$31=0,"",'Round 4'!$Q$39)) | L10: =IF($B10="","",IF('Round 5'!$S$31=0,"",'Round 5'!$F$39)) | M10: =IF($B10="","",IF('Round 5'!$S$31=0,"",'Round 5'!$Q$39)) | N10: =IF($B10="","",IF('Round 6'!$S$31=0,"",'Round 6'!$F$39)) | O10: =IF($B10="","",IF('Round 6'!$S$31=0,"",'Round 6'!$Q$39)) | P10: =IF($B10="","",IF('Round 7'!$S$31=0,"",'Round 7'!$F$39)) | Q10: =IF($B10="","",IF('Round 7'!$S$31=0,"",'Round 7'!$Q$39)) | R10: =IF($B10="","",IF('Round 8'!$S$31=0,"",'Round 8'!$F$39)) | S10: =IF($B10="","",IF('Round 8'!$S$31=0,"",'Round 8'!$Q$39)) | T10: =IF($B10="","",IF('Round 9'!$S$31=0,"",'Round 9'!$F$39)) | U10: =IF($B10="","",IF('Round 9'!$S$31=0,"",'Round 9'!$Q$39)) | V10: =IF($B10="","",IF('Round 10'!$S$31=0,"",'Round 10'!$F$39)) | W10: =IF($B10="","",IF('Round 10'!$S$31=0,"",'Round 10'!$Q$39)) | Y10: =IF(OR($B10="",$Y$1=0),0,CHOOSE($Y$1,'Round 1'!$P$39,'Round 2'!$P$39,'Round 3'!$P$39,'Round 4'!$P$39,'Round 5'!$P$39,'Round 6'!$P$39,'Round 7'!$P$39,'Round 8'!$P$39,'Round 9'!$P$39,'Round 10'!$P$39))
A11: =IF($B11="","",1+SUMPRODUCT(($B$3:$B$34<>"")*(($C$3:$C$34>C11)+(($C$3:$C$34=C11)*($Y$3:$Y$34>Y11))))) | B11: =IF(Setup!B13="","",Setup!B13) | C11: =IF($B11="","",SUM(D11,F11,H11,J11,L11,N11,P11,R11,T11,V11)) | D11: =IF($B11="","",IF('Round 1'!$S$31=0,"",'Round 1'!$F$40)) | E11: =IF($B11="","",IF('Round 1'!$S$31=0,"",'Round 1'!$Q$40)) | F11: =IF($B11="","",IF('Round 2'!$S$31=0,"",'Round 2'!$F$40)) | G11: =IF($B11="","",IF('Round 2'!$S$31=0,"",'Round 2'!$Q$40)) | H11: =IF($B11="","",IF('Round 3'!$S$31=0,"",'Round 3'!$F$40)) | I11: =IF($B11="","",IF('Round 3'!$S$31=0,"",'Round 3'!$Q$40)) | J11: =IF($B11="","",IF('Round 4'!$S$31=0,"",'Round 4'!$F$40)) | K11: =IF($B11="","",IF('Round 4'!$S$31=0,"",'Round 4'!$Q$40)) | L11: =IF($B11="","",IF('Round 5'!$S$31=0,"",'Round 5'!$F$40)) | M11: =IF($B11="","",IF('Round 5'!$S$31=0,"",'Round 5'!$Q$40)) | N11: =IF($B11="","",IF('Round 6'!$S$31=0,"",'Round 6'!$F$40)) | O11: =IF($B11="","",IF('Round 6'!$S$31=0,"",'Round 6'!$Q$40)) | P11: =IF($B11="","",IF('Round 7'!$S$31=0,"",'Round 7'!$F$40)) | Q11: =IF($B11="","",IF('Round 7'!$S$31=0,"",'Round 7'!$Q$40)) | R11: =IF($B11="","",IF('Round 8'!$S$31=0,"",'Round 8'!$F$40)) | S11: =IF($B11="","",IF('Round 8'!$S$31=0,"",'Round 8'!$Q$40)) | T11: =IF($B11="","",IF('Round 9'!$S$31=0,"",'Round 9'!$F$40)) | U11: =IF($B11="","",IF('Round 9'!$S$31=0,"",'Round 9'!$Q$40)) | V11: =IF($B11="","",IF('Round 10'!$S$31=0,"",'Round 10'!$F$40)) | W11: =IF($B11="","",IF('Round 10'!$S$31=0,"",'Round 10'!$Q$40)) | Y11: =IF(OR($B11="",$Y$1=0),0,CHOOSE($Y$1,'Round 1'!$P$40,'Round 2'!$P$40,'Round 3'!$P$40,'Round 4'!$P$40,'Round 5'!$P$40,'Round 6'!$P$40,'Round 7'!$P$40,'Round 8'!$P$40,'Round 9'!$P$40,'Round 10'!$P$40))
A12: =IF($B12="","",1+SUMPRODUCT(($B$3:$B$34<>"")*(($C$3:$C$34>C12)+(($C$3:$C$34=C12)*($Y$3:$Y$34>Y12))))) | B12: =IF(Setup!B14="","",Setup!B14) | C12: =IF($B12="","",SUM(D12,F12,H12,J12,L12,N12,P12,R12,T12,V12)) | D12: =IF($B12="","",IF('Round 1'!$S$31=0,"",'Round 1'!$F$41)) | E12: =IF($B12="","",IF('Round 1'!$S$31=0,"",'Round 1'!$Q$41)) | F12: =IF($B12="","",IF('Round 2'!$S$31=0,"",'Round 2'!$F$41)) | G12: =IF($B12="","",IF('Round 2'!$S$31=0,"",'Round 2'!$Q$41)) | H12: =IF($B12="","",IF('Round 3'!$S$31=0,"",'Round 3'!$F$41)) | I12: =IF($B12="","",IF('Round 3'!$S$31=0,"",'Round 3'!$Q$41)) | J12: =IF($B12="","",IF('Round 4'!$S$31=0,"",'Round 4'!$F$41)) | K12: =IF($B12="","",IF('Round 4'!$S$31=0,"",'Round 4'!$Q$41)) | L12: =IF($B12="","",IF('Round 5'!$S$31=0,"",'Round 5'!$F$41)) | M12: =IF($B12="","",IF('Round 5'!$S$31=0,"",'Round 5'!$Q$41)) | N12: =IF($B12="","",IF('Round 6'!$S$31=0,"",'Round 6'!$F$41)) | O12: =IF($B12="","",IF('Round 6'!$S$31=0,"",'Round 6'!$Q$41)) | P12: =IF($B12="","",IF('Round 7'!$S$31=0,"",'Round 7'!$F$41)) | Q12: =IF($B12="","",IF('Round 7'!$S$31=0,"",'Round 7'!$Q$41)) | R12: =IF($B12="","",IF('Round 8'!$S$31=0,"",'Round 8'!$F$41)) | S12: =IF($B12="","",IF('Round 8'!$S$31=0,"",'Round 8'!$Q$41)) | T12: =IF($B12="","",IF('Round 9'!$S$31=0,"",'Round 9'!$F$41)) | U12: =IF($B12="","",IF('Round 9'!$S$31=0,"",'Round 9'!$Q$41)) | V12: =IF($B12="","",IF('Round 10'!$S$31=0,"",'Round 10'!$F$41)) | W12: =IF($B12="","",IF('Round 10'!$S$31=0,"",'Round 10'!$Q$41)) | Y12: =IF(OR($B12="",$Y$1=0),0,CHOOSE($Y$1,'Round 1'!$P$41,'Round 2'!$P$41,'Round 3'!$P$41,'Round 4'!$P$41,'Round 5'!$P$41,'Round 6'!$P$41,'Round 7'!$P$41,'Round 8'!$P$41,'Round 9'!$P$41,'Round 10'!$P$41))
A13: =IF($B13="","",1+SUMPRODUCT(($B$3:$B$34<>"")*(($C$3:$C$34>C13)+(($C$3:$C$34=C13)*($Y$3:$Y$34>Y13))))) | B13: =IF(Setup!B15="","",Setup!B15) | C13: =IF($B13="","",SUM(D13,F13,H13,J13,L13,N13,P13,R13,T13,V13)) | D13: =IF($B13="","",IF('Round 1'!$S$31=0,"",'Round 1'!$F$42)) | E13: =IF($B13="","",IF('Round 1'!$S$31=0,"",'Round 1'!$Q$42)) | F13: =IF($B13="","",IF('Round 2'!$S$31=0,"",'Round 2'!$F$42)) | G13: =IF($B13="","",IF('Round 2'!$S$31=0,"",'Round 2'!$Q$42)) | H13: =IF($B13="","",IF('Round 3'!$S$31=0,"",'Round 3'!$F$42)) | I13: =IF($B13="","",IF('Round 3'!$S$31=0,"",'Round 3'!$Q$42)) | J13: =IF($B13="","",IF('Round 4'!$S$31=0,"",'Round 4'!$F$42)) | K13: =IF($B13="","",IF('Round 4'!$S$31=0,"",'Round 4'!$Q$42)) | L13: =IF($B13="","",IF('Round 5'!$S$31=0,"",'Round 5'!$F$42)) | M13: =IF($B13="","",IF('Round 5'!$S$31=0,"",'Round 5'!$Q$42)) | N13: =IF($B13="","",IF('Round 6'!$S$31=0,"",'Round 6'!$F$42)) | O13: =IF($B13="","",IF('Round 6'!$S$31=0,"",'Round 6'!$Q$42)) | P13: =IF($B13="","",IF('Round 7'!$S$31=0,"",'Round 7'!$F$42)) | Q13: =IF($B13="","",IF('Round 7'!$S$31=0,"",'Round 7'!$Q$42)) | R13: =IF($B13="","",IF('Round 8'!$S$31=0,"",'Round 8'!$F$42)) | S13: =IF($B13="","",IF('Round 8'!$S$31=0,"",'Round 8'!$Q$42)) | T13: =IF($B13="","",IF('Round 9'!$S$31=0,"",'Round 9'!$F$42)) | U13: =IF($B13="","",IF('Round 9'!$S$31=0,"",'Round 9'!$Q$42)) | V13: =IF($B13="","",IF('Round 10'!$S$31=0,"",'Round 10'!$F$42)) | W13: =IF($B13="","",IF('Round 10'!$S$31=0,"",'Round 10'!$Q$42)) | Y13: =IF(OR($B13="",$Y$1=0),0,CHOOSE($Y$1,'Round 1'!$P$42,'Round 2'!$P$42,'Round 3'!$P$42,'Round 4'!$P$42,'Round 5'!$P$42,'Round 6'!$P$42,'Round 7'!$P$42,'Round 8'!$P$42,'Round 9'!$P$42,'Round 10'!$P$42))
A14: =IF($B14="","",1+SUMPRODUCT(($B$3:$B$34<>"")*(($C$3:$C$34>C14)+(($C$3:$C$34=C14)*($Y$3:$Y$34>Y14))))) | B14: =IF(Setup!B16="","",Setup!B16) | C14: =IF($B14="","",SUM(D14,F14,H14,J14,L14,N14,P14,R14,T14,V14)) | D14: =IF($B14="","",IF('Round 1'!$S$31=0,"",'Round 1'!$F$43)) | E14: =IF($B14="","",IF('Round 1'!$S$31=0,"",'Round 1'!$Q$43)) | F14: =IF($B14="","",IF('Round 2'!$S$31=0,"",'Round 2'!$F$43)) | G14: =IF($B14="","",IF('Round 2'!$S$31=0,"",'Round 2'!$Q$43)) | H14: =IF($B14="","",IF('Round 3'!$S$31=0,"",'Round 3'!$F$43)) | I14: =IF($B14="","",IF('Round 3'!$S$31=0,"",'Round 3'!$Q$43)) | J14: =IF($B14="","",IF('Round 4'!$S$31=0,"",'Round 4'!$F$43)) | K14: =IF($B14="","",IF('Round 4'!$S$31=0,"",'Round 4'!$Q$43)) | L14: =IF($B14="","",IF('Round 5'!$S$31=0,"",'Round 5'!$F$43)) | M14: =IF($B14="","",IF('Round 5'!$S$31=0,"",'Round 5'!$Q$43)) | N14: =IF($B14="","",IF('Round 6'!$S$31=0,"",'Round 6'!$F$43)) | O14: =IF($B14="","",IF('Round 6'!$S$31=0,"",'Round 6'!$Q$43)) | P14: =IF($B14="","",IF('Round 7'!$S$31=0,"",'Round 7'!$F$43)) | Q14: =IF($B14="","",IF('Round 7'!$S$31=0,"",'Round 7'!$Q$43)) | R14: =IF($B14="","",IF('Round 8'!$S$31=0,"",'Round 8'!$F$43)) | S14: =IF($B14="","",IF('Round 8'!$S$31=0,"",'Round 8'!$Q$43)) | T14: =IF($B14="","",IF('Round 9'!$S$31=0,"",'Round 9'!$F$43)) | U14: =IF($B14="","",IF('Round 9'!$S$31=0,"",'Round 9'!$Q$43)) | V14: =IF($B14="","",IF('Round 10'!$S$31=0,"",'Round 10'!$F$43)) | W14: =IF($B14="","",IF('Round 10'!$S$31=0,"",'Round 10'!$Q$43)) | Y14: =IF(OR($B14="",$Y$1=0),0,CHOOSE($Y$1,'Round 1'!$P$43,'Round 2'!$P$43,'Round 3'!$P$43,'Round 4'!$P$43,'Round 5'!$P$43,'Round 6'!$P$43,'Round 7'!$P$43,'Round 8'!$P$43,'Round 9'!$P$43,'Round 10'!$P$43))
A15: =IF($B15="","",1+SUMPRODUCT(($B$3:$B$34<>"")*(($C$3:$C$34>C15)+(($C$3:$C$34=C15)*($Y$3:$Y$34>Y15))))) | B15: =IF(Setup!B17="","",Setup!B17) | C15: =IF($B15="","",SUM(D15,F15,H15,J15,L15,N15,P15,R15,T15,V15)) | D15: =IF($B15="","",IF('Round 1'!$S$31=0,"",'Round 1'!$F$44)) | E15: =IF($B15="","",IF('Round 1'!$S$31=0,"",'Round 1'!$Q$44)) | F15: =IF($B15="","",IF('Round 2'!$S$31=0,"",'Round 2'!$F$44)) | G15: =IF($B15="","",IF('Round 2'!$S$31=0,"",'Round 2'!$Q$44)) | H15: =IF($B15="","",IF('Round 3'!$S$31=0,"",'Round 3'!$F$44)) | I15: =IF($B15="","",IF('Round 3'!$S$31=0,"",'Round 3'!$Q$44)) | J15: =IF($B15="","",IF('Round 4'!$S$31=0,"",'Round 4'!$F$44)) | K15: =IF($B15="","",IF('Round 4'!$S$31=0,"",'Round 4'!$Q$44)) | L15: =IF($B15="","",IF('Round 5'!$S$31=0,"",'Round 5'!$F$44)) | M15: =IF($B15="","",IF('Round 5'!$S$31=0,"",'Round 5'!$Q$44)) | N15: =IF($B15="","",IF('Round 6'!$S$31=0,"",'Round 6'!$F$44)) | O15: =IF($B15="","",IF('Round 6'!$S$31=0,"",'Round 6'!$Q$44)) | P15: =IF($B15="","",IF('Round 7'!$S$31=0,"",'Round 7'!$F$44)) | Q15: =IF($B15="","",IF('Round 7'!$S$31=0,"",'Round 7'!$Q$44)) | R15: =IF($B15="","",IF('Round 8'!$S$31=0,"",'Round 8'!$F$44)) | S15: =IF($B15="","",IF('Round 8'!$S$31=0,"",'Round 8'!$Q$44)) | T15: =IF($B15="","",IF('Round 9'!$S$31=0,"",'Round 9'!$F$44)) | U15: =IF($B15="","",IF('Round 9'!$S$31=0,"",'Round 9'!$Q$44)) | V15: =IF($B15="","",IF('Round 10'!$S$31=0,"",'Round 10'!$F$44)) | W15: =IF($B15="","",IF('Round 10'!$S$31=0,"",'Round 10'!$Q$44)) | Y15: =IF(OR($B15="",$Y$1=0),0,CHOOSE($Y$1,'Round 1'!$P$44,'Round 2'!$P$44,'Round 3'!$P$44,'Round 4'!$P$44,'Round 5'!$P$44,'Round 6'!$P$44,'Round 7'!$P$44,'Round 8'!$P$44,'Round 9'!$P$44,'Round 10'!$P$44))
A16: =IF($B16="","",1+SUMPRODUCT(($B$3:$B$34<>"")*(($C$3:$C$34>C16)+(($C$3:$C$34=C16)*($Y$3:$Y$34>Y16))))) | B16: =IF(Setup!B18="","",Setup!B18) | C16: =IF($B16="","",SUM(D16,F16,H16,J16,L16,N16,P16,R16,T16,V16)) | D16: =IF($B16="","",IF('Round 1'!$S$31=0,"",'Round 1'!$F$45)) | E16: =IF($B16="","",IF('Round 1'!$S$31=0,"",'Round 1'!$Q$45)) | F16: =IF($B16="","",IF('Round 2'!$S$31=0,"",'Round 2'!$F$45)) | G16: =IF($B16="","",IF('Round 2'!$S$31=0,"",'Round 2'!$Q$45)) | H16: =IF($B16="","",IF('Round 3'!$S$31=0,"",'Round 3'!$F$45)) | I16: =IF($B16="","",IF('Round 3'!$S$31=0,"",'Round 3'!$Q$45)) | J16: =IF($B16="","",IF('Round 4'!$S$31=0,"",'Round 4'!$F$45)) | K16: =IF($B16="","",IF('Round 4'!$S$31=0,"",'Round 4'!$Q$45)) | L16: =IF($B16="","",IF('Round 5'!$S$31=0,"",'Round 5'!$F$45)) | M16: =IF($B16="","",IF('Round 5'!$S$31=0,"",'Round 5'!$Q$45)) | N16: =IF($B16="","",IF('Round 6'!$S$31=0,"",'Round 6'!$F$45)) | O16: =IF($B16="","",IF('Round 6'!$S$31=0,"",'Round 6'!$Q$45)) | P16: =IF($B16="","",IF('Round 7'!$S$31=0,"",'Round 7'!$F$45)) | Q16: =IF($B16="","",IF('Round 7'!$S$31=0,"",'Round 7'!$Q$45)) | R16: =IF($B16="","",IF('Round 8'!$S$31=0,"",'Round 8'!$F$45)) | S16: =IF($B16="","",IF('Round 8'!$S$31=0,"",'Round 8'!$Q$45)) | T16: =IF($B16="","",IF('Round 9'!$S$31=0,"",'Round 9'!$F$45)) | U16: =IF($B16="","",IF('Round 9'!$S$31=0,"",'Round 9'!$Q$45)) | V16: =IF($B16="","",IF('Round 10'!$S$31=0,"",'Round 10'!$F$45)) | W16: =IF($B16="","",IF('Round 10'!$S$31=0,"",'Round 10'!$Q$45)) | Y16: =IF(OR($B16="",$Y$1=0),0,CHOOSE($Y$1,'Round 1'!$P$45,'Round 2'!$P$45,'Round 3'!$P$45,'Round 4'!$P$45,'Round 5'!$P$45,'Round 6'!$P$45,'Round 7'!$P$45,'Round 8'!$P$45,'Round 9'!$P$45,'Round 10'!$P$45))
A17: =IF($B17="","",1+SUMPRODUCT(($B$3:$B$34<>"")*(($C$3:$C$34>C17)+(($C$3:$C$34=C17)*($Y$3:$Y$34>Y17))))) | B17: =IF(Setup!B19="","",Setup!B19) | C17: =IF($B17="","",SUM(D17,F17,H17,J17,L17,N17,P17,R17,T17,V17)) | D17: =IF($B17="","",IF('Round 1'!$S$31=0,"",'Round 1'!$F$46)) | E17: =IF($B17="","",IF('Round 1'!$S$31=0,"",'Round 1'!$Q$46)) | F17: =IF($B17="","",IF('Round 2'!$S$31=0,"",'Round 2'!$F$46)) | G17: =IF($B17="","",IF('Round 2'!$S$31=0,"",'Round 2'!$Q$46)) | H17: =IF($B17="","",IF('Round 3'!$S$31=0,"",'Round 3'!$F$46)) | I17: =IF($B17="","",IF('Round 3'!$S$31=0,"",'Round 3'!$Q$46)) | J17: =IF($B17="","",IF('Round 4'!$S$31=0,"",'Round 4'!$F$46)) | K17: =IF($B17="","",IF('Round 4'!$S$31=0,"",'Round 4'!$Q$46)) | L17: =IF($B17="","",IF('Round 5'!$S$31=0,"",'Round 5'!$F$46)) | M17: =IF($B17="","",IF('Round 5'!$S$31=0,"",'Round 5'!$Q$46)) | N17: =IF($B17="","",IF('Round 6'!$S$31=0,"",'Round 6'!$F$46)) | O17: =IF($B17="","",IF('Round 6'!$S$31=0,"",'Round 6'!$Q$46)) | P17: =IF($B17="","",IF('Round 7'!$S$31=0,"",'Round 7'!$F$46)) | Q17: =IF($B17="","",IF('Round 7'!$S$31=0,"",'Round 7'!$Q$46)) | R17: =IF($B17="","",IF('Round 8'!$S$31=0,"",'Round 8'!$F$46)) | S17: =IF($B17="","",IF('Round 8'!$S$31=0,"",'Round 8'!$Q$46)) | T17: =IF($B17="","",IF('Round 9'!$S$31=0,"",'Round 9'!$F$46)) | U17: =IF($B17="","",IF('Round 9'!$S$31=0,"",'Round 9'!$Q$46)) | V17: =IF($B17="","",IF('Round 10'!$S$31=0,"",'Round 10'!$F$46)) | W17: =IF($B17="","",IF('Round 10'!$S$31=0,"",'Round 10'!$Q$46)) | Y17: =IF(OR($B17="",$Y$1=0),0,CHOOSE($Y$1,'Round 1'!$P$46,'Round 2'!$P$46,'Round 3'!$P$46,'Round 4'!$P$46,'Round 5'!$P$46,'Round 6'!$P$46,'Round 7'!$P$46,'Round 8'!$P$46,'Round 9'!$P$46,'Round 10'!$P$46))
A18: =IF($B18="","",1+SUMPRODUCT(($B$3:$B$34<>"")*(($C$3:$C$34>C18)+(($C$3:$C$34=C18)*($Y$3:$Y$34>Y18))))) | B18: =IF(Setup!B20="","",Setup!B20) | C18: =IF($B18="","",SUM(D18,F18,H18,J18,L18,N18,P18,R18,T18,V18)) | D18: =IF($B18="","",IF('Round 1'!$S$31=0,"",'Round 1'!$F$47)) | E18: =IF($B18="","",IF('Round 1'!$S$31=0,"",'Round 1'!$Q$47)) | F18: =IF($B18="","",IF('Round 2'!$S$31=0,"",'Round 2'!$F$47)) | G18: =IF($B18="","",IF('Round 2'!$S$31=0,"",'Round 2'!$Q$47)) | H18: =IF($B18="","",IF('Round 3'!$S$31=0,"",'Round 3'!$F$47)) | I18: =IF($B18="","",IF('Round 3'!$S$31=0,"",'Round 3'!$Q$47)) | J18: =IF($B18="","",IF('Round 4'!$S$31=0,"",'Round 4'!$F$47)) | K18: =IF($B18="","",IF('Round 4'!$S$31=0,"",'Round 4'!$Q$47)) | L18: =IF($B18="","",IF('Round 5'!$S$31=0,"",'Round 5'!$F$47)) | M18: =IF($B18="","",IF('Round 5'!$S$31=0,"",'Round 5'!$Q$47)) | N18: =IF($B18="","",IF('Round 6'!$S$31=0,"",'Round 6'!$F$47)) | O18: =IF($B18="","",IF('Round 6'!$S$31=0,"",'Round 6'!$Q$47)) | P18: =IF($B18="","",IF('Round 7'!$S$31=0,"",'Round 7'!$F$47)) | Q18: =IF($B18="","",IF('Round 7'!$S$31=0,"",'Round 7'!$Q$47)) | R18: =IF($B18="","",IF('Round 8'!$S$31=0,"",'Round 8'!$F$47)) | S18: =IF($B18="","",IF('Round 8'!$S$31=0,"",'Round 8'!$Q$47)) | T18: =IF($B18="","",IF('Round 9'!$S$31=0,"",'Round 9'!$F$47)) | U18: =IF($B18="","",IF('Round 9'!$S$31=0,"",'Round 9'!$Q$47)) | V18: =IF($B18="","",IF('Round 10'!$S$31=0,"",'Round 10'!$F$47)) | W18: =IF($B18="","",IF('Round 10'!$S$31=0,"",'Round 10'!$Q$47)) | Y18: =IF(OR($B18="",$Y$1=0),0,CHOOSE($Y$1,'Round 1'!$P$47,'Round 2'!$P$47,'Round 3'!$P$47,'Round 4'!$P$47,'Round 5'!$P$47,'Round 6'!$P$47,'Round 7'!$P$47,'Round 8'!$P$47,'Round 9'!$P$47,'Round 10'!$P$47))
A19: =IF($B19="","",1+SUMPRODUCT(($B$3:$B$34<>"")*(($C$3:$C$34>C19)+(($C$3:$C$34=C19)*($Y$3:$Y$34>Y19))))) | B19: =IF(Setup!B21="","",Setup!B21) | C19: =IF($B19="","",SUM(D19,F19,H19,J19,L19,N19,P19,R19,T19,V19)) | D19: =IF($B19="","",IF('Round 1'!$S$31=0,"",'Round 1'!$F$48)) | E19: =IF($B19="","",IF('Round 1'!$S$31=0,"",'Round 1'!$Q$48)) | F19: =IF($B19="","",IF('Round 2'!$S$31=0,"",'Round 2'!$F$48)) | G19: =IF($B19="","",IF('Round 2'!$S$31=0,"",'Round 2'!$Q$48)) | H19: =IF($B19="","",IF('Round 3'!$S$31=0,"",'Round 3'!$F$48)) | I19: =IF($B19="","",IF('Round 3'!$S$31=0,"",'Round 3'!$Q$48)) | J19: =IF($B19="","",IF('Round 4'!$S$31=0,"",'Round 4'!$F$48)) | K19: =IF($B19="","",IF('Round 4'!$S$31=0,"",'Round 4'!$Q$48)) | L19: =IF($B19="","",IF('Round 5'!$S$31=0,"",'Round 5'!$F$48)) | M19: =IF($B19="","",IF('Round 5'!$S$31=0,"",'Round 5'!$Q$48)) | N19: =IF($B19="","",IF('Round 6'!$S$31=0,"",'Round 6'!$F$48)) | O19: =IF($B19="","",IF('Round 6'!$S$31=0,"",'Round 6'!$Q$48)) | P19: =IF($B19="","",IF('Round 7'!$S$31=0,"",'Round 7'!$F$48)) | Q19: =IF($B19="","",IF('Round 7'!$S$31=0,"",'Round 7'!$Q$48)) | R19: =IF($B19="","",IF('Round 8'!$S$31=0,"",'Round 8'!$F$48)) | S19: =IF($B19="","",IF('Round 8'!$S$31=0,"",'Round 8'!$Q$48)) | T19: =IF($B19="","",IF('Round 9'!$S$31=0,"",'Round 9'!$F$48)) | U19: =IF($B19="","",IF('Round 9'!$S$31=0,"",'Round 9'!$Q$48)) | V19: =IF($B19="","",IF('Round 10'!$S$31=0,"",'Round 10'!$F$48)) | W19: =IF($B19="","",IF('Round 10'!$S$31=0,"",'Round 10'!$Q$48)) | Y19: =IF(OR($B19="",$Y$1=0),0,CHOOSE($Y$1,'Round 1'!$P$48,'Round 2'!$P$48,'Round 3'!$P$48,'Round 4'!$P$48,'Round 5'!$P$48,'Round 6'!$P$48,'Round 7'!$P$48,'Round 8'!$P$48,'Round 9'!$P$48,'Round 10'!$P$48))
A20: =IF($B20="","",1+SUMPRODUCT(($B$3:$B$34<>"")*(($C$3:$C$34>C20)+(($C$3:$C$34=C20)*($Y$3:$Y$34>Y20))))) | B20: =IF(Setup!B22="","",Setup!B22) | C20: =IF($B20="","",SUM(D20,F20,H20,J20,L20,N20,P20,R20,T20,V20)) | D20: =IF($B20="","",IF('Round 1'!$S$31=0,"",'Round 1'!$F$49)) | E20: =IF($B20="","",IF('Round 1'!$S$31=0,"",'Round 1'!$Q$49)) | F20: =IF($B20="","",IF('Round 2'!$S$31=0,"",'Round 2'!$F$49)) | G20: =IF($B20="","",IF('Round 2'!$S$31=0,"",'Round 2'!$Q$49)) | H20: =IF($B20="","",IF('Round 3'!$S$31=0,"",'Round 3'!$F$49)) | I20: =IF($B20="","",IF('Round 3'!$S$31=0,"",'Round 3'!$Q$49)) | J20: =IF($B20="","",IF('Round 4'!$S$31=0,"",'Round 4'!$F$49)) | K20: =IF($B20="","",IF('Round 4'!$S$31=0,"",'Round 4'!$Q$49)) | L20: =IF($B20="","",IF('Round 5'!$S$31=0,"",'Round 5'!$F$49)) | M20: =IF($B20="","",IF('Round 5'!$S$31=0,"",'Round 5'!$Q$49)) | N20: =IF($B20="","",IF('Round 6'!$S$31=0,"",'Round 6'!$F$49)) | O20: =IF($B20="","",IF('Round 6'!$S$31=0,"",'Round 6'!$Q$49)) | P20: =IF($B20="","",IF('Round 7'!$S$31=0,"",'Round 7'!$F$49)) | Q20: =IF($B20="","",IF('Round 7'!$S$31=0,"",'Round 7'!$Q$49)) | R20: =IF($B20="","",IF('Round 8'!$S$31=0,"",'Round 8'!$F$49)) | S20: =IF($B20="","",IF('Round 8'!$S$31=0,"",'Round 8'!$Q$49)) | T20: =IF($B20="","",IF('Round 9'!$S$31=0,"",'Round 9'!$F$49)) | U20: =IF($B20="","",IF('Round 9'!$S$31=0,"",'Round 9'!$Q$49)) | V20: =IF($B20="","",IF('Round 10'!$S$31=0,"",'Round 10'!$F$49)) | W20: =IF($B20="","",IF('Round 10'!$S$31=0,"",'Round 10'!$Q$49)) | Y20: =IF(OR($B20="",$Y$1=0),0,CHOOSE($Y$1,'Round 1'!$P$49,'Round 2'!$P$49,'Round 3'!$P$49,'Round 4'!$P$49,'Round 5'!$P$49,'Round 6'!$P$49,'Round 7'!$P$49,'Round 8'!$P$49,'Round 9'!$P$49,'Round 10'!$P$49))
A21: =IF($B21="","",1+SUMPRODUCT(($B$3:$B$34<>"")*(($C$3:$C$34>C21)+(($C$3:$C$34=C21)*($Y$3:$Y$34>Y21))))) | B21: =IF(Setup!B23="","",Setup!B23) | C21: =IF($B21="","",SUM(D21,F21,H21,J21,L21,N21,P21,R21,T21,V21)) | D21: =IF($B21="","",IF('Round 1'!$S$31=0,"",'Round 1'!$F$50)) | E21: =IF($B21="","",IF('Round 1'!$S$31=0,"",'Round 1'!$Q$50)) | F21: =IF($B21="","",IF('Round 2'!$S$31=0,"",'Round 2'!$F$50)) | G21: =IF($B21="","",IF('Round 2'!$S$31=0,"",'Round 2'!$Q$50)) | H21: =IF($B21="","",IF('Round 3'!$S$31=0,"",'Round 3'!$F$50)) | I21: =IF($B21="","",IF('Round 3'!$S$31=0,"",'Round 3'!$Q$50)) | J21: =IF($B21="","",IF('Round 4'!$S$31=0,"",'Round 4'!$F$50)) | K21: =IF($B21="","",IF('Round 4'!$S$31=0,"",'Round 4'!$Q$50)) | L21: =IF($B21="","",IF('Round 5'!$S$31=0,"",'Round 5'!$F$50)) | M21: =IF($B21="","",IF('Round 5'!$S$31=0,"",'Round 5'!$Q$50)) | N21: =IF($B21="","",IF('Round 6'!$S$31=0,"",'Round 6'!$F$50)) | O21: =IF($B21="","",IF('Round 6'!$S$31=0,"",'Round 6'!$Q$50)) | P21: =IF($B21="","",IF('Round 7'!$S$31=0,"",'Round 7'!$F$50)) | Q21: =IF($B21="","",IF('Round 7'!$S$31=0,"",'Round 7'!$Q$50)) | R21: =IF($B21="","",IF('Round 8'!$S$31=0,"",'Round 8'!$F$50)) | S21: =IF($B21="","",IF('Round 8'!$S$31=0,"",'Round 8'!$Q$50)) | T21: =IF($B21="","",IF('Round 9'!$S$31=0,"",'Round 9'!$F$50)) | U21: =IF($B21="","",IF('Round 9'!$S$31=0,"",'Round 9'!$Q$50)) | V21: =IF($B21="","",IF('Round 10'!$S$31=0,"",'Round 10'!$F$50)) | W21: =IF($B21="","",IF('Round 10'!$S$31=0,"",'Round 10'!$Q$50)) | Y21: =IF(OR($B21="",$Y$1=0),0,CHOOSE($Y$1,'Round 1'!$P$50,'Round 2'!$P$50,'Round 3'!$P$50,'Round 4'!$P$50,'Round 5'!$P$50,'Round 6'!$P$50,'Round 7'!$P$50,'Round 8'!$P$50,'Round 9'!$P$50,'Round 10'!$P$50))
A22: =IF($B22="","",1+SUMPRODUCT(($B$3:$B$34<>"")*(($C$3:$C$34>C22)+(($C$3:$C$34=C22)*($Y$3:$Y$34>Y22))))) | B22: =IF(Setup!B24="","",Setup!B24) | C22: =IF($B22="","",SUM(D22,F22,H22,J22,L22,N22,P22,R22,T22,V22)) | D22: =IF($B22="","",IF('Round 1'!$S$31=0,"",'Round 1'!$F$51)) | E22: =IF($B22="","",IF('Round 1'!$S$31=0,"",'Round 1'!$Q$51)) | F22: =IF($B22="","",IF('Round 2'!$S$31=0,"",'Round 2'!$F$51)) | G22: =IF($B22="","",IF('Round 2'!$S$31=0,"",'Round 2'!$Q$51)) | H22: =IF($B22="","",IF('Round 3'!$S$31=0,"",'Round 3'!$F$51)) | I22: =IF($B22="","",IF('Round 3'!$S$31=0,"",'Round 3'!$Q$51)) | J22: =IF($B22="","",IF('Round 4'!$S$31=0,"",'Round 4'!$F$51)) | K22: =IF($B22="","",IF('Round 4'!$S$31=0,"",'Round 4'!$Q$51)) | L22: =IF($B22="","",IF('Round 5'!$S$31=0,"",'Round 5'!$F$51)) | M22: =IF($B22="","",IF('Round 5'!$S$31=0,"",'Round 5'!$Q$51)) | N22: =IF($B22="","",IF('Round 6'!$S$31=0,"",'Round 6'!$F$51)) | O22: =IF($B22="","",IF('Round 6'!$S$31=0,"",'Round 6'!$Q$51)) | P22: =IF($B22="","",IF('Round 7'!$S$31=0,"",'Round 7'!$F$51)) | Q22: =IF($B22="","",IF('Round 7'!$S$31=0,"",'Round 7'!$Q$51)) | R22: =IF($B22="","",IF('Round 8'!$S$31=0,"",'Round 8'!$F$51)) | S22: =IF($B22="","",IF('Round 8'!$S$31=0,"",'Round 8'!$Q$51)) | T22: =IF($B22="","",IF('Round 9'!$S$31=0,"",'Round 9'!$F$51)) | U22: =IF($B22="","",IF('Round 9'!$S$31=0,"",'Round 9'!$Q$51)) | V22: =IF($B22="","",IF('Round 10'!$S$31=0,"",'Round 10'!$F$51)) | W22: =IF($B22="","",IF('Round 10'!$S$31=0,"",'Round 10'!$Q$51)) | Y22: =IF(OR($B22="",$Y$1=0),0,CHOOSE($Y$1,'Round 1'!$P$51,'Round 2'!$P$51,'Round 3'!$P$51,'Round 4'!$P$51,'Round 5'!$P$51,'Round 6'!$P$51,'Round 7'!$P$51,'Round 8'!$P$51,'Round 9'!$P$51,'Round 10'!$P$51))
A23: =IF($B23="","",1+SUMPRODUCT(($B$3:$B$34<>"")*(($C$3:$C$34>C23)+(($C$3:$C$34=C23)*($Y$3:$Y$34>Y23))))) | B23: =IF(Setup!B25="","",Setup!B25) | C23: =IF($B23="","",SUM(D23,F23,H23,J23,L23,N23,P23,R23,T23,V23)) | D23: =IF($B23="","",IF('Round 1'!$S$31=0,"",'Round 1'!$F$52)) | E23: =IF($B23="","",IF('Round 1'!$S$31=0,"",'Round 1'!$Q$52)) | F23: =IF($B23="","",IF('Round 2'!$S$31=0,"",'Round 2'!$F$52)) | G23: =IF($B23="","",IF('Round 2'!$S$31=0,"",'Round 2'!$Q$52)) | H23: =IF($B23="","",IF('Round 3'!$S$31=0,"",'Round 3'!$F$52)) | I23: =IF($B23="","",IF('Round 3'!$S$31=0,"",'Round 3'!$Q$52)) | J23: =IF($B23="","",IF('Round 4'!$S$31=0,"",'Round 4'!$F$52)) | K23: =IF($B23="","",IF('Round 4'!$S$31=0,"",'Round 4'!$Q$52)) | L23: =IF($B23="","",IF('Round 5'!$S$31=0,"",'Round 5'!$F$52)) | M23: =IF($B23="","",IF('Round 5'!$S$31=0,"",'Round 5'!$Q$52)) | N23: =IF($B23="","",IF('Round 6'!$S$31=0,"",'Round 6'!$F$52)) | O23: =IF($B23="","",IF('Round 6'!$S$31=0,"",'Round 6'!$Q$52)) | P23: =IF($B23="","",IF('Round 7'!$S$31=0,"",'Round 7'!$F$52)) | Q23: =IF($B23="","",IF('Round 7'!$S$31=0,"",'Round 7'!$Q$52)) | R23: =IF($B23="","",IF('Round 8'!$S$31=0,"",'Round 8'!$F$52)) | S23: =IF($B23="","",IF('Round 8'!$S$31=0,"",'Round 8'!$Q$52)) | T23: =IF($B23="","",IF('Round 9'!$S$31=0,"",'Round 9'!$F$52)) | U23: =IF($B23="","",IF('Round 9'!$S$31=0,"",'Round 9'!$Q$52)) | V23: =IF($B23="","",IF('Round 10'!$S$31=0,"",'Round 10'!$F$52)) | W23: =IF($B23="","",IF('Round 10'!$S$31=0,"",'Round 10'!$Q$52)) | Y23: =IF(OR($B23="",$Y$1=0),0,CHOOSE($Y$1,'Round 1'!$P$52,'Round 2'!$P$52,'Round 3'!$P$52,'Round 4'!$P$52,'Round 5'!$P$52,'Round 6'!$P$52,'Round 7'!$P$52,'Round 8'!$P$52,'Round 9'!$P$52,'Round 10'!$P$52))
A24: =IF($B24="","",1+SUMPRODUCT(($B$3:$B$34<>"")*(($C$3:$C$34>C24)+(($C$3:$C$34=C24)*($Y$3:$Y$34>Y24))))) | B24: =IF(Setup!B26="","",Setup!B26) | C24: =IF($B24="","",SUM(D24,F24,H24,J24,L24,N24,P24,R24,T24,V24)) | D24: =IF($B24="","",IF('Round 1'!$S$31=0,"",'Round 1'!$F$53)) | E24: =IF($B24="","",IF('Round 1'!$S$31=0,"",'Round 1'!$Q$53)) | F24: =IF($B24="","",IF('Round 2'!$S$31=0,"",'Round 2'!$F$53)) | G24: =IF($B24="","",IF('Round 2'!$S$31=0,"",'Round 2'!$Q$53)) | H24: =IF($B24="","",IF('Round 3'!$S$31=0,"",'Round 3'!$F$53)) | I24: =IF($B24="","",IF('Round 3'!$S$31=0,"",'Round 3'!$Q$53)) | J24: =IF($B24="","",IF('Round 4'!$S$31=0,"",'Round 4'!$F$53)) | K24: =IF($B24="","",IF('Round 4'!$S$31=0,"",'Round 4'!$Q$53)) | L24: =IF($B24="","",IF('Round 5'!$S$31=0,"",'Round 5'!$F$53)) | M24: =IF($B24="","",IF('Round 5'!$S$31=0,"",'Round 5'!$Q$53)) | N24: =IF($B24="","",IF('Round 6'!$S$31=0,"",'Round 6'!$F$53)) | O24: =IF($B24="","",IF('Round 6'!$S$31=0,"",'Round 6'!$Q$53)) | P24: =IF($B24="","",IF('Round 7'!$S$31=0,"",'Round 7'!$F$53)) | Q24: =IF($B24="","",IF('Round 7'!$S$31=0,"",'Round 7'!$Q$53)) | R24: =IF($B24="","",IF('Round 8'!$S$31=0,"",'Round 8'!$F$53)) | S24: =IF($B24="","",IF('Round 8'!$S$31=0,"",'Round 8'!$Q$53)) | T24: =IF($B24="","",IF('Round 9'!$S$31=0,"",'Round 9'!$F$53)) | U24: =IF($B24="","",IF('Round 9'!$S$31=0,"",'Round 9'!$Q$53)) | V24: =IF($B24="","",IF('Round 10'!$S$31=0,"",'Round 10'!$F$53)) | W24: =IF($B24="","",IF('Round 10'!$S$31=0,"",'Round 10'!$Q$53)) | Y24: =IF(OR($B24="",$Y$1=0),0,CHOOSE($Y$1,'Round 1'!$P$53,'Round 2'!$P$53,'Round 3'!$P$53,'Round 4'!$P$53,'Round 5'!$P$53,'Round 6'!$P$53,'Round 7'!$P$53,'Round 8'!$P$53,'Round 9'!$P$53,'Round 10'!$P$53))
A25: =IF($B25="","",1+SUMPRODUCT(($B$3:$B$34<>"")*(($C$3:$C$34>C25)+(($C$3:$C$34=C25)*($Y$3:$Y$34>Y25))))) | B25: =IF(Setup!B27="","",Setup!B27) | C25: =IF($B25="","",SUM(D25,F25,H25,J25,L25,N25,P25,R25,T25,V25)) | D25: =IF($B25="","",IF('Round 1'!$S$31=0,"",'Round 1'!$F$54)) | E25: =IF($B25="","",IF('Round 1'!$S$31=0,"",'Round 1'!$Q$54)) | F25: =IF($B25="","",IF('Round 2'!$S$31=0,"",'Round 2'!$F$54)) | G25: =IF($B25="","",IF('Round 2'!$S$31=0,"",'Round 2'!$Q$54)) | H25: =IF($B25="","",IF('Round 3'!$S$31=0,"",'Round 3'!$F$54)) | I25: =IF($B25="","",IF('Round 3'!$S$31=0,"",'Round 3'!$Q$54)) | J25: =IF($B25="","",IF('Round 4'!$S$31=0,"",'Round 4'!$F$54)) | K25: =IF($B25="","",IF('Round 4'!$S$31=0,"",'Round 4'!$Q$54)) | L25: =IF($B25="","",IF('Round 5'!$S$31=0,"",'Round 5'!$F$54)) | M25: =IF($B25="","",IF('Round 5'!$S$31=0,"",'Round 5'!$Q$54)) | N25: =IF($B25="","",IF('Round 6'!$S$31=0,"",'Round 6'!$F$54)) | O25: =IF($B25="","",IF('Round 6'!$S$31=0,"",'Round 6'!$Q$54)) | P25: =IF($B25="","",IF('Round 7'!$S$31=0,"",'Round 7'!$F$54)) | Q25: =IF($B25="","",IF('Round 7'!$S$31=0,"",'Round 7'!$Q$54)) | R25: =IF($B25="","",IF('Round 8'!$S$31=0,"",'Round 8'!$F$54)) | S25: =IF($B25="","",IF('Round 8'!$S$31=0,"",'Round 8'!$Q$54)) | T25: =IF($B25="","",IF('Round 9'!$S$31=0,"",'Round 9'!$F$54)) | U25: =IF($B25="","",IF('Round 9'!$S$31=0,"",'Round 9'!$Q$54)) | V25: =IF($B25="","",IF('Round 10'!$S$31=0,"",'Round 10'!$F$54)) | W25: =IF($B25="","",IF('Round 10'!$S$31=0,"",'Round 10'!$Q$54)) | Y25: =IF(OR($B25="",$Y$1=0),0,CHOOSE($Y$1,'Round 1'!$P$54,'Round 2'!$P$54,'Round 3'!$P$54,'Round 4'!$P$54,'Round 5'!$P$54,'Round 6'!$P$54,'Round 7'!$P$54,'Round 8'!$P$54,'Round 9'!$P$54,'Round 10'!$P$54))
A26: =IF($B26="","",1+SUMPRODUCT(($B$3:$B$34<>"")*(($C$3:$C$34>C26)+(($C$3:$C$34=C26)*($Y$3:$Y$34>Y26))))) | B26: =IF(Setup!B28="","",Setup!B28) | C26: =IF($B26="","",SUM(D26,F26,H26,J26,L26,N26,P26,R26,T26,V26)) | D26: =IF($B26="","",IF('Round 1'!$S$31=0,"",'Round 1'!$F$55)) | E26: =IF($B26="","",IF('Round 1'!$S$31=0,"",'Round 1'!$Q$55)) | F26: =IF($B26="","",IF('Round 2'!$S$31=0,"",'Round 2'!$F$55)) | G26: =IF($B26="","",IF('Round 2'!$S$31=0,"",'Round 2'!$Q$55)) | H26: =IF($B26="","",IF('Round 3'!$S$31=0,"",'Round 3'!$F$55)) | I26: =IF($B26="","",IF('Round 3'!$S$31=0,"",'Round 3'!$Q$55)) | J26: =IF($B26="","",IF('Round 4'!$S$31=0,"",'Round 4'!$F$55)) | K26: =IF($B26="","",IF('Round 4'!$S$31=0,"",'Round 4'!$Q$55)) | L26: =IF($B26="","",IF('Round 5'!$S$31=0,"",'Round 5'!$F$55)) | M26: =IF($B26="","",IF('Round 5'!$S$31=0,"",'Round 5'!$Q$55)) | N26: =IF($B26="","",IF('Round 6'!$S$31=0,"",'Round 6'!$F$55)) | O26: =IF($B26="","",IF('Round 6'!$S$31=0,"",'Round 6'!$Q$55)) | P26: =IF($B26="","",IF('Round 7'!$S$31=0,"",'Round 7'!$F$55)) | Q26: =IF($B26="","",IF('Round 7'!$S$31=0,"",'Round 7'!$Q$55)) | R26: =IF($B26="","",IF('Round 8'!$S$31=0,"",'Round 8'!$F$55)) | S26: =IF($B26="","",IF('Round 8'!$S$31=0,"",'Round 8'!$Q$55)) | T26: =IF($B26="","",IF('Round 9'!$S$31=0,"",'Round 9'!$F$55)) | U26: =IF($B26="","",IF('Round 9'!$S$31=0,"",'Round 9'!$Q$55)) | V26: =IF($B26="","",IF('Round 10'!$S$31=0,"",'Round 10'!$F$55)) | W26: =IF($B26="","",IF('Round 10'!$S$31=0,"",'Round 10'!$Q$55)) | Y26: =IF(OR($B26="",$Y$1=0),0,CHOOSE($Y$1,'Round 1'!$P$55,'Round 2'!$P$55,'Round 3'!$P$55,'Round 4'!$P$55,'Round 5'!$P$55,'Round 6'!$P$55,'Round 7'!$P$55,'Round 8'!$P$55,'Round 9'!$P$55,'Round 10'!$P$55))
A27: =IF($B27="","",1+SUMPRODUCT(($B$3:$B$34<>"")*(($C$3:$C$34>C27)+(($C$3:$C$34=C27)*($Y$3:$Y$34>Y27))))) | B27: =IF(Setup!B29="","",Setup!B29) | C27: =IF($B27="","",SUM(D27,F27,H27,J27,L27,N27,P27,R27,T27,V27)) | D27: =IF($B27="","",IF('Round 1'!$S$31=0,"",'Round 1'!$F$56)) | E27: =IF($B27="","",IF('Round 1'!$S$31=0,"",'Round 1'!$Q$56)) | F27: =IF($B27="","",IF('Round 2'!$S$31=0,"",'Round 2'!$F$56)) | G27: =IF($B27="","",IF('Round 2'!$S$31=0,"",'Round 2'!$Q$56)) | H27: =IF($B27="","",IF('Round 3'!$S$31=0,"",'Round 3'!$F$56)) | I27: =IF($B27="","",IF('Round 3'!$S$31=0,"",'Round 3'!$Q$56)) | J27: =IF($B27="","",IF('Round 4'!$S$31=0,"",'Round 4'!$F$56)) | K27: =IF($B27="","",IF('Round 4'!$S$31=0,"",'Round 4'!$Q$56)) | L27: =IF($B27="","",IF('Round 5'!$S$31=0,"",'Round 5'!$F$56)) | M27: =IF($B27="","",IF('Round 5'!$S$31=0,"",'Round 5'!$Q$56)) | N27: =IF($B27="","",IF('Round 6'!$S$31=0,"",'Round 6'!$F$56)) | O27: =IF($B27="","",IF('Round 6'!$S$31=0,"",'Round 6'!$Q$56)) | P27: =IF($B27="","",IF('Round 7'!$S$31=0,"",'Round 7'!$F$56)) | Q27: =IF($B27="","",IF('Round 7'!$S$31=0,"",'Round 7'!$Q$56)) | R27: =IF($B27="","",IF('Round 8'!$S$31=0,"",'Round 8'!$F$56)) | S27: =IF($B27="","",IF('Round 8'!$S$31=0,"",'Round 8'!$Q$56)) | T27: =IF($B27="","",IF('Round 9'!$S$31=0,"",'Round 9'!$F$56)) | U27: =IF($B27="","",IF('Round 9'!$S$31=0,"",'Round 9'!$Q$56)) | V27: =IF($B27="","",IF('Round 10'!$S$31=0,"",'Round 10'!$F$56)) | W27: =IF($B27="","",IF('Round 10'!$S$31=0,"",'Round 10'!$Q$56)) | Y27: =IF(OR($B27="",$Y$1=0),0,CHOOSE($Y$1,'Round 1'!$P$56,'Round 2'!$P$56,'Round 3'!$P$56,'Round 4'!$P$56,'Round 5'!$P$56,'Round 6'!$P$56,'Round 7'!$P$56,'Round 8'!$P$56,'Round 9'!$P$56,'Round 10'!$P$56))
A28: =IF($B28="","",1+SUMPRODUCT(($B$3:$B$34<>"")*(($C$3:$C$34>C28)+(($C$3:$C$34=C28)*($Y$3:$Y$34>Y28))))) | B28: =IF(Setup!B30="","",Setup!B30) | C28: =IF($B28="","",SUM(D28,F28,H28,J28,L28,N28,P28,R28,T28,V28)) | D28: =IF($B28="","",IF('Round 1'!$S$31=0,"",'Round 1'!$F$57)) | E28: =IF($B28="","",IF('Round 1'!$S$31=0,"",'Round 1'!$Q$57)) | F28: =IF($B28="","",IF('Round 2'!$S$31=0,"",'Round 2'!$F$57)) | G28: =IF($B28="","",IF('Round 2'!$S$31=0,"",'Round 2'!$Q$57)) | H28: =IF($B28="","",IF('Round 3'!$S$31=0,"",'Round 3'!$F$57)) | I28: =IF($B28="","",IF('Round 3'!$S$31=0,"",'Round 3'!$Q$57)) | J28: =IF($B28="","",IF('Round 4'!$S$31=0,"",'Round 4'!$F$57)) | K28: =IF($B28="","",IF('Round 4'!$S$31=0,"",'Round 4'!$Q$57)) | L28: =IF($B28="","",IF('Round 5'!$S$31=0,"",'Round 5'!$F$57)) | M28: =IF($B28="","",IF('Round 5'!$S$31=0,"",'Round 5'!$Q$57)) | N28: =IF($B28="","",IF('Round 6'!$S$31=0,"",'Round 6'!$F$57)) | O28: =IF($B28="","",IF('Round 6'!$S$31=0,"",'Round 6'!$Q$57)) | P28: =IF($B28="","",IF('Round 7'!$S$31=0,"",'Round 7'!$F$57)) | Q28: =IF($B28="","",IF('Round 7'!$S$31=0,"",'Round 7'!$Q$57)) | R28: =IF($B28="","",IF('Round 8'!$S$31=0,"",'Round 8'!$F$57)) | S28: =IF($B28="","",IF('Round 8'!$S$31=0,"",'Round 8'!$Q$57)) | T28: =IF($B28="","",IF('Round 9'!$S$31=0,"",'Round 9'!$F$57)) | U28: =IF($B28="","",IF('Round 9'!$S$31=0,"",'Round 9'!$Q$57)) | V28: =IF($B28="","",IF('Round 10'!$S$31=0,"",'Round 10'!$F$57)) | W28: =IF($B28="","",IF('Round 10'!$S$31=0,"",'Round 10'!$Q$57)) | Y28: =IF(OR($B28="",$Y$1=0),0,CHOOSE($Y$1,'Round 1'!$P$57,'Round 2'!$P$57,'Round 3'!$P$57,'Round 4'!$P$57,'Round 5'!$P$57,'Round 6'!$P$57,'Round 7'!$P$57,'Round 8'!$P$57,'Round 9'!$P$57,'Round 10'!$P$57))
A29: =IF($B29="","",1+SUMPRODUCT(($B$3:$B$34<>"")*(($C$3:$C$34>C29)+(($C$3:$C$34=C29)*($Y$3:$Y$34>Y29))))) | B29: =IF(Setup!B31="","",Setup!B31) | C29: =IF($B29="","",SUM(D29,F29,H29,J29,L29,N29,P29,R29,T29,V29)) | D29: =IF($B29="","",IF('Round 1'!$S$31=0,"",'Round 1'!$F$58)) | E29: =IF($B29="","",IF('Round 1'!$S$31=0,"",'Round 1'!$Q$58)) | F29: =IF($B29="","",IF('Round 2'!$S$31=0,"",'Round 2'!$F$58)) | G29: =IF($B29="","",IF('Round 2'!$S$31=0,"",'Round 2'!$Q$58)) | H29: =IF($B29="","",IF('Round 3'!$S$31=0,"",'Round 3'!$F$58)) | I29: =IF($B29="","",IF('Round 3'!$S$31=0,"",'Round 3'!$Q$58)) | J29: =IF($B29="","",IF('Round 4'!$S$31=0,"",'Round 4'!$F$58)) | K29: =IF($B29="","",IF('Round 4'!$S$31=0,"",'Round 4'!$Q$58)) | L29: =IF($B29="","",IF('Round 5'!$S$31=0,"",'Round 5'!$F$58)) | M29: =IF($B29="","",IF('Round 5'!$S$31=0,"",'Round 5'!$Q$58)) | N29: =IF($B29="","",IF('Round 6'!$S$31=0,"",'Round 6'!$F$58)) | O29: =IF($B29="","",IF('Round 6'!$S$31=0,"",'Round 6'!$Q$58)) | P29: =IF($B29="","",IF('Round 7'!$S$31=0,"",'Round 7'!$F$58)) | Q29: =IF($B29="","",IF('Round 7'!$S$31=0,"",'Round 7'!$Q$58)) | R29: =IF($B29="","",IF('Round 8'!$S$31=0,"",'Round 8'!$F$58)) | S29: =IF($B29="","",IF('Round 8'!$S$31=0,"",'Round 8'!$Q$58)) | T29: =IF($B29="","",IF('Round 9'!$S$31=0,"",'Round 9'!$F$58)) | U29: =IF($B29="","",IF('Round 9'!$S$31=0,"",'Round 9'!$Q$58)) | V29: =IF($B29="","",IF('Round 10'!$S$31=0,"",'Round 10'!$F$58)) | W29: =IF($B29="","",IF('Round 10'!$S$31=0,"",'Round 10'!$Q$58)) | Y29: =IF(OR($B29="",$Y$1=0),0,CHOOSE($Y$1,'Round 1'!$P$58,'Round 2'!$P$58,'Round 3'!$P$58,'Round 4'!$P$58,'Round 5'!$P$58,'Round 6'!$P$58,'Round 7'!$P$58,'Round 8'!$P$58,'Round 9'!$P$58,'Round 10'!$P$58))
A30: =IF($B30="","",1+SUMPRODUCT(($B$3:$B$34<>"")*(($C$3:$C$34>C30)+(($C$3:$C$34=C30)*($Y$3:$Y$34>Y30))))) | B30: =IF(Setup!B32="","",Setup!B32) | C30: =IF($B30="","",SUM(D30,F30,H30,J30,L30,N30,P30,R30,T30,V30)) | D30: =IF($B30="","",IF('Round 1'!$S$31=0,"",'Round 1'!$F$59)) | E30: =IF($B30="","",IF('Round 1'!$S$31=0,"",'Round 1'!$Q$59)) | F30: =IF($B30="","",IF('Round 2'!$S$31=0,"",'Round 2'!$F$59)) | G30: =IF($B30="","",IF('Round 2'!$S$31=0,"",'Round 2'!$Q$59)) | H30: =IF($B30="","",IF('Round 3'!$S$31=0,"",'Round 3'!$F$59)) | I30: =IF($B30="","",IF('Round 3'!$S$31=0,"",'Round 3'!$Q$59)) | J30: =IF($B30="","",IF('Round 4'!$S$31=0,"",'Round 4'!$F$59)) | K30: =IF($B30="","",IF('Round 4'!$S$31=0,"",'Round 4'!$Q$59)) | L30: =IF($B30="","",IF('Round 5'!$S$31=0,"",'Round 5'!$F$59)) | M30: =IF($B30="","",IF('Round 5'!$S$31=0,"",'Round 5'!$Q$59)) | N30: =IF($B30="","",IF('Round 6'!$S$31=0,"",'Round 6'!$F$59)) | O30: =IF($B30="","",IF('Round 6'!$S$31=0,"",'Round 6'!$Q$59)) | P30: =IF($B30="","",IF('Round 7'!$S$31=0,"",'Round 7'!$F$59)) | Q30: =IF($B30="","",IF('Round 7'!$S$31=0,"",'Round 7'!$Q$59)) | R30: =IF($B30="","",IF('Round 8'!$S$31=0,"",'Round 8'!$F$59)) | S30: =IF($B30="","",IF('Round 8'!$S$31=0,"",'Round 8'!$Q$59)) | T30: =IF($B30="","",IF('Round 9'!$S$31=0,"",'Round 9'!$F$59)) | U30: =IF($B30="","",IF('Round 9'!$S$31=0,"",'Round 9'!$Q$59)) | V30: =IF($B30="","",IF('Round 10'!$S$31=0,"",'Round 10'!$F$59)) | W30: =IF($B30="","",IF('Round 10'!$S$31=0,"",'Round 10'!$Q$59)) | Y30: =IF(OR($B30="",$Y$1=0),0,CHOOSE($Y$1,'Round 1'!$P$59,'Round 2'!$P$59,'Round 3'!$P$59,'Round 4'!$P$59,'Round 5'!$P$59,'Round 6'!$P$59,'Round 7'!$P$59,'Round 8'!$P$59,'Round 9'!$P$59,'Round 10'!$P$59))
A31: =IF($B31="","",1+SUMPRODUCT(($B$3:$B$34<>"")*(($C$3:$C$34>C31)+(($C$3:$C$34=C31)*($Y$3:$Y$34>Y31))))) | B31: =IF(Setup!B33="","",Setup!B33) | C31: =IF($B31="","",SUM(D31,F31,H31,J31,L31,N31,P31,R31,T31,V31)) | D31: =IF($B31="","",IF('Round 1'!$S$31=0,"",'Round 1'!$F$60)) | E31: =IF($B31="","",IF('Round 1'!$S$31=0,"",'Round 1'!$Q$60)) | F31: =IF($B31="","",IF('Round 2'!$S$31=0,"",'Round 2'!$F$60)) | G31: =IF($B31="","",IF('Round 2'!$S$31=0,"",'Round 2'!$Q$60)) | H31: =IF($B31="","",IF('Round 3'!$S$31=0,"",'Round 3'!$F$60)) | I31: =IF($B31="","",IF('Round 3'!$S$31=0,"",'Round 3'!$Q$60)) | J31: =IF($B31="","",IF('Round 4'!$S$31=0,"",'Round 4'!$F$60)) | K31: =IF($B31="","",IF('Round 4'!$S$31=0,"",'Round 4'!$Q$60)) | L31: =IF($B31="","",IF('Round 5'!$S$31=0,"",'Round 5'!$F$60)) | M31: =IF($B31="","",IF('Round 5'!$S$31=0,"",'Round 5'!$Q$60)) | N31: =IF($B31="","",IF('Round 6'!$S$31=0,"",'Round 6'!$F$60)) | O31: =IF($B31="","",IF('Round 6'!$S$31=0,"",'Round 6'!$Q$60)) | P31: =IF($B31="","",IF('Round 7'!$S$31=0,"",'Round 7'!$F$60)) | Q31: =IF($B31="","",IF('Round 7'!$S$31=0,"",'Round 7'!$Q$60)) | R31: =IF($B31="","",IF('Round 8'!$S$31=0,"",'Round 8'!$F$60)) | S31: =IF($B31="","",IF('Round 8'!$S$31=0,"",'Round 8'!$Q$60)) | T31: =IF($B31="","",IF('Round 9'!$S$31=0,"",'Round 9'!$F$60)) | U31: =IF($B31="","",IF('Round 9'!$S$31=0,"",'Round 9'!$Q$60)) | V31: =IF($B31="","",IF('Round 10'!$S$31=0,"",'Round 10'!$F$60)) | W31: =IF($B31="","",IF('Round 10'!$S$31=0,"",'Round 10'!$Q$60)) | Y31: =IF(OR($B31="",$Y$1=0),0,CHOOSE($Y$1,'Round 1'!$P$60,'Round 2'!$P$60,'Round 3'!$P$60,'Round 4'!$P$60,'Round 5'!$P$60,'Round 6'!$P$60,'Round 7'!$P$60,'Round 8'!$P$60,'Round 9'!$P$60,'Round 10'!$P$60))
A32: =IF($B32="","",1+SUMPRODUCT(($B$3:$B$34<>"")*(($C$3:$C$34>C32)+(($C$3:$C$34=C32)*($Y$3:$Y$34>Y32))))) | B32: =IF(Setup!B34="","",Setup!B34) | C32: =IF($B32="","",SUM(D32,F32,H32,J32,L32,N32,P32,R32,T32,V32)) | D32: =IF($B32="","",IF('Round 1'!$S$31=0,"",'Round 1'!$F$61)) | E32: =IF($B32="","",IF('Round 1'!$S$31=0,"",'Round 1'!$Q$61)) | F32: =IF($B32="","",IF('Round 2'!$S$31=0,"",'Round 2'!$F$61)) | G32: =IF($B32="","",IF('Round 2'!$S$31=0,"",'Round 2'!$Q$61)) | H32: =IF($B32="","",IF('Round 3'!$S$31=0,"",'Round 3'!$F$61)) | I32: =IF($B32="","",IF('Round 3'!$S$31=0,"",'Round 3'!$Q$61)) | J32: =IF($B32="","",IF('Round 4'!$S$31=0,"",'Round 4'!$F$61)) | K32: =IF($B32="","",IF('Round 4'!$S$31=0,"",'Round 4'!$Q$61)) | L32: =IF($B32="","",IF('Round 5'!$S$31=0,"",'Round 5'!$F$61)) | M32: =IF($B32="","",IF('Round 5'!$S$31=0,"",'Round 5'!$Q$61)) | N32: =IF($B32="","",IF('Round 6'!$S$31=0,"",'Round 6'!$F$61)) | O32: =IF($B32="","",IF('Round 6'!$S$31=0,"",'Round 6'!$Q$61)) | P32: =IF($B32="","",IF('Round 7'!$S$31=0,"",'Round 7'!$F$61)) | Q32: =IF($B32="","",IF('Round 7'!$S$31=0,"",'Round 7'!$Q$61)) | R32: =IF($B32="","",IF('Round 8'!$S$31=0,"",'Round 8'!$F$61)) | S32: =IF($B32="","",IF('Round 8'!$S$31=0,"",'Round 8'!$Q$61)) | T32: =IF($B32="","",IF('Round 9'!$S$31=0,"",'Round 9'!$F$61)) | U32: =IF($B32="","",IF('Round 9'!$S$31=0,"",'Round 9'!$Q$61)) | V32: =IF($B32="","",IF('Round 10'!$S$31=0,"",'Round 10'!$F$61)) | W32: =IF($B32="","",IF('Round 10'!$S$31=0,"",'Round 10'!$Q$61)) | Y32: =IF(OR($B32="",$Y$1=0),0,CHOOSE($Y$1,'Round 1'!$P$61,'Round 2'!$P$61,'Round 3'!$P$61,'Round 4'!$P$61,'Round 5'!$P$61,'Round 6'!$P$61,'Round 7'!$P$61,'Round 8'!$P$61,'Round 9'!$P$61,'Round 10'!$P$61))
A33: =IF($B33="","",1+SUMPRODUCT(($B$3:$B$34<>"")*(($C$3:$C$34>C33)+(($C$3:$C$34=C33)*($Y$3:$Y$34>Y33))))) | B33: =IF(Setup!B35="","",Setup!B35) | C33: =IF($B33="","",SUM(D33,F33,H33,J33,L33,N33,P33,R33,T33,V33)) | D33: =IF($B33="","",IF('Round 1'!$S$31=0,"",'Round 1'!$F$62)) | E33: =IF($B33="","",IF('Round 1'!$S$31=0,"",'Round 1'!$Q$62)) | F33: =IF($B33="","",IF('Round 2'!$S$31=0,"",'Round 2'!$F$62)) | G33: =IF($B33="","",IF('Round 2'!$S$31=0,"",'Round 2'!$Q$62)) | H33: =IF($B33="","",IF('Round 3'!$S$31=0,"",'Round 3'!$F$62)) | I33: =IF($B33="","",IF('Round 3'!$S$31=0,"",'Round 3'!$Q$62)) | J33: =IF($B33="","",IF('Round 4'!$S$31=0,"",'Round 4'!$F$62)) | K33: =IF($B33="","",IF('Round 4'!$S$31=0,"",'Round 4'!$Q$62)) | L33: =IF($B33="","",IF('Round 5'!$S$31=0,"",'Round 5'!$F$62)) | M33: =IF($B33="","",IF('Round 5'!$S$31=0,"",'Round 5'!$Q$62)) | N33: =IF($B33="","",IF('Round 6'!$S$31=0,"",'Round 6'!$F$62)) | O33: =IF($B33="","",IF('Round 6'!$S$31=0,"",'Round 6'!$Q$62)) | P33: =IF($B33="","",IF('Round 7'!$S$31=0,"",'Round 7'!$F$62)) | Q33: =IF($B33="","",IF('Round 7'!$S$31=0,"",'Round 7'!$Q$62)) | R33: =IF($B33="","",IF('Round 8'!$S$31=0,"",'Round 8'!$F$62)) | S33: =IF($B33="","",IF('Round 8'!$S$31=0,"",'Round 8'!$Q$62)) | T33: =IF($B33="","",IF('Round 9'!$S$31=0,"",'Round 9'!$F$62)) | U33: =IF($B33="","",IF('Round 9'!$S$31=0,"",'Round 9'!$Q$62)) | V33: =IF($B33="","",IF('Round 10'!$S$31=0,"",'Round 10'!$F$62)) | W33: =IF($B33="","",IF('Round 10'!$S$31=0,"",'Round 10'!$Q$62)) | Y33: =IF(OR($B33="",$Y$1=0),0,CHOOSE($Y$1,'Round 1'!$P$62,'Round 2'!$P$62,'Round 3'!$P$62,'Round 4'!$P$62,'Round 5'!$P$62,'Round 6'!$P$62,'Round 7'!$P$62,'Round 8'!$P$62,'Round 9'!$P$62,'Round 10'!$P$62))
A34: =IF($B34="","",1+SUMPRODUCT(($B$3:$B$34<>"")*(($C$3:$C$34>C34)+(($C$3:$C$34=C34)*($Y$3:$Y$34>Y34))))) | B34: =IF(Setup!B36="","",Setup!B36) | C34: =IF($B34="","",SUM(D34,F34,H34,J34,L34,N34,P34,R34,T34,V34)) | D34: =IF($B34="","",IF('Round 1'!$S$31=0,"",'Round 1'!$F$63)) | E34: =IF($B34="","",IF('Round 1'!$S$31=0,"",'Round 1'!$Q$63)) | F34: =IF($B34="","",IF('Round 2'!$S$31=0,"",'Round 2'!$F$63)) | G34: =IF($B34="","",IF('Round 2'!$S$31=0,"",'Round 2'!$Q$63)) | H34: =IF($B34="","",IF('Round 3'!$S$31=0,"",'Round 3'!$F$63)) | I34: =IF($B34="","",IF('Round 3'!$S$31=0,"",'Round 3'!$Q$63)) | J34: =IF($B34="","",IF('Round 4'!$S$31=0,"",'Round 4'!$F$63)) | K34: =IF($B34="","",IF('Round 4'!$S$31=0,"",'Round 4'!$Q$63)) | L34: =IF($B34="","",IF('Round 5'!$S$31=0,"",'Round 5'!$F$63)) | M34: =IF($B34="","",IF('Round 5'!$S$31=0,"",'Round 5'!$Q$63)) | N34: =IF($B34="","",IF('Round 6'!$S$31=0,"",'Round 6'!$F$63)) | O34: =IF($B34="","",IF('Round 6'!$S$31=0,"",'Round 6'!$Q$63)) | P34: =IF($B34="","",IF('Round 7'!$S$31=0,"",'Round 7'!$F$63)) | Q34: =IF($B34="","",IF('Round 7'!$S$31=0,"",'Round 7'!$Q$63)) | R34: =IF($B34="","",IF('Round 8'!$S$31=0,"",'Round 8'!$F$63)) | S34: =IF($B34="","",IF('Round 8'!$S$31=0,"",'Round 8'!$Q$63)) | T34: =IF($B34="","",IF('Round 9'!$S$31=0,"",'Round 9'!$F$63)) | U34: =IF($B34="","",IF('Round 9'!$S$31=0,"",'Round 9'!$Q$63)) | V34: =IF($B34="","",IF('Round 10'!$S$31=0,"",'Round 10'!$F$63)) | W34: =IF($B34="","",IF('Round 10'!$S$31=0,"",'Round 10'!$Q$63)) | Y34: =IF(OR($B34="",$Y$1=0),0,CHOOSE($Y$1,'Round 1'!$P$63,'Round 2'!$P$63,'Round 3'!$P$63,'Round 4'!$P$63,'Round 5'!$P$63,'Round 6'!$P$63,'Round 7'!$P$63,'Round 8'!$P$63,'Round 9'!$P$63,'Round 10'!$P$63))

Sheet Handicapping
A1: Players on trip: | B1: =COUNTA(Setup!$B$5:$B$36)
A3: No. | B3: Player | C3: Start H'cap | D3: Rd 1 | E3: Rd 2 | F3: Rd 3 | G3: Rd 4 | H3: Rd 5 | I3: Rd 6 | J3: Rd 7 | K3: Rd 8 | L3: Rd 9 | M3: Rd 10 | N3: End H'cap | O3: Total +/-
A4: 1 | B4: =IF(Setup!B5="","",Setup!B5) | C4: =IF($B4="","",N(Setup!E5)) | D4: =IF($B4="","",$C4) | E4: =IF($B4="","",D4+IF('Round 1'!$S$31>0,N(INDEX($B$40:$B$71,'Round 1'!$Q$32)),0)) | F4: =IF($B4="","",E4+IF('Round 2'!$S$31>0,N(INDEX($B$40:$B$71,'Round 2'!$Q$32)),0)) | G4: =IF($B4="","",F4+IF('Round 3'!$S$31>0,N(INDEX($B$40:$B$71,'Round 3'!$Q$32)),0)) | H4: =IF($B4="","",G4+IF('Round 4'!$S$31>0,N(INDEX($B$40:$B$71,'Round 4'!$Q$32)),0)) | I4: =IF($B4="","",H4+IF('Round 5'!$S$31>0,N(INDEX($B$40:$B$71,'Round 5'!$Q$32)),0)) | J4: =IF($B4="","",I4+IF('Round 6'!$S$31>0,N(INDEX($B$40:$B$71,'Round 6'!$Q$32)),0)) | K4: =IF($B4="","",J4+IF('Round 7'!$S$31>0,N(INDEX($B$40:$B$71,'Round 7'!$Q$32)),0)) | L4: =IF($B4="","",K4+IF('Round 8'!$S$31>0,N(INDEX($B$40:$B$71,'Round 8'!$Q$32)),0)) | M4: =IF($B4="","",L4+IF('Round 9'!$S$31>0,N(INDEX($B$40:$B$71,'Round 9'!$Q$32)),0)) | N4: =IF($B4="","",M4+IF('Round 10'!$S$31>0,N(INDEX($B$40:$B$71,'Round 10'!$Q$32)),0)) | O4: =IF($B4="","",N4-$C4)
A5: 2 | B5: =IF(Setup!B6="","",Setup!B6) | C5: =IF($B5="","",N(Setup!E6)) | D5: =IF($B5="","",$C5) | E5: =IF($B5="","",D5+IF('Round 1'!$S$31>0,N(INDEX($B$40:$B$71,'Round 1'!$Q$33)),0)) | F5: =IF($B5="","",E5+IF('Round 2'!$S$31>0,N(INDEX($B$40:$B$71,'Round 2'!$Q$33)),0)) | G5: =IF($B5="","",F5+IF('Round 3'!$S$31>0,N(INDEX($B$40:$B$71,'Round 3'!$Q$33)),0)) | H5: =IF($B5="","",G5+IF('Round 4'!$S$31>0,N(INDEX($B$40:$B$71,'Round 4'!$Q$33)),0)) | I5: =IF($B5="","",H5+IF('Round 5'!$S$31>0,N(INDEX($B$40:$B$71,'Round 5'!$Q$33)),0)) | J5: =IF($B5="","",I5+IF('Round 6'!$S$31>0,N(INDEX($B$40:$B$71,'Round 6'!$Q$33)),0)) | K5: =IF($B5="","",J5+IF('Round 7'!$S$31>0,N(INDEX($B$40:$B$71,'Round 7'!$Q$33)),0)) | L5: =IF($B5="","",K5+IF('Round 8'!$S$31>0,N(INDEX($B$40:$B$71,'Round 8'!$Q$33)),0)) | M5: =IF($B5="","",L5+IF('Round 9'!$S$31>0,N(INDEX($B$40:$B$71,'Round 9'!$Q$33)),0)) | N5: =IF($B5="","",M5+IF('Round 10'!$S$31>0,N(INDEX($B$40:$B$71,'Round 10'!$Q$33)),0)) | O5: =IF($B5="","",N5-$C5)
A6: 3 | B6: =IF(Setup!B7="","",Setup!B7) | C6: =IF($B6="","",N(Setup!E7)) | D6: =IF($B6="","",$C6) | E6: =IF($B6="","",D6+IF('Round 1'!$S$31>0,N(INDEX($B$40:$B$71,'Round 1'!$Q$34)),0)) | F6: =IF($B6="","",E6+IF('Round 2'!$S$31>0,N(INDEX($B$40:$B$71,'Round 2'!$Q$34)),0)) | G6: =IF($B6="","",F6+IF('Round 3'!$S$31>0,N(INDEX($B$40:$B$71,'Round 3'!$Q$34)),0)) | H6: =IF($B6="","",G6+IF('Round 4'!$S$31>0,N(INDEX($B$40:$B$71,'Round 4'!$Q$34)),0)) | I6: =IF($B6="","",H6+IF('Round 5'!$S$31>0,N(INDEX($B$40:$B$71,'Round 5'!$Q$34)),0)) | J6: =IF($B6="","",I6+IF('Round 6'!$S$31>0,N(INDEX($B$40:$B$71,'Round 6'!$Q$34)),0)) | K6: =IF($B6="","",J6+IF('Round 7'!$S$31>0,N(INDEX($B$40:$B$71,'Round 7'!$Q$34)),0)) | L6: =IF($B6="","",K6+IF('Round 8'!$S$31>0,N(INDEX($B$40:$B$71,'Round 8'!$Q$34)),0)) | M6: =IF($B6="","",L6+IF('Round 9'!$S$31>0,N(INDEX($B$40:$B$71,'Round 9'!$Q$34)),0)) | N6: =IF($B6="","",M6+IF('Round 10'!$S$31>0,N(INDEX($B$40:$B$71,'Round 10'!$Q$34)),0)) | O6: =IF($B6="","",N6-$C6)
A7: 4 | B7: =IF(Setup!B8="","",Setup!B8) | C7: =IF($B7="","",N(Setup!E8)) | D7: =IF($B7="","",$C7) | E7: =IF($B7="","",D7+IF('Round 1'!$S$31>0,N(INDEX($B$40:$B$71,'Round 1'!$Q$35)),0)) | F7: =IF($B7="","",E7+IF('Round 2'!$S$31>0,N(INDEX($B$40:$B$71,'Round 2'!$Q$35)),0)) | G7: =IF($B7="","",F7+IF('Round 3'!$S$31>0,N(INDEX($B$40:$B$71,'Round 3'!$Q$35)),0)) | H7: =IF($B7="","",G7+IF('Round 4'!$S$31>0,N(INDEX($B$40:$B$71,'Round 4'!$Q$35)),0)) | I7: =IF($B7="","",H7+IF('Round 5'!$S$31>0,N(INDEX($B$40:$B$71,'Round 5'!$Q$35)),0)) | J7: =IF($B7="","",I7+IF('Round 6'!$S$31>0,N(INDEX($B$40:$B$71,'Round 6'!$Q$35)),0)) | K7: =IF($B7="","",J7+IF('Round 7'!$S$31>0,N(INDEX($B$40:$B$71,'Round 7'!$Q$35)),0)) | L7: =IF($B7="","",K7+IF('Round 8'!$S$31>0,N(INDEX($B$40:$B$71,'Round 8'!$Q$35)),0)) | M7: =IF($B7="","",L7+IF('Round 9'!$S$31>0,N(INDEX($B$40:$B$71,'Round 9'!$Q$35)),0)) | N7: =IF($B7="","",M7+IF('Round 10'!$S$31>0,N(INDEX($B$40:$B$71,'Round 10'!$Q$35)),0)) | O7: =IF($B7="","",N7-$C7)
A8: 5 | B8: =IF(Setup!B9="","",Setup!B9) | C8: =IF($B8="","",N(Setup!E9)) | D8: =IF($B8="","",$C8) | E8: =IF($B8="","",D8+IF('Round 1'!$S$31>0,N(INDEX($B$40:$B$71,'Round 1'!$Q$36)),0)) | F8: =IF($B8="","",E8+IF('Round 2'!$S$31>0,N(INDEX($B$40:$B$71,'Round 2'!$Q$36)),0)) | G8: =IF($B8="","",F8+IF('Round 3'!$S$31>0,N(INDEX($B$40:$B$71,'Round 3'!$Q$36)),0)) | H8: =IF($B8="","",G8+IF('Round 4'!$S$31>0,N(INDEX($B$40:$B$71,'Round 4'!$Q$36)),0)) | I8: =IF($B8="","",H8+IF('Round 5'!$S$31>0,N(INDEX($B$40:$B$71,'Round 5'!$Q$36)),0)) | J8: =IF($B8="","",I8+IF('Round 6'!$S$31>0,N(INDEX($B$40:$B$71,'Round 6'!$Q$36)),0)) | K8: =IF($B8="","",J8+IF('Round 7'!$S$31>0,N(INDEX($B$40:$B$71,'Round 7'!$Q$36)),0)) | L8: =IF($B8="","",K8+IF('Round 8'!$S$31>0,N(INDEX($B$40:$B$71,'Round 8'!$Q$36)),0)) | M8: =IF($B8="","",L8+IF('Round 9'!$S$31>0,N(INDEX($B$40:$B$71,'Round 9'!$Q$36)),0)) | N8: =IF($B8="","",M8+IF('Round 10'!$S$31>0,N(INDEX($B$40:$B$71,'Round 10'!$Q$36)),0)) | O8: =IF($B8="","",N8-$C8)
A9: 6 | B9: =IF(Setup!B10="","",Setup!B10) | C9: =IF($B9="","",N(Setup!E10)) | D9: =IF($B9="","",$C9) | E9: =IF($B9="","",D9+IF('Round 1'!$S$31>0,N(INDEX($B$40:$B$71,'Round 1'!$Q$37)),0)) | F9: =IF($B9="","",E9+IF('Round 2'!$S$31>0,N(INDEX($B$40:$B$71,'Round 2'!$Q$37)),0)) | G9: =IF($B9="","",F9+IF('Round 3'!$S$31>0,N(INDEX($B$40:$B$71,'Round 3'!$Q$37)),0)) | H9: =IF($B9="","",G9+IF('Round 4'!$S$31>0,N(INDEX($B$40:$B$71,'Round 4'!$Q$37)),0)) | I9: =IF($B9="","",H9+IF('Round 5'!$S$31>0,N(INDEX($B$40:$B$71,'Round 5'!$Q$37)),0)) | J9: =IF($B9="","",I9+IF('Round 6'!$S$31>0,N(INDEX($B$40:$B$71,'Round 6'!$Q$37)),0)) | K9: =IF($B9="","",J9+IF('Round 7'!$S$31>0,N(INDEX($B$40:$B$71,'Round 7'!$Q$37)),0)) | L9: =IF($B9="","",K9+IF('Round 8'!$S$31>0,N(INDEX($B$40:$B$71,'Round 8'!$Q$37)),0)) | M9: =IF($B9="","",L9+IF('Round 9'!$S$31>0,N(INDEX($B$40:$B$71,'Round 9'!$Q$37)),0)) | N9: =IF($B9="","",M9+IF('Round 10'!$S$31>0,N(INDEX($B$40:$B$71,'Round 10'!$Q$37)),0)) | O9: =IF($B9="","",N9-$C9)
A10: 7 | B10: =IF(Setup!B11="","",Setup!B11) | C10: =IF($B10="","",N(Setup!E11)) | D10: =IF($B10="","",$C10) | E10: =IF($B10="","",D10+IF('Round 1'!$S$31>0,N(INDEX($B$40:$B$71,'Round 1'!$Q$38)),0)) | F10: =IF($B10="","",E10+IF('Round 2'!$S$31>0,N(INDEX($B$40:$B$71,'Round 2'!$Q$38)),0)) | G10: =IF($B10="","",F10+IF('Round 3'!$S$31>0,N(INDEX($B$40:$B$71,'Round 3'!$Q$38)),0)) | H10: =IF($B10="","",G10+IF('Round 4'!$S$31>0,N(INDEX($B$40:$B$71,'Round 4'!$Q$38)),0)) | I10: =IF($B10="","",H10+IF('Round 5'!$S$31>0,N(INDEX($B$40:$B$71,'Round 5'!$Q$38)),0)) | J10: =IF($B10="","",I10+IF('Round 6'!$S$31>0,N(INDEX($B$40:$B$71,'Round 6'!$Q$38)),0)) | K10: =IF($B10="","",J10+IF('Round 7'!$S$31>0,N(INDEX($B$40:$B$71,'Round 7'!$Q$38)),0)) | L10: =IF($B10="","",K10+IF('Round 8'!$S$31>0,N(INDEX($B$40:$B$71,'Round 8'!$Q$38)),0)) | M10: =IF($B10="","",L10+IF('Round 9'!$S$31>0,N(INDEX($B$40:$B$71,'Round 9'!$Q$38)),0)) | N10: =IF($B10="","",M10+IF('Round 10'!$S$31>0,N(INDEX($B$40:$B$71,'Round 10'!$Q$38)),0)) | O10: =IF($B10="","",N10-$C10)
A11: 8 | B11: =IF(Setup!B12="","",Setup!B12) | C11: =IF($B11="","",N(Setup!E12)) | D11: =IF($B11="","",$C11) | E11: =IF($B11="","",D11+IF('Round 1'!$S$31>0,N(INDEX($B$40:$B$71,'Round 1'!$Q$39)),0)) | F11: =IF($B11="","",E11+IF('Round 2'!$S$31>0,N(INDEX($B$40:$B$71,'Round 2'!$Q$39)),0)) | G11: =IF($B11="","",F11+IF('Round 3'!$S$31>0,N(INDEX($B$40:$B$71,'Round 3'!$Q$39)),0)) | H11: =IF($B11="","",G11+IF('Round 4'!$S$31>0,N(INDEX($B$40:$B$71,'Round 4'!$Q$39)),0)) | I11: =IF($B11="","",H11+IF('Round 5'!$S$31>0,N(INDEX($B$40:$B$71,'Round 5'!$Q$39)),0)) | J11: =IF($B11="","",I11+IF('Round 6'!$S$31>0,N(INDEX($B$40:$B$71,'Round 6'!$Q$39)),0)) | K11: =IF($B11="","",J11+IF('Round 7'!$S$31>0,N(INDEX($B$40:$B$71,'Round 7'!$Q$39)),0)) | L11: =IF($B11="","",K11+IF('Round 8'!$S$31>0,N(INDEX($B$40:$B$71,'Round 8'!$Q$39)),0)) | M11: =IF($B11="","",L11+IF('Round 9'!$S$31>0,N(INDEX($B$40:$B$71,'Round 9'!$Q$39)),0)) | N11: =IF($B11="","",M11+IF('Round 10'!$S$31>0,N(INDEX($B$40:$B$71,'Round 10'!$Q$39)),0)) | O11: =IF($B11="","",N11-$C11)
A12: 9 | B12: =IF(Setup!B13="","",Setup!B13) | C12: =IF($B12="","",N(Setup!E13)) | D12: =IF($B12="","",$C12) | E12: =IF($B12="","",D12+IF('Round 1'!$S$31>0,N(INDEX($B$40:$B$71,'Round 1'!$Q$40)),0)) | F12: =IF($B12="","",E12+IF('Round 2'!$S$31>0,N(INDEX($B$40:$B$71,'Round 2'!$Q$40)),0)) | G12: =IF($B12="","",F12+IF('Round 3'!$S$31>0,N(INDEX($B$40:$B$71,'Round 3'!$Q$40)),0)) | H12: =IF($B12="","",G12+IF('Round 4'!$S$31>0,N(INDEX($B$40:$B$71,'Round 4'!$Q$40)),0)) | I12: =IF($B12="","",H12+IF('Round 5'!$S$31>0,N(INDEX($B$40:$B$71,'Round 5'!$Q$40)),0)) | J12: =IF($B12="","",I12+IF('Round 6'!$S$31>0,N(INDEX($B$40:$B$71,'Round 6'!$Q$40)),0)) | K12: =IF($B12="","",J12+IF('Round 7'!$S$31>0,N(INDEX($B$40:$B$71,'Round 7'!$Q$40)),0)) | L12: =IF($B12="","",K12+IF('Round 8'!$S$31>0,N(INDEX($B$40:$B$71,'Round 8'!$Q$40)),0)) | M12: =IF($B12="","",L12+IF('Round 9'!$S$31>0,N(INDEX($B$40:$B$71,'Round 9'!$Q$40)),0)) | N12: =IF($B12="","",M12+IF('Round 10'!$S$31>0,N(INDEX($B$40:$B$71,'Round 10'!$Q$40)),0)) | O12: =IF($B12="","",N12-$C12)
A13: 10 | B13: =IF(Setup!B14="","",Setup!B14) | C13: =IF($B13="","",N(Setup!E14)) | D13: =IF($B13="","",$C13) | E13: =IF($B13="","",D13+IF('Round 1'!$S$31>0,N(INDEX($B$40:$B$71,'Round 1'!$Q$41)),0)) | F13: =IF($B13="","",E13+IF('Round 2'!$S$31>0,N(INDEX($B$40:$B$71,'Round 2'!$Q$41)),0)) | G13: =IF($B13="","",F13+IF('Round 3'!$S$31>0,N(INDEX($B$40:$B$71,'Round 3'!$Q$41)),0)) | H13: =IF($B13="","",G13+IF('Round 4'!$S$31>0,N(INDEX($B$40:$B$71,'Round 4'!$Q$41)),0)) | I13: =IF($B13="","",H13+IF('Round 5'!$S$31>0,N(INDEX($B$40:$B$71,'Round 5'!$Q$41)),0)) | J13: =IF($B13="","",I13+IF('Round 6'!$S$31>0,N(INDEX($B$40:$B$71,'Round 6'!$Q$41)),0)) | K13: =IF($B13="","",J13+IF('Round 7'!$S$31>0,N(INDEX($B$40:$B$71,'Round 7'!$Q$41)),0)) | L13: =IF($B13="","",K13+IF('Round 8'!$S$31>0,N(INDEX($B$40:$B$71,'Round 8'!$Q$41)),0)) | M13: =IF($B13="","",L13+IF('Round 9'!$S$31>0,N(INDEX($B$40:$B$71,'Round 9'!$Q$41)),0)) | N13: =IF($B13="","",M13+IF('Round 10'!$S$31>0,N(INDEX($B$40:$B$71,'Round 10'!$Q$41)),0)) | O13: =IF($B13="","",N13-$C13)
A14: 11 | B14: =IF(Setup!B15="","",Setup!B15) | C14: =IF($B14="","",N(Setup!E15)) | D14: =IF($B14="","",$C14) | E14: =IF($B14="","",D14+IF('Round 1'!$S$31>0,N(INDEX($B$40:$B$71,'Round 1'!$Q$42)),0)) | F14: =IF($B14="","",E14+IF('Round 2'!$S$31>0,N(INDEX($B$40:$B$71,'Round 2'!$Q$42)),0)) | G14: =IF($B14="","",F14+IF('Round 3'!$S$31>0,N(INDEX($B$40:$B$71,'Round 3'!$Q$42)),0)) | H14: =IF($B14="","",G14+IF('Round 4'!$S$31>0,N(INDEX($B$40:$B$71,'Round 4'!$Q$42)),0)) | I14: =IF($B14="","",H14+IF('Round 5'!$S$31>0,N(INDEX($B$40:$B$71,'Round 5'!$Q$42)),0)) | J14: =IF($B14="","",I14+IF('Round 6'!$S$31>0,N(INDEX($B$40:$B$71,'Round 6'!$Q$42)),0)) | K14: =IF($B14="","",J14+IF('Round 7'!$S$31>0,N(INDEX($B$40:$B$71,'Round 7'!$Q$42)),0)) | L14: =IF($B14="","",K14+IF('Round 8'!$S$31>0,N(INDEX($B$40:$B$71,'Round 8'!$Q$42)),0)) | M14: =IF($B14="","",L14+IF('Round 9'!$S$31>0,N(INDEX($B$40:$B$71,'Round 9'!$Q$42)),0)) | N14: =IF($B14="","",M14+IF('Round 10'!$S$31>0,N(INDEX($B$40:$B$71,'Round 10'!$Q$42)),0)) | O14: =IF($B14="","",N14-$C14)
A15: 12 | B15: =IF(Setup!B16="","",Setup!B16) | C15: =IF($B15="","",N(Setup!E16)) | D15: =IF($B15="","",$C15) | E15: =IF($B15="","",D15+IF('Round 1'!$S$31>0,N(INDEX($B$40:$B$71,'Round 1'!$Q$43)),0)) | F15: =IF($B15="","",E15+IF('Round 2'!$S$31>0,N(INDEX($B$40:$B$71,'Round 2'!$Q$43)),0)) | G15: =IF($B15="","",F15+IF('Round 3'!$S$31>0,N(INDEX($B$40:$B$71,'Round 3'!$Q$43)),0)) | H15: =IF($B15="","",G15+IF('Round 4'!$S$31>0,N(INDEX($B$40:$B$71,'Round 4'!$Q$43)),0)) | I15: =IF($B15="","",H15+IF('Round 5'!$S$31>0,N(INDEX($B$40:$B$71,'Round 5'!$Q$43)),0)) | J15: =IF($B15="","",I15+IF('Round 6'!$S$31>0,N(INDEX($B$40:$B$71,'Round 6'!$Q$43)),0)) | K15: =IF($B15="","",J15+IF('Round 7'!$S$31>0,N(INDEX($B$40:$B$71,'Round 7'!$Q$43)),0)) | L15: =IF($B15="","",K15+IF('Round 8'!$S$31>0,N(INDEX($B$40:$B$71,'Round 8'!$Q$43)),0)) | M15: =IF($B15="","",L15+IF('Round 9'!$S$31>0,N(INDEX($B$40:$B$71,'Round 9'!$Q$43)),0)) | N15: =IF($B15="","",M15+IF('Round 10'!$S$31>0,N(INDEX($B$40:$B$71,'Round 10'!$Q$43)),0)) | O15: =IF($B15="","",N15-$C15)
A16: 13 | B16: =IF(Setup!B17="","",Setup!B17) | C16: =IF($B16="","",N(Setup!E17)) | D16: =IF($B16="","",$C16) | E16: =IF($B16="","",D16+IF('Round 1'!$S$31>0,N(INDEX($B$40:$B$71,'Round 1'!$Q$44)),0)) | F16: =IF($B16="","",E16+IF('Round 2'!$S$31>0,N(INDEX($B$40:$B$71,'Round 2'!$Q$44)),0)) | G16: =IF($B16="","",F16+IF('Round 3'!$S$31>0,N(INDEX($B$40:$B$71,'Round 3'!$Q$44)),0)) | H16: =IF($B16="","",G16+IF('Round 4'!$S$31>0,N(INDEX($B$40:$B$71,'Round 4'!$Q$44)),0)) | I16: =IF($B16="","",H16+IF('Round 5'!$S$31>0,N(INDEX($B$40:$B$71,'Round 5'!$Q$44)),0)) | J16: =IF($B16="","",I16+IF('Round 6'!$S$31>0,N(INDEX($B$40:$B$71,'Round 6'!$Q$44)),0)) | K16: =IF($B16="","",J16+IF('Round 7'!$S$31>0,N(INDEX($B$40:$B$71,'Round 7'!$Q$44)),0)) | L16: =IF($B16="","",K16+IF('Round 8'!$S$31>0,N(INDEX($B$40:$B$71,'Round 8'!$Q$44)),0)) | M16: =IF($B16="","",L16+IF('Round 9'!$S$31>0,N(INDEX($B$40:$B$71,'Round 9'!$Q$44)),0)) | N16: =IF($B16="","",M16+IF('Round 10'!$S$31>0,N(INDEX($B$40:$B$71,'Round 10'!$Q$44)),0)) | O16: =IF($B16="","",N16-$C16)
A17: 14 | B17: =IF(Setup!B18="","",Setup!B18) | C17: =IF($B17="","",N(Setup!E18)) | D17: =IF($B17="","",$C17) | E17: =IF($B17="","",D17+IF('Round 1'!$S$31>0,N(INDEX($B$40:$B$71,'Round 1'!$Q$45)),0)) | F17: =IF($B17="","",E17+IF('Round 2'!$S$31>0,N(INDEX($B$40:$B$71,'Round 2'!$Q$45)),0)) | G17: =IF($B17="","",F17+IF('Round 3'!$S$31>0,N(INDEX($B$40:$B$71,'Round 3'!$Q$45)),0)) | H17: =IF($B17="","",G17+IF('Round 4'!$S$31>0,N(INDEX($B$40:$B$71,'Round 4'!$Q$45)),0)) | I17: =IF($B17="","",H17+IF('Round 5'!$S$31>0,N(INDEX($B$40:$B$71,'Round 5'!$Q$45)),0)) | J17: =IF($B17="","",I17+IF('Round 6'!$S$31>0,N(INDEX($B$40:$B$71,'Round 6'!$Q$45)),0)) | K17: =IF($B17="","",J17+IF('Round 7'!$S$31>0,N(INDEX($B$40:$B$71,'Round 7'!$Q$45)),0)) | L17: =IF($B17="","",K17+IF('Round 8'!$S$31>0,N(INDEX($B$40:$B$71,'Round 8'!$Q$45)),0)) | M17: =IF($B17="","",L17+IF('Round 9'!$S$31>0,N(INDEX($B$40:$B$71,'Round 9'!$Q$45)),0)) | N17: =IF($B17="","",M17+IF('Round 10'!$S$31>0,N(INDEX($B$40:$B$71,'Round 10'!$Q$45)),0)) | O17: =IF($B17="","",N17-$C17)
A18: 15 | B18: =IF(Setup!B19="","",Setup!B19) | C18: =IF($B18="","",N(Setup!E19)) | D18: =IF($B18="","",$C18) | E18: =IF($B18="","",D18+IF('Round 1'!$S$31>0,N(INDEX($B$40:$B$71,'Round 1'!$Q$46)),0)) | F18: =IF($B18="","",E18+IF('Round 2'!$S$31>0,N(INDEX($B$40:$B$71,'Round 2'!$Q$46)),0)) | G18: =IF($B18="","",F18+IF('Round 3'!$S$31>0,N(INDEX($B$40:$B$71,'Round 3'!$Q$46)),0)) | H18: =IF($B18="","",G18+IF('Round 4'!$S$31>0,N(INDEX($B$40:$B$71,'Round 4'!$Q$46)),0)) | I18: =IF($B18="","",H18+IF('Round 5'!$S$31>0,N(INDEX($B$40:$B$71,'Round 5'!$Q$46)),0)) | J18: =IF($B18="","",I18+IF('Round 6'!$S$31>0,N(INDEX($B$40:$B$71,'Round 6'!$Q$46)),0)) | K18: =IF($B18="","",J18+IF('Round 7'!$S$31>0,N(INDEX($B$40:$B$71,'Round 7'!$Q$46)),0)) | L18: =IF($B18="","",K18+IF('Round 8'!$S$31>0,N(INDEX($B$40:$B$71,'Round 8'!$Q$46)),0)) | M18: =IF($B18="","",L18+IF('Round 9'!$S$31>0,N(INDEX($B$40:$B$71,'Round 9'!$Q$46)),0)) | N18: =IF($B18="","",M18+IF('Round 10'!$S$31>0,N(INDEX($B$40:$B$71,'Round 10'!$Q$46)),0)) | O18: =IF($B18="","",N18-$C18)
A19: 16 | B19: =IF(Setup!B20="","",Setup!B20) | C19: =IF($B19="","",N(Setup!E20)) | D19: =IF($B19="","",$C19) | E19: =IF($B19="","",D19+IF('Round 1'!$S$31>0,N(INDEX($B$40:$B$71,'Round 1'!$Q$47)),0)) | F19: =IF($B19="","",E19+IF('Round 2'!$S$31>0,N(INDEX($B$40:$B$71,'Round 2'!$Q$47)),0)) | G19: =IF($B19="","",F19+IF('Round 3'!$S$31>0,N(INDEX($B$40:$B$71,'Round 3'!$Q$47)),0)) | H19: =IF($B19="","",G19+IF('Round 4'!$S$31>0,N(INDEX($B$40:$B$71,'Round 4'!$Q$47)),0)) | I19: =IF($B19="","",H19+IF('Round 5'!$S$31>0,N(INDEX($B$40:$B$71,'Round 5'!$Q$47)),0)) | J19: =IF($B19="","",I19+IF('Round 6'!$S$31>0,N(INDEX($B$40:$B$71,'Round 6'!$Q$47)),0)) | K19: =IF($B19="","",J19+IF('Round 7'!$S$31>0,N(INDEX($B$40:$B$71,'Round 7'!$Q$47)),0)) | L19: =IF($B19="","",K19+IF('Round 8'!$S$31>0,N(INDEX($B$40:$B$71,'Round 8'!$Q$47)),0)) | M19: =IF($B19="","",L19+IF('Round 9'!$S$31>0,N(INDEX($B$40:$B$71,'Round 9'!$Q$47)),0)) | N19: =IF($B19="","",M19+IF('Round 10'!$S$31>0,N(INDEX($B$40:$B$71,'Round 10'!$Q$47)),0)) | O19: =IF($B19="","",N19-$C19)
A20: 17 | B20: =IF(Setup!B21="","",Setup!B21) | C20: =IF($B20="","",N(Setup!E21)) | D20: =IF($B20="","",$C20) | E20: =IF($B20="","",D20+IF('Round 1'!$S$31>0,N(INDEX($B$40:$B$71,'Round 1'!$Q$48)),0)) | F20: =IF($B20="","",E20+IF('Round 2'!$S$31>0,N(INDEX($B$40:$B$71,'Round 2'!$Q$48)),0)) | G20: =IF($B20="","",F20+IF('Round 3'!$S$31>0,N(INDEX($B$40:$B$71,'Round 3'!$Q$48)),0)) | H20: =IF($B20="","",G20+IF('Round 4'!$S$31>0,N(INDEX($B$40:$B$71,'Round 4'!$Q$48)),0)) | I20: =IF($B20="","",H20+IF('Round 5'!$S$31>0,N(INDEX($B$40:$B$71,'Round 5'!$Q$48)),0)) | J20: =IF($B20="","",I20+IF('Round 6'!$S$31>0,N(INDEX($B$40:$B$71,'Round 6'!$Q$48)),0)) | K20: =IF($B20="","",J20+IF('Round 7'!$S$31>0,N(INDEX($B$40:$B$71,'Round 7'!$Q$48)),0)) | L20: =IF($B20="","",K20+IF('Round 8'!$S$31>0,N(INDEX($B$40:$B$71,'Round 8'!$Q$48)),0)) | M20: =IF($B20="","",L20+IF('Round 9'!$S$31>0,N(INDEX($B$40:$B$71,'Round 9'!$Q$48)),0)) | N20: =IF($B20="","",M20+IF('Round 10'!$S$31>0,N(INDEX($B$40:$B$71,'Round 10'!$Q$48)),0)) | O20: =IF($B20="","",N20-$C20)
A21: 18 | B21: =IF(Setup!B22="","",Setup!B22) | C21: =IF($B21="","",N(Setup!E22)) | D21: =IF($B21="","",$C21) | E21: =IF($B21="","",D21+IF('Round 1'!$S$31>0,N(INDEX($B$40:$B$71,'Round 1'!$Q$49)),0)) | F21: =IF($B21="","",E21+IF('Round 2'!$S$31>0,N(INDEX($B$40:$B$71,'Round 2'!$Q$49)),0)) | G21: =IF($B21="","",F21+IF('Round 3'!$S$31>0,N(INDEX($B$40:$B$71,'Round 3'!$Q$49)),0)) | H21: =IF($B21="","",G21+IF('Round 4'!$S$31>0,N(INDEX($B$40:$B$71,'Round 4'!$Q$49)),0)) | I21: =IF($B21="","",H21+IF('Round 5'!$S$31>0,N(INDEX($B$40:$B$71,'Round 5'!$Q$49)),0)) | J21: =IF($B21="","",I21+IF('Round 6'!$S$31>0,N(INDEX($B$40:$B$71,'Round 6'!$Q$49)),0)) | K21: =IF($B21="","",J21+IF('Round 7'!$S$31>0,N(INDEX($B$40:$B$71,'Round 7'!$Q$49)),0)) | L21: =IF($B21="","",K21+IF('Round 8'!$S$31>0,N(INDEX($B$40:$B$71,'Round 8'!$Q$49)),0)) | M21: =IF($B21="","",L21+IF('Round 9'!$S$31>0,N(INDEX($B$40:$B$71,'Round 9'!$Q$49)),0)) | N21: =IF($B21="","",M21+IF('Round 10'!$S$31>0,N(INDEX($B$40:$B$71,'Round 10'!$Q$49)),0)) | O21: =IF($B21="","",N21-$C21)
A22: 19 | B22: =IF(Setup!B23="","",Setup!B23) | C22: =IF($B22="","",N(Setup!E23)) | D22: =IF($B22="","",$C22) | E22: =IF($B22="","",D22+IF('Round 1'!$S$31>0,N(INDEX($B$40:$B$71,'Round 1'!$Q$50)),0)) | F22: =IF($B22="","",E22+IF('Round 2'!$S$31>0,N(INDEX($B$40:$B$71,'Round 2'!$Q$50)),0)) | G22: =IF($B22="","",F22+IF('Round 3'!$S$31>0,N(INDEX($B$40:$B$71,'Round 3'!$Q$50)),0)) | H22: =IF($B22="","",G22+IF('Round 4'!$S$31>0,N(INDEX($B$40:$B$71,'Round 4'!$Q$50)),0)) | I22: =IF($B22="","",H22+IF('Round 5'!$S$31>0,N(INDEX($B$40:$B$71,'Round 5'!$Q$50)),0)) | J22: =IF($B22="","",I22+IF('Round 6'!$S$31>0,N(INDEX($B$40:$B$71,'Round 6'!$Q$50)),0)) | K22: =IF($B22="","",J22+IF('Round 7'!$S$31>0,N(INDEX($B$40:$B$71,'Round 7'!$Q$50)),0)) | L22: =IF($B22="","",K22+IF('Round 8'!$S$31>0,N(INDEX($B$40:$B$71,'Round 8'!$Q$50)),0)) | M22: =IF($B22="","",L22+IF('Round 9'!$S$31>0,N(INDEX($B$40:$B$71,'Round 9'!$Q$50)),0)) | N22: =IF($B22="","",M22+IF('Round 10'!$S$31>0,N(INDEX($B$40:$B$71,'Round 10'!$Q$50)),0)) | O22: =IF($B22="","",N22-$C22)
A23: 20 | B23: =IF(Setup!B24="","",Setup!B24) | C23: =IF($B23="","",N(Setup!E24)) | D23: =IF($B23="","",$C23) | E23: =IF($B23="","",D23+IF('Round 1'!$S$31>0,N(INDEX($B$40:$B$71,'Round 1'!$Q$51)),0)) | F23: =IF($B23="","",E23+IF('Round 2'!$S$31>0,N(INDEX($B$40:$B$71,'Round 2'!$Q$51)),0)) | G23: =IF($B23="","",F23+IF('Round 3'!$S$31>0,N(INDEX($B$40:$B$71,'Round 3'!$Q$51)),0)) | H23: =IF($B23="","",G23+IF('Round 4'!$S$31>0,N(INDEX($B$40:$B$71,'Round 4'!$Q$51)),0)) | I23: =IF($B23="","",H23+IF('Round 5'!$S$31>0,N(INDEX($B$40:$B$71,'Round 5'!$Q$51)),0)) | J23: =IF($B23="","",I23+IF('Round 6'!$S$31>0,N(INDEX($B$40:$B$71,'Round 6'!$Q$51)),0)) | K23: =IF($B23="","",J23+IF('Round 7'!$S$31>0,N(INDEX($B$40:$B$71,'Round 7'!$Q$51)),0)) | L23: =IF($B23="","",K23+IF('Round 8'!$S$31>0,N(INDEX($B$40:$B$71,'Round 8'!$Q$51)),0)) | M23: =IF($B23="","",L23+IF('Round 9'!$S$31>0,N(INDEX($B$40:$B$71,'Round 9'!$Q$51)),0)) | N23: =IF($B23="","",M23+IF('Round 10'!$S$31>0,N(INDEX($B$40:$B$71,'Round 10'!$Q$51)),0)) | O23: =IF($B23="","",N23-$C23)
A24: 21 | B24: =IF(Setup!B25="","",Setup!B25) | C24: =IF($B24="","",N(Setup!E25)) | D24: =IF($B24="","",$C24) | E24: =IF($B24="","",D24+IF('Round 1'!$S$31>0,N(INDEX($B$40:$B$71,'Round 1'!$Q$52)),0)) | F24: =IF($B24="","",E24+IF('Round 2'!$S$31>0,N(INDEX($B$40:$B$71,'Round 2'!$Q$52)),0)) | G24: =IF($B24="","",F24+IF('Round 3'!$S$31>0,N(INDEX($B$40:$B$71,'Round 3'!$Q$52)),0)) | H24: =IF($B24="","",G24+IF('Round 4'!$S$31>0,N(INDEX($B$40:$B$71,'Round 4'!$Q$52)),0)) | I24: =IF($B24="","",H24+IF('Round 5'!$S$31>0,N(INDEX($B$40:$B$71,'Round 5'!$Q$52)),0)) | J24: =IF($B24="","",I24+IF('Round 6'!$S$31>0,N(INDEX($B$40:$B$71,'Round 6'!$Q$52)),0)) | K24: =IF($B24="","",J24+IF('Round 7'!$S$31>0,N(INDEX($B$40:$B$71,'Round 7'!$Q$52)),0)) | L24: =IF($B24="","",K24+IF('Round 8'!$S$31>0,N(INDEX($B$40:$B$71,'Round 8'!$Q$52)),0)) | M24: =IF($B24="","",L24+IF('Round 9'!$S$31>0,N(INDEX($B$40:$B$71,'Round 9'!$Q$52)),0)) | N24: =IF($B24="","",M24+IF('Round 10'!$S$31>0,N(INDEX($B$40:$B$71,'Round 10'!$Q$52)),0)) | O24: =IF($B24="","",N24-$C24)
A25: 22 | B25: =IF(Setup!B26="","",Setup!B26) | C25: =IF($B25="","",N(Setup!E26)) | D25: =IF($B25="","",$C25) | E25: =IF($B25="","",D25+IF('Round 1'!$S$31>0,N(INDEX($B$40:$B$71,'Round 1'!$Q$53)),0)) | F25: =IF($B25="","",E25+IF('Round 2'!$S$31>0,N(INDEX($B$40:$B$71,'Round 2'!$Q$53)),0)) | G25: =IF($B25="","",F25+IF('Round 3'!$S$31>0,N(INDEX($B$40:$B$71,'Round 3'!$Q$53)),0)) | H25: =IF($B25="","",G25+IF('Round 4'!$S$31>0,N(INDEX($B$40:$B$71,'Round 4'!$Q$53)),0)) | I25: =IF($B25="","",H25+IF('Round 5'!$S$31>0,N(INDEX($B$40:$B$71,'Round 5'!$Q$53)),0)) | J25: =IF($B25="","",I25+IF('Round 6'!$S$31>0,N(INDEX($B$40:$B$71,'Round 6'!$Q$53)),0)) | K25: =IF($B25="","",J25+IF('Round 7'!$S$31>0,N(INDEX($B$40:$B$71,'Round 7'!$Q$53)),0)) | L25: =IF($B25="","",K25+IF('Round 8'!$S$31>0,N(INDEX($B$40:$B$71,'Round 8'!$Q$53)),0)) | M25: =IF($B25="","",L25+IF('Round 9'!$S$31>0,N(INDEX($B$40:$B$71,'Round 9'!$Q$53)),0)) | N25: =IF($B25="","",M25+IF('Round 10'!$S$31>0,N(INDEX($B$40:$B$71,'Round 10'!$Q$53)),0)) | O25: =IF($B25="","",N25-$C25)
A26: 23 | B26: =IF(Setup!B27="","",Setup!B27) | C26: =IF($B26="","",N(Setup!E27)) | D26: =IF($B26="","",$C26) | E26: =IF($B26="","",D26+IF('Round 1'!$S$31>0,N(INDEX($B$40:$B$71,'Round 1'!$Q$54)),0)) | F26: =IF($B26="","",E26+IF('Round 2'!$S$31>0,N(INDEX($B$40:$B$71,'Round 2'!$Q$54)),0)) | G26: =IF($B26="","",F26+IF('Round 3'!$S$31>0,N(INDEX($B$40:$B$71,'Round 3'!$Q$54)),0)) | H26: =IF($B26="","",G26+IF('Round 4'!$S$31>0,N(INDEX($B$40:$B$71,'Round 4'!$Q$54)),0)) | I26: =IF($B26="","",H26+IF('Round 5'!$S$31>0,N(INDEX($B$40:$B$71,'Round 5'!$Q$54)),0)) | J26: =IF($B26="","",I26+IF('Round 6'!$S$31>0,N(INDEX($B$40:$B$71,'Round 6'!$Q$54)),0)) | K26: =IF($B26="","",J26+IF('Round 7'!$S$31>0,N(INDEX($B$40:$B$71,'Round 7'!$Q$54)),0)) | L26: =IF($B26="","",K26+IF('Round 8'!$S$31>0,N(INDEX($B$40:$B$71,'Round 8'!$Q$54)),0)) | M26: =IF($B26="","",L26+IF('Round 9'!$S$31>0,N(INDEX($B$40:$B$71,'Round 9'!$Q$54)),0)) | N26: =IF($B26="","",M26+IF('Round 10'!$S$31>0,N(INDEX($B$40:$B$71,'Round 10'!$Q$54)),0)) | O26: =IF($B26="","",N26-$C26)
A27: 24 | B27: =IF(Setup!B28="","",Setup!B28) | C27: =IF($B27="","",N(Setup!E28)) | D27: =IF($B27="","",$C27) | E27: =IF($B27="","",D27+IF('Round 1'!$S$31>0,N(INDEX($B$40:$B$71,'Round 1'!$Q$55)),0)) | F27: =IF($B27="","",E27+IF('Round 2'!$S$31>0,N(INDEX($B$40:$B$71,'Round 2'!$Q$55)),0)) | G27: =IF($B27="","",F27+IF('Round 3'!$S$31>0,N(INDEX($B$40:$B$71,'Round 3'!$Q$55)),0)) | H27: =IF($B27="","",G27+IF('Round 4'!$S$31>0,N(INDEX($B$40:$B$71,'Round 4'!$Q$55)),0)) | I27: =IF($B27="","",H27+IF('Round 5'!$S$31>0,N(INDEX($B$40:$B$71,'Round 5'!$Q$55)),0)) | J27: =IF($B27="","",I27+IF('Round 6'!$S$31>0,N(INDEX($B$40:$B$71,'Round 6'!$Q$55)),0)) | K27: =IF($B27="","",J27+IF('Round 7'!$S$31>0,N(INDEX($B$40:$B$71,'Round 7'!$Q$55)),0)) | L27: =IF($B27="","",K27+IF('Round 8'!$S$31>0,N(INDEX($B$40:$B$71,'Round 8'!$Q$55)),0)) | M27: =IF($B27="","",L27+IF('Round 9'!$S$31>0,N(INDEX($B$40:$B$71,'Round 9'!$Q$55)),0)) | N27: =IF($B27="","",M27+IF('Round 10'!$S$31>0,N(INDEX($B$40:$B$71,'Round 10'!$Q$55)),0)) | O27: =IF($B27="","",N27-$C27)
A28: 25 | B28: =IF(Setup!B29="","",Setup!B29) | C28: =IF($B28="","",N(Setup!E29)) | D28: =IF($B28="","",$C28) | E28: =IF($B28="","",D28+IF('Round 1'!$S$31>0,N(INDEX($B$40:$B$71,'Round 1'!$Q$56)),0)) | F28: =IF($B28="","",E28+IF('Round 2'!$S$31>0,N(INDEX($B$40:$B$71,'Round 2'!$Q$56)),0)) | G28: =IF($B28="","",F28+IF('Round 3'!$S$31>0,N(INDEX($B$40:$B$71,'Round 3'!$Q$56)),0)) | H28: =IF($B28="","",G28+IF('Round 4'!$S$31>0,N(INDEX($B$40:$B$71,'Round 4'!$Q$56)),0)) | I28: =IF($B28="","",H28+IF('Round 5'!$S$31>0,N(INDEX($B$40:$B$71,'Round 5'!$Q$56)),0)) | J28: =IF($B28="","",I28+IF('Round 6'!$S$31>0,N(INDEX($B$40:$B$71,'Round 6'!$Q$56)),0)) | K28: =IF($B28="","",J28+IF('Round 7'!$S$31>0,N(INDEX($B$40:$B$71,'Round 7'!$Q$56)),0)) | L28: =IF($B28="","",K28+IF('Round 8'!$S$31>0,N(INDEX($B$40:$B$71,'Round 8'!$Q$56)),0)) | M28: =IF($B28="","",L28+IF('Round 9'!$S$31>0,N(INDEX($B$40:$B$71,'Round 9'!$Q$56)),0)) | N28: =IF($B28="","",M28+IF('Round 10'!$S$31>0,N(INDEX($B$40:$B$71,'Round 10'!$Q$56)),0)) | O28: =IF($B28="","",N28-$C28)
A29: 26 | B29: =IF(Setup!B30="","",Setup!B30) | C29: =IF($B29="","",N(Setup!E30)) | D29: =IF($B29="","",$C29) | E29: =IF($B29="","",D29+IF('Round 1'!$S$31>0,N(INDEX($B$40:$B$71,'Round 1'!$Q$57)),0)) | F29: =IF($B29="","",E29+IF('Round 2'!$S$31>0,N(INDEX($B$40:$B$71,'Round 2'!$Q$57)),0)) | G29: =IF($B29="","",F29+IF('Round 3'!$S$31>0,N(INDEX($B$40:$B$71,'Round 3'!$Q$57)),0)) | H29: =IF($B29="","",G29+IF('Round 4'!$S$31>0,N(INDEX($B$40:$B$71,'Round 4'!$Q$57)),0)) | I29: =IF($B29="","",H29+IF('Round 5'!$S$31>0,N(INDEX($B$40:$B$71,'Round 5'!$Q$57)),0)) | J29: =IF($B29="","",I29+IF('Round 6'!$S$31>0,N(INDEX($B$40:$B$71,'Round 6'!$Q$57)),0)) | K29: =IF($B29="","",J29+IF('Round 7'!$S$31>0,N(INDEX($B$40:$B$71,'Round 7'!$Q$57)),0)) | L29: =IF($B29="","",K29+IF('Round 8'!$S$31>0,N(INDEX($B$40:$B$71,'Round 8'!$Q$57)),0)) | M29: =IF($B29="","",L29+IF('Round 9'!$S$31>0,N(INDEX($B$40:$B$71,'Round 9'!$Q$57)),0)) | N29: =IF($B29="","",M29+IF('Round 10'!$S$31>0,N(INDEX($B$40:$B$71,'Round 10'!$Q$57)),0)) | O29: =IF($B29="","",N29-$C29)
A30: 27 | B30: =IF(Setup!B31="","",Setup!B31) | C30: =IF($B30="","",N(Setup!E31)) | D30: =IF($B30="","",$C30) | E30: =IF($B30="","",D30+IF('Round 1'!$S$31>0,N(INDEX($B$40:$B$71,'Round 1'!$Q$58)),0)) | F30: =IF($B30="","",E30+IF('Round 2'!$S$31>0,N(INDEX($B$40:$B$71,'Round 2'!$Q$58)),0)) | G30: =IF($B30="","",F30+IF('Round 3'!$S$31>0,N(INDEX($B$40:$B$71,'Round 3'!$Q$58)),0)) | H30: =IF($B30="","",G30+IF('Round 4'!$S$31>0,N(INDEX($B$40:$B$71,'Round 4'!$Q$58)),0)) | I30: =IF($B30="","",H30+IF('Round 5'!$S$31>0,N(INDEX($B$40:$B$71,'Round 5'!$Q$58)),0)) | J30: =IF($B30="","",I30+IF('Round 6'!$S$31>0,N(INDEX($B$40:$B$71,'Round 6'!$Q$58)),0)) | K30: =IF($B30="","",J30+IF('Round 7'!$S$31>0,N(INDEX($B$40:$B$71,'Round 7'!$Q$58)),0)) | L30: =IF($B30="","",K30+IF('Round 8'!$S$31>0,N(INDEX($B$40:$B$71,'Round 8'!$Q$58)),0)) | M30: =IF($B30="","",L30+IF('Round 9'!$S$31>0,N(INDEX($B$40:$B$71,'Round 9'!$Q$58)),0)) | N30: =IF($B30="","",M30+IF('Round 10'!$S$31>0,N(INDEX($B$40:$B$71,'Round 10'!$Q$58)),0)) | O30: =IF($B30="","",N30-$C30)
A31: 28 | B31: =IF(Setup!B32="","",Setup!B32) | C31: =IF($B31="","",N(Setup!E32)) | D31: =IF($B31="","",$C31) | E31: =IF($B31="","",D31+IF('Round 1'!$S$31>0,N(INDEX($B$40:$B$71,'Round 1'!$Q$59)),0)) | F31: =IF($B31="","",E31+IF('Round 2'!$S$31>0,N(INDEX($B$40:$B$71,'Round 2'!$Q$59)),0)) | G31: =IF($B31="","",F31+IF('Round 3'!$S$31>0,N(INDEX($B$40:$B$71,'Round 3'!$Q$59)),0)) | H31: =IF($B31="","",G31+IF('Round 4'!$S$31>0,N(INDEX($B$40:$B$71,'Round 4'!$Q$59)),0)) | I31: =IF($B31="","",H31+IF('Round 5'!$S$31>0,N(INDEX($B$40:$B$71,'Round 5'!$Q$59)),0)) | J31: =IF($B31="","",I31+IF('Round 6'!$S$31>0,N(INDEX($B$40:$B$71,'Round 6'!$Q$59)),0)) | K31: =IF($B31="","",J31+IF('Round 7'!$S$31>0,N(INDEX($B$40:$B$71,'Round 7'!$Q$59)),0)) | L31: =IF($B31="","",K31+IF('Round 8'!$S$31>0,N(INDEX($B$40:$B$71,'Round 8'!$Q$59)),0)) | M31: =IF($B31="","",L31+IF('Round 9'!$S$31>0,N(INDEX($B$40:$B$71,'Round 9'!$Q$59)),0)) | N31: =IF($B31="","",M31+IF('Round 10'!$S$31>0,N(INDEX($B$40:$B$71,'Round 10'!$Q$59)),0)) | O31: =IF($B31="","",N31-$C31)
A32: 29 | B32: =IF(Setup!B33="","",Setup!B33) | C32: =IF($B32="","",N(Setup!E33)) | D32: =IF($B32="","",$C32) | E32: =IF($B32="","",D32+IF('Round 1'!$S$31>0,N(INDEX($B$40:$B$71,'Round 1'!$Q$60)),0)) | F32: =IF($B32="","",E32+IF('Round 2'!$S$31>0,N(INDEX($B$40:$B$71,'Round 2'!$Q$60)),0)) | G32: =IF($B32="","",F32+IF('Round 3'!$S$31>0,N(INDEX($B$40:$B$71,'Round 3'!$Q$60)),0)) | H32: =IF($B32="","",G32+IF('Round 4'!$S$31>0,N(INDEX($B$40:$B$71,'Round 4'!$Q$60)),0)) | I32: =IF($B32="","",H32+IF('Round 5'!$S$31>0,N(INDEX($B$40:$B$71,'Round 5'!$Q$60)),0)) | J32: =IF($B32="","",I32+IF('Round 6'!$S$31>0,N(INDEX($B$40:$B$71,'Round 6'!$Q$60)),0)) | K32: =IF($B32="","",J32+IF('Round 7'!$S$31>0,N(INDEX($B$40:$B$71,'Round 7'!$Q$60)),0)) | L32: =IF($B32="","",K32+IF('Round 8'!$S$31>0,N(INDEX($B$40:$B$71,'Round 8'!$Q$60)),0)) | M32: =IF($B32="","",L32+IF('Round 9'!$S$31>0,N(INDEX($B$40:$B$71,'Round 9'!$Q$60)),0)) | N32: =IF($B32="","",M32+IF('Round 10'!$S$31>0,N(INDEX($B$40:$B$71,'Round 10'!$Q$60)),0)) | O32: =IF($B32="","",N32-$C32)
A33: 30 | B33: =IF(Setup!B34="","",Setup!B34) | C33: =IF($B33="","",N(Setup!E34)) | D33: =IF($B33="","",$C33) | E33: =IF($B33="","",D33+IF('Round 1'!$S$31>0,N(INDEX($B$40:$B$71,'Round 1'!$Q$61)),0)) | F33: =IF($B33="","",E33+IF('Round 2'!$S$31>0,N(INDEX($B$40:$B$71,'Round 2'!$Q$61)),0)) | G33: =IF($B33="","",F33+IF('Round 3'!$S$31>0,N(INDEX($B$40:$B$71,'Round 3'!$Q$61)),0)) | H33: =IF($B33="","",G33+IF('Round 4'!$S$31>0,N(INDEX($B$40:$B$71,'Round 4'!$Q$61)),0)) | I33: =IF($B33="","",H33+IF('Round 5'!$S$31>0,N(INDEX($B$40:$B$71,'Round 5'!$Q$61)),0)) | J33: =IF($B33="","",I33+IF('Round 6'!$S$31>0,N(INDEX($B$40:$B$71,'Round 6'!$Q$61)),0)) | K33: =IF($B33="","",J33+IF('Round 7'!$S$31>0,N(INDEX($B$40:$B$71,'Round 7'!$Q$61)),0)) | L33: =IF($B33="","",K33+IF('Round 8'!$S$31>0,N(INDEX($B$40:$B$71,'Round 8'!$Q$61)),0)) | M33: =IF($B33="","",L33+IF('Round 9'!$S$31>0,N(INDEX($B$40:$B$71,'Round 9'!$Q$61)),0)) | N33: =IF($B33="","",M33+IF('Round 10'!$S$31>0,N(INDEX($B$40:$B$71,'Round 10'!$Q$61)),0)) | O33: =IF($B33="","",N33-$C33)
A34: 31 | B34: =IF(Setup!B35="","",Setup!B35) | C34: =IF($B34="","",N(Setup!E35)) | D34: =IF($B34="","",$C34) | E34: =IF($B34="","",D34+IF('Round 1'!$S$31>0,N(INDEX($B$40:$B$71,'Round 1'!$Q$62)),0)) | F34: =IF($B34="","",E34+IF('Round 2'!$S$31>0,N(INDEX($B$40:$B$71,'Round 2'!$Q$62)),0)) | G34: =IF($B34="","",F34+IF('Round 3'!$S$31>0,N(INDEX($B$40:$B$71,'Round 3'!$Q$62)),0)) | H34: =IF($B34="","",G34+IF('Round 4'!$S$31>0,N(INDEX($B$40:$B$71,'Round 4'!$Q$62)),0)) | I34: =IF($B34="","",H34+IF('Round 5'!$S$31>0,N(INDEX($B$40:$B$71,'Round 5'!$Q$62)),0)) | J34: =IF($B34="","",I34+IF('Round 6'!$S$31>0,N(INDEX($B$40:$B$71,'Round 6'!$Q$62)),0)) | K34: =IF($B34="","",J34+IF('Round 7'!$S$31>0,N(INDEX($B$40:$B$71,'Round 7'!$Q$62)),0)) | L34: =IF($B34="","",K34+IF('Round 8'!$S$31>0,N(INDEX($B$40:$B$71,'Round 8'!$Q$62)),0)) | M34: =IF($B34="","",L34+IF('Round 9'!$S$31>0,N(INDEX($B$40:$B$71,'Round 9'!$Q$62)),0)) | N34: =IF($B34="","",M34+IF('Round 10'!$S$31>0,N(INDEX($B$40:$B$71,'Round 10'!$Q$62)),0)) | O34: =IF($B34="","",N34-$C34)
A35: 32 | B35: =IF(Setup!B36="","",Setup!B36) | C35: =IF($B35="","",N(Setup!E36)) | D35: =IF($B35="","",$C35) | E35: =IF($B35="","",D35+IF('Round 1'!$S$31>0,N(INDEX($B$40:$B$71,'Round 1'!$Q$63)),0)) | F35: =IF($B35="","",E35+IF('Round 2'!$S$31>0,N(INDEX($B$40:$B$71,'Round 2'!$Q$63)),0)) | G35: =IF($B35="","",F35+IF('Round 3'!$S$31>0,N(INDEX($B$40:$B$71,'Round 3'!$Q$63)),0)) | H35: =IF($B35="","",G35+IF('Round 4'!$S$31>0,N(INDEX($B$40:$B$71,'Round 4'!$Q$63)),0)) | I35: =IF($B35="","",H35+IF('Round 5'!$S$31>0,N(INDEX($B$40:$B$71,'Round 5'!$Q$63)),0)) | J35: =IF($B35="","",I35+IF('Round 6'!$S$31>0,N(INDEX($B$40:$B$71,'Round 6'!$Q$63)),0)) | K35: =IF($B35="","",J35+IF('Round 7'!$S$31>0,N(INDEX($B$40:$B$71,'Round 7'!$Q$63)),0)) | L35: =IF($B35="","",K35+IF('Round 8'!$S$31>0,N(INDEX($B$40:$B$71,'Round 8'!$Q$63)),0)) | M35: =IF($B35="","",L35+IF('Round 9'!$S$31>0,N(INDEX($B$40:$B$71,'Round 9'!$Q$63)),0)) | N35: =IF($B35="","",M35+IF('Round 10'!$S$31>0,N(INDEX($B$40:$B$71,'Round 10'!$Q$63)),0)) | O35: =IF($B35="","",N35-$C35)
A38: Daily Handicap Adjustment (auto-scales to player count — amounts may be overridden)
A39: Position | B39: Amount
A40: 1 | B40: =IF(OR($B$1=0,A40>$B$1),"",IF($B$1<=1,0,2*(2*(A40-1)/($B$1-1)-1)))
A41: 2 | B41: =IF(OR($B$1=0,A41>$B$1),"",IF($B$1<=1,0,2*(2*(A41-1)/($B$1-1)-1)))
A42: 3 | B42: =IF(OR($B$1=0,A42>$B$1),"",IF($B$1<=1,0,2*(2*(A42-1)/($B$1-1)-1)))
A43: 4 | B43: =IF(OR($B$1=0,A43>$B$1),"",IF($B$1<=1,0,2*(2*(A43-1)/($B$1-1)-1)))
A44: 5 | B44: =IF(OR($B$1=0,A44>$B$1),"",IF($B$1<=1,0,2*(2*(A44-1)/($B$1-1)-1)))
A45: 6 | B45: =IF(OR($B$1=0,A45>$B$1),"",IF($B$1<=1,0,2*(2*(A45-1)/($B$1-1)-1)))
A46: 7 | B46: =IF(OR($B$1=0,A46>$B$1),"",IF($B$1<=1,0,2*(2*(A46-1)/($B$1-1)-1)))
A47: 8 | B47: =IF(OR($B$1=0,A47>$B$1),"",IF($B$1<=1,0,2*(2*(A47-1)/($B$1-1)-1)))
A48: 9 | B48: =IF(OR($B$1=0,A48>$B$1),"",IF($B$1<=1,0,2*(2*(A48-1)/($B$1-1)-1)))
A49: 10 | B49: =IF(OR($B$1=0,A49>$B$1),"",IF($B$1<=1,0,2*(2*(A49-1)/($B$1-1)-1)))
A50: 11 | B50: =IF(OR($B$1=0,A50>$B$1),"",IF($B$1<=1,0,2*(2*(A50-1)/($B$1-1)-1)))
A51: 12 | B51: =IF(OR($B$1=0,A51>$B$1),"",IF($B$1<=1,0,2*(2*(A51-1)/($B$1-1)-1)))
... A71: 32 | B71: =IF(OR($B$1=0,A71>$B$1),"",IF($B$1<=1,0,2*(2*(A71-1)/($B$1-1)-1)))

Sheet Round 1
A1: Round 1 | B1: =IF(Setup!G$4="","(enter course on Setup sheet)",Setup!G$4)
A2: Player | D2: =IF(Setup!$B$5="","",Setup!$B$5) | F2: =IF(Setup!$B$6="","",Setup!$B$6) | H2: =IF(Setup!$B$7="","",Setup!$B$7) | J2: =IF(Setup!$B$8="","",Setup!$B$8) | L2: =IF(Setup!$B$9="","",Setup!$B$9) | N2: =IF(Setup!$B$10="","",Setup!$B$10) | P2: =IF(Setup!$B$11="","",Setup!$B$11) | R2: =IF(Setup!$B$12="","",Setup!$B$12) | T2: =IF(Setup!$B$13="","",Setup!$B$13) | V2: =IF(Setup!$B$14="","",Setup!$B$14) | X2: =IF(Setup!$B$15="","",Setup!$B$15) | Z2: =IF(Setup!$B$16="","",Setup!$B$16) | AB2: =IF(Setup!$B$17="","",Setup!$B$17) | AD2: =IF(Setup!$B$18="","",Setup!$B$18) | AF2: =IF(Setup!$B$19="","",Setup!$B$19) | AH2: =IF(Setup!$B$20="","",Setup!$B$20) | AJ2: =IF(Setup!$B$21="","",Setup!$B$21) | AL2: =IF(Setup!$B$22="","",Setup!$B$22) | AN2: =IF(Setup!$B$23="","",Setup!$B$23) | AP2: =IF(Setup!$B$24="","",Setup!$B$24) | AR2: =IF(Setup!$B$25="","",Setup!$B$25) | AT2: =IF(Setup!$B$26="","",Setup!$B$26) | AV2: =IF(Setup!$B$27="","",Setup!$B$27) | AX2: =IF(Setup!$B$28="","",Setup!$B$28) | AZ2: =IF(Setup!$B$29="","",Setup!$B$29) | BB2: =IF(Setup!$B$30="","",Setup!$B$30) | BD2: =IF(Setup!$B$31="","",Setup!$B$31) | BF2: =IF(Setup!$B$32="","",Setup!$B$32) | BH2: =IF(Setup!$B$33="","",Setup!$B$33) | BJ2: =IF(Setup!$B$34="","",Setup!$B$34) | BL2: =IF(Setup!$B$35="","",Setup!$B$35) | BN2: =IF(Setup!$B$36="","",Setup!$B$36)
A3: Daily H'cap | D3: =IF(D$2="","",ROUND(Handicapping!D4,0)) | F3: =IF(F$2="","",ROUND(Handicapping!D5,0)) | H3: =IF(H$2="","",ROUND(Handicapping!D6,0)) | J3: =IF(J$2="","",ROUND(Handicapping!D7,0)) | L3: =IF(L$2="","",ROUND(Handicapping!D8,0)) | N3: =IF(N$2="","",ROUND(Handicapping!D9,0)) | P3: =IF(P$2="","",ROUND(Handicapping!D10,0)) | R3: =IF(R$2="","",ROUND(Handicapping!D11,0)) | T3: =IF(T$2="","",ROUND(Handicapping!D12,0)) | V3: =IF(V$2="","",ROUND(Handicapping!D13,0)) | X3: =IF(X$2="","",ROUND(Handicapping!D14,0)) | Z3: =IF(Z$2="","",ROUND(Handicapping!D15,0)) | AB3: =IF(AB$2="","",ROUND(Handicapping!D16,0)) | AD3: =IF(AD$2="","",ROUND(Handicapping!D17,0)) | AF3: =IF(AF$2="","",ROUND(Handicapping!D18,0)) | AH3: =IF(AH$2="","",ROUND(Handicapping!D19,0)) | AJ3: =IF(AJ$2="","",ROUND(Handicapping!D20,0)) | AL3: =IF(AL$2="","",ROUND(Handicapping!D21,0)) | AN3: =IF(AN$2="","",ROUND(Handicapping!D22,0)) | AP3: =IF(AP$2="","",ROUND(Handicapping!D23,0)) | AR3: =IF(AR$2="","",ROUND(Handicapping!D24,0)) | AT3: =IF(AT$2="","",ROUND(Handicapping!D25,0)) | AV3: =IF(AV$2="","",ROUND(Handicapping!D26,0)) | AX3: =IF(AX$2="","",ROUND(Handicapping!D27,0)) | AZ3: =IF(AZ$2="","",ROUND(Handicapping!D28,0)) | BB3: =IF(BB$2="","",ROUND(Handicapping!D29,0)) | BD3: =IF(BD$2="","",ROUND(Handicapping!D30,0)) | BF3: =IF(BF$2="","",ROUND(Handicapping!D31,0)) | BH3: =IF(BH$2="","",ROUND(Handicapping!D32,0)) | BJ3: =IF(BJ$2="","",ROUND(Handicapping!D33,0)) | BL3: =IF(BL$2="","",ROUND(Handicapping!D34,0)) | BN3: =IF(BN$2="","",ROUND(Handicapping!D35,0))
A4: Hole | B4: Par | C4: SI | D4: Score | E4: Pts | F4: Score | G4: Pts | H4: Score | I4: Pts | J4: Score | K4: Pts | L4: Score | M4: Pts | N4: Score | O4: Pts | P4: Score | Q4: Pts | R4: Score | S4: Pts | T4: Score | U4: Pts | V4: Score | W4: Pts | X4: Score | Y4: Pts | Z4: Score | AA4: Pts | AB4: Score | AC4: Pts | AD4: Score | AE4: Pts | AF4: Score | AG4: Pts | AH4: Score | AI4: Pts | AJ4: Score | AK4: Pts | AL4: Score | AM4: Pts | AN4: Score | AO4: Pts | AP4: Score | AQ4: Pts | AR4: Score | AS4: Pts | AT4: Score | AU4: Pts | AV4: Score | AW4: Pts | AX4: Score | AY4: Pts | AZ4: Score | BA4: Pts | BB4: Score | BC4: Pts | BD4: Score | BE4: Pts | BF4: Score | BG4: Pts | BH4: Score | BI4: Pts | BJ4: Score | BK4: Pts | BL4: Score | BM4: Pts | BN4: Score | BO4: Pts
A5: 1 | B5: =IF(Setup!G$6="","",Setup!G$6) | C5: =IF(Setup!H$6="","",Setup!H$6) | E5: =IF(OR(N(D5)=0,$B5="",$C5=""),0,MAX(0,$B5+2-D5+IF($C5<=D$3,1,0)+IF($C5+18<=D$3,1,0)+IF($C5+36<=D$3,1,0))) | G5: =IF(OR(N(F5)=0,$B5="",$C5=""),0,MAX(0,$B5+2-F5+IF($C5<=F$3,1,0)+IF($C5+18<=F$3,1,0)+IF($C5+36<=F$3,1,0))) | I5: =IF(OR(N(H5)=0,$B5="",$C5=""),0,MAX(0,$B5+2-H5+IF($C5<=H$3,1,0)+IF($C5+18<=H$3,1,0)+IF($C5+36<=H$3,1,0))) | K5: =IF(OR(N(J5)=0,$B5="",$C5=""),0,MAX(0,$B5+2-J5+IF($C5<=J$3,1,0)+IF($C5+18<=J$3,1,0)+IF($C5+36<=J$3,1,0))) | M5: =IF(OR(N(L5)=0,$B5="",$C5=""),0,MAX(0,$B5+2-L5+IF($C5<=L$3,1,0)+IF($C5+18<=L$3,1,0)+IF($C5+36<=L$3,1,0))) | O5: =IF(OR(N(N5)=0,$B5="",$C5=""),0,MAX(0,$B5+2-N5+IF($C5<=N$3,1,0)+IF($C5+18<=N$3,1,0)+IF($C5+36<=N$3,1,0))) | Q5: =IF(OR(N(P5)=0,$B5="",$C5=""),0,MAX(0,$B5+2-P5+IF($C5<=P$3,1,0)+IF($C5+18<=P$3,1,0)+IF($C5+36<=P$3,1,0))) | S5: =IF(OR(N(R5)=0,$B5="",$C5=""),0,MAX(0,$B5+2-R5+IF($C5<=R$3,1,0)+IF($C5+18<=R$3,1,0)+IF($C5+36<=R$3,1,0))) | U5: =IF(OR(N(T5)=0,$B5="",$C5=""),0,MAX(0,$B5+2-T5+IF($C5<=T$3,1,0)+IF($C5+18<=T$3,1,0)+IF($C5+36<=T$3,1,0))) | W5: =IF(OR(N(V5)=0,$B5="",$C5=""),0,MAX(0,$B5+2-V5+IF($C5<=V$3,1,0)+IF($C5+18<=V$3,1,0)+IF($C5+36<=V$3,1,0))) | Y5: =IF(OR(N(X5)=0,$B5="",$C5=""),0,MAX(0,$B5+2-X5+IF($C5<=X$3,1,0)+IF($C5+18<=X$3,1,0)+IF($C5+36<=X$3,1,0))) | AA5: =IF(OR(N(Z5)=0,$B5="",$C5=""),0,MAX(0,$B5+2-Z5+IF($C5<=Z$3,1,0)+IF($C5+18<=Z$3,1,0)+IF($C5+36<=Z$3,1,0))) | AC5: =IF(OR(N(AB5)=0,$B5="",$C5=""),0,MAX(0,$B5+2-AB5+IF($C5<=AB$3,1,0)+IF($C5+18<=AB$3,1,0)+IF($C5+36<=AB$3,1,0))) | AE5: =IF(OR(N(AD5)=0,$B5="",$C5=""),0,MAX(0,$B5+2-AD5+IF($C5<=AD$3,1,0)+IF($C5+18<=AD$3,1,0)+IF($C5+36<=AD$3,1,0))) | AG5: =IF(OR(N(AF5)=0,$B5="",$C5=""),0,MAX(0,$B5+2-AF5+IF($C5<=AF$3,1,0)+IF($C5+18<=AF$3,1,0)+IF($C5+36<=AF$3,1,0))) | AI5: =IF(OR(N(AH5)=0,$B5="",$C5=""),0,MAX(0,$B5+2-AH5+IF($C5<=AH$3,1,0)+IF($C5+18<=AH$3,1,0)+IF($C5+36<=AH$3,1,0))) | AK5: =IF(OR(N(AJ5)=0,$B5="",$C5=""),0,MAX(0,$B5+2-AJ5+IF($C5<=AJ$3,1,0)+IF($C5+18<=AJ$3,1,0)+IF($C5+36<=AJ$3,1,0))) | AM5: =IF(OR(N(AL5)=0,$B5="",$C5=""),0,MAX(0,$B5+2-AL5+IF($C5<=AL$3,1,0)+IF($C5+18<=AL$3,1,0)+IF($C5+36<=AL$3,1,0))) | AO5: =IF(OR(N(AN5)=0,$B5="",$C5=""),0,MAX(0,$B5+2-AN5+IF($C5<=AN$3,1,0)+IF($C5+18<=AN$3,1,0)+IF($C5+36<=AN$3,1,0))) | AQ5: =IF(OR(N(AP5)=0,$B5="",$C5=""),0,MAX(0,$B5+2-AP5+IF($C5<=AP$3,1,0)+IF($C5+18<=AP$3,1,0)+IF($C5+36<=AP$3,1,0))) | AS5: =IF(OR(N(AR5)=0,$B5="",$C5=""),0,MAX(0,$B5+2-AR5+IF($C5<=AR$3,1,0)+IF($C5+18<=AR$3,1,0)+IF($C5+36<=AR$3,1,0))) | AU5: =IF(OR(N(AT5)=0,$B5="",$C5=""),0,MAX(0,$B5+2-AT5+IF($C5<=AT$3,1,0)+IF($C5+18<=AT$3,1,0)+IF($C5+36<=AT$3,1,0))) | AW5: =IF(OR(N(AV5)=0,$B5="",$C5=""),0,MAX(0,$B5+2-AV5+IF($C5<=AV$3,1,0)+IF($C5+18<=AV$3,1,0)+IF($C5+36<=AV$3,1,0))) | AY5: =IF(OR(N(AX5)=0,$B5="",$C5=""),0,MAX(0,$B5+2-AX5+IF($C5<=AX$3,1,0)+IF($C5+18<=AX$3,1,0)+IF($C5+36<=AX$3,1,0))) | BA5: =IF(OR(N(AZ5)=0,$B5="",$C5=""),0,MAX(0,$B5+2-AZ5+IF($C5<=AZ$3,1,0)+IF($C5+18<=AZ$3,1,0)+IF($C5+36<=AZ$3,1,0))) | BC5: =IF(OR(N(BB5)=0,$B5="",$C5=""),0,MAX(0,$B5+2-BB5+IF($C5<=BB$3,1,0)+IF($C5+18<=BB$3,1,0)+IF($C5+36<=BB$3,1,0))) | BE5: =IF(OR(N(BD5)=0,$B5="",$C5=""),0,MAX(0,$B5+2-BD5+IF($C5<=BD$3,1,0)+IF($C5+18<=BD$3,1,0)+IF($C5+36<=BD$3,1,0))) | BG5: =IF(OR(N(BF5)=0,$B5="",$C5=""),0,MAX(0,$B5+2-BF5+IF($C5<=BF$3,1,0)+IF($C5+18<=BF$3,1,0)+IF($C5+36<=BF$3,1,0))) | BI5: =IF(OR(N(BH5)=0,$B5="",$C5=""),0,MAX(0,$B5+2-BH5+IF($C5<=BH$3,1,0)+IF($C5+18<=BH$3,1,0)+IF($C5+36<=BH$3,1,0))) | BK5: =IF(OR(N(BJ5)=0,$B5="",$C5=""),0,MAX(0,$B5+2-BJ5+IF($C5<=BJ$3,1,0)+IF($C5+18<=BJ$3,1,0)+IF($C5+36<=BJ$3,1,0))) | BM5: =IF(OR(N(BL5)=0,$B5="",$C5=""),0,MAX(0,$B5+2-BL5+IF($C5<=BL$3,1,0)+IF($C5+18<=BL$3,1,0)+IF($C5+36<=BL$3,1,0))) | BO5: =IF(OR(N(BN5)=0,$B5="",$C5=""),0,MAX(0,$B5+2-BN5+IF($C5<=BN$3,1,0)+IF($C5+18<=BN$3,1,0)+IF($C5+36<=BN$3,1,0)))
A6: 2 | B6: =IF(Setup!G$7="","",Setup!G$7) | C6: =IF(Setup!H$7="","",Setup!H$7) | E6: =IF(OR(N(D6)=0,$B6="",$C6=""),0,MAX(0,$B6+2-D6+IF($C6<=D$3,1,0)+IF($C6+18<=D$3,1,0)+IF($C6+36<=D$3,1,0))) | G6: =IF(OR(N(F6)=0,$B6="",$C6=""),0,MAX(0,$B6+2-F6+IF($C6<=F$3,1,0)+IF($C6+18<=F$3,1,0)+IF($C6+36<=F$3,1,0))) | I6: =IF(OR(N(H6)=0,$B6="",$C6=""),0,MAX(0,$B6+2-H6+IF($C6<=H$3,1,0)+IF($C6+18<=H$3,1,0)+IF($C6+36<=H$3,1,0))) | K6: =IF(OR(N(J6)=0,$B6="",$C6=""),0,MAX(0,$B6+2-J6+IF($C6<=J$3,1,0)+IF($C6+18<=J$3,1,0)+IF($C6+36<=J$3,1,0))) | M6: =IF(OR(N(L6)=0,$B6="",$C6=""),0,MAX(0,$B6+2-L6+IF($C6<=L$3,1,0)+IF($C6+18<=L$3,1,0)+IF($C6+36<=L$3,1,0))) | O6: =IF(OR(N(N6)=0,$B6="",$C6=""),0,MAX(0,$B6+2-N6+IF($C6<=N$3,1,0)+IF($C6+18<=N$3,1,0)+IF($C6+36<=N$3,1,0))) | Q6: =IF(OR(N(P6)=0,$B6="",$C6=""),0,MAX(0,$B6+2-P6+IF($C6<=P$3,1,0)+IF($C6+18<=P$3,1,0)+IF($C6+36<=P$3,1,0))) | S6: =IF(OR(N(R6)=0,$B6="",$C6=""),0,MAX(0,$B6+2-R6+IF($C6<=R$3,1,0)+IF($C6+18<=R$3,1,0)+IF($C6+36<=R$3,1,0))) | U6: =IF(OR(N(T6)=0,$B6="",$C6=""),0,MAX(0,$B6+2-T6+IF($C6<=T$3,1,0)+IF($C6+18<=T$3,1,0)+IF($C6+36<=T$3,1,0))) | W6: =IF(OR(N(V6)=0,$B6="",$C6=""),0,MAX(0,$B6+2-V6+IF($C6<=V$3,1,0)+IF($C6+18<=V$3,1,0)+IF($C6+36<=V$3,1,0))) | Y6: =IF(OR(N(X6)=0,$B6="",$C6=""),0,MAX(0,$B6+2-X6+IF($C6<=X$3,1,0)+IF($C6+18<=X$3,1,0)+IF($C6+36<=X$3,1,0))) | AA6: =IF(OR(N(Z6)=0,$B6="",$C6=""),0,MAX(0,$B6+2-Z6+IF($C6<=Z$3,1,0)+IF($C6+18<=Z$3,1,0)+IF($C6+36<=Z$3,1,0))) | AC6: =IF(OR(N(AB6)=0,$B6="",$C6=""),0,MAX(0,$B6+2-AB6+IF($C6<=AB$3,1,0)+IF($C6+18<=AB$3,1,0)+IF($C6+36<=AB$3,1,0))) | AE6: =IF(OR(N(AD6)=0,$B6="",$C6=""),0,MAX(0,$B6+2-AD6+IF($C6<=AD$3,1,0)+IF($C6+18<=AD$3,1,0)+IF($C6+36<=AD$3,1,0))) | AG6: =IF(OR(N(AF6)=0,$B6="",$C6=""),0,MAX(0,$B6+2-AF6+IF($C6<=AF$3,1,0)+IF($C6+18<=AF$3,1,0)+IF($C6+36<=AF$3,1,0))) | AI6: =IF(OR(N(AH6)=0,$B6="",$C6=""),0,MAX(0,$B6+2-AH6+IF($C6<=AH$3,1,0)+IF($C6+18<=AH$3,1,0)+IF($C6+36<=AH$3,1,0))) | AK6: =IF(OR(N(AJ6)=0,$B6="",$C6=""),0,MAX(0,$B6+2-AJ6+IF($C6<=AJ$3,1,0)+IF($C6+18<=AJ$3,1,0)+IF($C6+36<=AJ$3,1,0))) | AM6: =IF(OR(N(AL6)=0,$B6="",$C6=""),0,MAX(0,$B6+2-AL6+IF($C6<=AL$3,1,0)+IF($C6+18<=AL$3,1,0)+IF($C6+36<=AL$3,1,0))) | AO6: =IF(OR(N(AN6)=0,$B6="",$C6=""),0,MAX(0,$B6+2-AN6+IF($C6<=AN$3,1,0)+IF($C6+18<=AN$3,1,0)+IF($C6+36<=AN$3,1,0))) | AQ6: =IF(OR(N(AP6)=0,$B6="",$C6=""),0,MAX(0,$B6+2-AP6+IF($C6<=AP$3,1,0)+IF($C6+18<=AP$3,1,0)+IF($C6+36<=AP$3,1,0))) | AS6: =IF(OR(N(AR6)=0,$B6="",$C6=""),0,MAX(0,$B6+2-AR6+IF($C6<=AR$3,1,0)+IF($C6+18<=AR$3,1,0)+IF($C6+36<=AR$3,1,0))) | AU6: =IF(OR(N(AT6)=0,$B6="",$C6=""),0,MAX(0,$B6+2-AT6+IF($C6<=AT$3,1,0)+IF($C6+18<=AT$3,1,0)+IF($C6+36<=AT$3,1,0))) | AW6: =IF(OR(N(AV6)=0,$B6="",$C6=""),0,MAX(0,$B6+2-AV6+IF($C6<=AV$3,1,0)+IF($C6+18<=AV$3,1,0)+IF($C6+36<=AV$3,1,0))) | AY6: =IF(OR(N(AX6)=0,$B6="",$C6=""),0,MAX(0,$B6+2-AX6+IF($C6<=AX$3,1,0)+IF($C6+18<=AX$3,1,0)+IF($C6+36<=AX$3,1,0))) | BA6: =IF(OR(N(AZ6)=0,$B6="",$C6=""),0,MAX(0,$B6+2-AZ6+IF($C6<=AZ$3,1,0)+IF($C6+18<=AZ$3,1,0)+IF($C6+36<=AZ$3,1,0))) | BC6: =IF(OR(N(BB6)=0,$B6="",$C6=""),0,MAX(0,$B6+2-BB6+IF($C6<=BB$3,1,0)+IF($C6+18<=BB$3,1,0)+IF($C6+36<=BB$3,1,0))) | BE6: =IF(OR(N(BD6)=0,$B6="",$C6=""),0,MAX(0,$B6+2-BD6+IF($C6<=BD$3,1,0)+IF($C6+18<=BD$3,1,0)+IF($C6+36<=BD$3,1,0))) | BG6: =IF(OR(N(BF6)=0,$B6="",$C6=""),0,MAX(0,$B6+2-BF6+IF($C6<=BF$3,1,0)+IF($C6+18<=BF$3,1,0)+IF($C6+36<=BF$3,1,0))) | BI6: =IF(OR(N(BH6)=0,$B6="",$C6=""),0,MAX(0,$B6+2-BH6+IF($C6<=BH$3,1,0)+IF($C6+18<=BH$3,1,0)+IF($C6+36<=BH$3,1,0))) | BK6: =IF(OR(N(BJ6)=0,$B6="",$C6=""),0,MAX(0,$B6+2-BJ6+IF($C6<=BJ$3,1,0)+IF($C6+18<=BJ$3,1,0)+IF($C6+36<=BJ$3,1,0))) | BM6: =IF(OR(N(BL6)=0,$B6="",$C6=""),0,MAX(0,$B6+2-BL6+IF($C6<=BL$3,1,0)+IF($C6+18<=BL$3,1,0)+IF($C6+36<=BL$3,1,0))) | BO6: =IF(OR(N(BN6)=0,$B6="",$C6=""),0,MAX(0,$B6+2-BN6+IF($C6<=BN$3,1,0)+IF($C6+18<=BN$3,1,0)+IF($C6+36<=BN$3,1,0)))
A7: 3 | B7: =IF(Setup!G$8="","",Setup!G$8) | C7: =IF(Setup!H$8="","",Setup!H$8) | E7: =IF(OR(N(D7)=0,$B7="",$C7=""),0,MAX(0,$B7+2-D7+IF($C7<=D$3,1,0)+IF($C7+18<=D$3,1,0)+IF($C7+36<=D$3,1,0))) | G7: =IF(OR(N(F7)=0,$B7="",$C7=""),0,MAX(0,$B7+2-F7+IF($C7<=F$3,1,0)+IF($C7+18<=F$3,1,0)+IF($C7+36<=F$3,1,0))) | I7: =IF(OR(N(H7)=0,$B7="",$C7=""),0,MAX(0,$B7+2-H7+IF($C7<=H$3,1,0)+IF($C7+18<=H$3,1,0)+IF($C7+36<=H$3,1,0))) | K7: =IF(OR(N(J7)=0,$B7="",$C7=""),0,MAX(0,$B7+2-J7+IF($C7<=J$3,1,0)+IF($C7+18<=J$3,1,0)+IF($C7+36<=J$3,1,0))) | M7: =IF(OR(N(L7)=0,$B7="",$C7=""),0,MAX(0,$B7+2-L7+IF($C7<=L$3,1,0)+IF($C7+18<=L$3,1,0)+IF($C7+36<=L$3,1,0))) | O7: =IF(OR(N(N7)=0,$B7="",$C7=""),0,MAX(0,$B7+2-N7+IF($C7<=N$3,1,0)+IF($C7+18<=N$3,1,0)+IF($C7+36<=N$3,1,0))) | Q7: =IF(OR(N(P7)=0,$B7="",$C7=""),0,MAX(0,$B7+2-P7+IF($C7<=P$3,1,0)+IF($C7+18<=P$3,1,0)+IF($C7+36<=P$3,1,0))) | S7: =IF(OR(N(R7)=0,$B7="",$C7=""),0,MAX(0,$B7+2-R7+IF($C7<=R$3,1,0)+IF($C7+18<=R$3,1,0)+IF($C7+36<=R$3,1,0))) | U7: =IF(OR(N(T7)=0,$B7="",$C7=""),0,MAX(0,$B7+2-T7+IF($C7<=T$3,1,0)+IF($C7+18<=T$3,1,0)+IF($C7+36<=T$3,1,0))) | W7: =IF(OR(N(V7)=0,$B7="",$C7=""),0,MAX(0,$B7+2-V7+IF($C7<=V$3,1,0)+IF($C7+18<=V$3,1,0)+IF($C7+36<=V$3,1,0))) | Y7: =IF(OR(N(X7)=0,$B7="",$C7=""),0,MAX(0,$B7+2-X7+IF($C7<=X$3,1,0)+IF($C7+18<=X$3,1,0)+IF($C7+36<=X$3,1,0))) | AA7: =IF(OR(N(Z7)=0,$B7="",$C7=""),0,MAX(0,$B7+2-Z7+IF($C7<=Z$3,1,0)+IF($C7+18<=Z$3,1,0)+IF($C7+36<=Z$3,1,0))) | AC7: =IF(OR(N(AB7)=0,$B7="",$C7=""),0,MAX(0,$B7+2-AB7+IF($C7<=AB$3,1,0)+IF($C7+18<=AB$3,1,0)+IF($C7+36<=AB$3,1,0))) | AE7: =IF(OR(N(AD7)=0,$B7="",$C7=""),0,MAX(0,$B7+2-AD7+IF($C7<=AD$3,1,0)+IF($C7+18<=AD$3,1,0)+IF($C7+36<=AD$3,1,0))) | AG7: =IF(OR(N(AF7)=0,$B7="",$C7=""),0,MAX(0,$B7+2-AF7+IF($C7<=AF$3,1,0)+IF($C7+18<=AF$3,1,0)+IF($C7+36<=AF$3,1,0))) | AI7: =IF(OR(N(AH7)=0,$B7="",$C7=""),0,MAX(0,$B7+2-AH7+IF($C7<=AH$3,1,0)+IF($C7+18<=AH$3,1,0)+IF($C7+36<=AH$3,1,0))) | AK7: =IF(OR(N(AJ7)=0,$B7="",$C7=""),0,MAX(0,$B7+2-AJ7+IF($C7<=AJ$3,1,0)+IF($C7+18<=AJ$3,1,0)+IF($C7+36<=AJ$3,1,0))) | AM7: =IF(OR(N(AL7)=0,$B7="",$C7=""),0,MAX(0,$B7+2-AL7+IF($C7<=AL$3,1,0)+IF($C7+18<=AL$3,1,0)+IF($C7+36<=AL$3,1,0))) | AO7: =IF(OR(N(AN7)=0,$B7="",$C7=""),0,MAX(0,$B7+2-AN7+IF($C7<=AN$3,1,0)+IF($C7+18<=AN$3,1,0)+IF($C7+36<=AN$3,1,0))) | AQ7: =IF(OR(N(AP7)=0,$B7="",$C7=""),0,MAX(0,$B7+2-AP7+IF($C7<=AP$3,1,0)+IF($C7+18<=AP$3,1,0)+IF($C7+36<=AP$3,1,0))) | AS7: =IF(OR(N(AR7)=0,$B7="",$C7=""),0,MAX(0,$B7+2-AR7+IF($C7<=AR$3,1,0)+IF($C7+18<=AR$3,1,0)+IF($C7+36<=AR$3,1,0))) | AU7: =IF(OR(N(AT7)=0,$B7="",$C7=""),0,MAX(0,$B7+2-AT7+IF($C7<=AT$3,1,0)+IF($C7+18<=AT$3,1,0)+IF($C7+36<=AT$3,1,0))) | AW7: =IF(OR(N(AV7)=0,$B7="",$C7=""),0,MAX(0,$B7+2-AV7+IF($C7<=AV$3,1,0)+IF($C7+18<=AV$3,1,0)+IF($C7+36<=AV$3,1,0))) | AY7: =IF(OR(N(AX7)=0,$B7="",$C7=""),0,MAX(0,$B7+2-AX7+IF($C7<=AX$3,1,0)+IF($C7+18<=AX$3,1,0)+IF($C7+36<=AX$3,1,0))) | BA7: =IF(OR(N(AZ7)=0,$B7="",$C7=""),0,MAX(0,$B7+2-AZ7+IF($C7<=AZ$3,1,0)+IF($C7+18<=AZ$3,1,0)+IF($C7+36<=AZ$3,1,0))) | BC7: =IF(OR(N(BB7)=0,$B7="",$C7=""),0,MAX(0,$B7+2-BB7+IF($C7<=BB$3,1,0)+IF($C7+18<=BB$3,1,0)+IF($C7+36<=BB$3,1,0))) | BE7: =IF(OR(N(BD7)=0,$B7="",$C7=""),0,MAX(0,$B7+2-BD7+IF($C7<=BD$3,1,0)+IF($C7+18<=BD$3,1,0)+IF($C7+36<=BD$3,1,0))) | BG7: =IF(OR(N(BF7)=0,$B7="",$C7=""),0,MAX(0,$B7+2-BF7+IF($C7<=BF$3,1,0)+IF($C7+18<=BF$3,1,0)+IF($C7+36<=BF$3,1,0))) | BI7: =IF(OR(N(BH7)=0,$B7="",$C7=""),0,MAX(0,$B7+2-BH7+IF($C7<=BH$3,1,0)+IF($C7+18<=BH$3,1,0)+IF($C7+36<=BH$3,1,0))) | BK7: =IF(OR(N(BJ7)=0,$B7="",$C7=""),0,MAX(0,$B7+2-BJ7+IF($C7<=BJ$3,1,0)+IF($C7+18<=BJ$3,1,0)+IF($C7+36<=BJ$3,1,0))) | BM7: =IF(OR(N(BL7)=0,$B7="",$C7=""),0,MAX(0,$B7+2-BL7+IF($C7<=BL$3,1,0)+IF($C7+18<=BL$3,1,0)+IF($C7+36<=BL$3,1,0))) | BO7: =IF(OR(N(BN7)=0,$B7="",$C7=""),0,MAX(0,$B7+2-BN7+IF($C7<=BN$3,1,0)+IF($C7+18<=BN$3,1,0)+IF($C7+36<=BN$3,1,0)))
A8: 4 | B8: =IF(Setup!G$9="","",Setup!G$9) | C8: =IF(Setup!H$9="","",Setup!H$9) | E8: =IF(OR(N(D8)=0,$B8="",$C8=""),0,MAX(0,$B8+2-D8+IF($C8<=D$3,1,0)+IF($C8+18<=D$3,1,0)+IF($C8+36<=D$3,1,0))) | G8: =IF(OR(N(F8)=0,$B8="",$C8=""),0,MAX(0,$B8+2-F8+IF($C8<=F$3,1,0)+IF($C8+18<=F$3,1,0)+IF($C8+36<=F$3,1,0))) | I8: =IF(OR(N(H8)=0,$B8="",$C8=""),0,MAX(0,$B8+2-H8+IF($C8<=H$3,1,0)+IF($C8+18<=H$3,1,0)+IF($C8+36<=H$3,1,0))) | K8: =IF(OR(N(J8)=0,$B8="",$C8=""),0,MAX(0,$B8+2-J8+IF($C8<=J$3,1,0)+IF($C8+18<=J$3,1,0)+IF($C8+36<=J$3,1,0))) | M8: =IF(OR(N(L8)=0,$B8="",$C8=""),0,MAX(0,$B8+2-L8+IF($C8<=L$3,1,0)+IF($C8+18<=L$3,1,0)+IF($C8+36<=L$3,1,0))) | O8: =IF(OR(N(N8)=0,$B8="",$C8=""),0,MAX(0,$B8+2-N8+IF($C8<=N$3,1,0)+IF($C8+18<=N$3,1,0)+IF($C8+36<=N$3,1,0))) | Q8: =IF(OR(N(P8)=0,$B8="",$C8=""),0,MAX(0,$B8+2-P8+IF($C8<=P$3,1,0)+IF($C8+18<=P$3,1,0)+IF($C8+36<=P$3,1,0))) | S8: =IF(OR(N(R8)=0,$B8="",$C8=""),0,MAX(0,$B8+2-R8+IF($C8<=R$3,1,0)+IF($C8+18<=R$3,1,0)+IF($C8+36<=R$3,1,0))) | U8: =IF(OR(N(T8)=0,$B8="",$C8=""),0,MAX(0,$B8+2-T8+IF($C8<=T$3,1,0)+IF($C8+18<=T$3,1,0)+IF($C8+36<=T$3,1,0))) | W8: =IF(OR(N(V8)=0,$B8="",$C8=""),0,MAX(0,$B8+2-V8+IF($C8<=V$3,1,0)+IF($C8+18<=V$3,1,0)+IF($C8+36<=V$3,1,0))) | Y8: =IF(OR(N(X8)=0,$B8="",$C8=""),0,MAX(0,$B8+2-X8+IF($C8<=X$3,1,0)+IF($C8+18<=X$3,1,0)+IF($C8+36<=X$3,1,0))) | AA8: =IF(OR(N(Z8)=0,$B8="",$C8=""),0,MAX(0,$B8+2-Z8+IF($C8<=Z$3,1,0)+IF($C8+18<=Z$3,1,0)+IF($C8+36<=Z$3,1,0))) | AC8: =IF(OR(N(AB8)=0,$B8="",$C8=""),0,MAX(0,$B8+2-AB8+IF($C8<=AB$3,1,0)+IF($C8+18<=AB$3,1,0)+IF($C8+36<=AB$3,1,0))) | AE8: =IF(OR(N(AD8)=0,$B8="",$C8=""),0,MAX(0,$B8+2-AD8+IF($C8<=AD$3,1,0)+IF($C8+18<=AD$3,1,0)+IF($C8+36<=AD$3,1,0))) | AG8: =IF(OR(N(AF8)=0,$B8="",$C8=""),0,MAX(0,$B8+2-AF8+IF($C8<=AF$3,1,0)+IF($C8+18<=AF$3,1,0)+IF($C8+36<=AF$3,1,0))) | AI8: =IF(OR(N(AH8)=0,$B8="",$C8=""),0,MAX(0,$B8+2-AH8+IF($C8<=AH$3,1,0)+IF($C8+18<=AH$3,1,0)+IF($C8+36<=AH$3,1,0))) | AK8: =IF(OR(N(AJ8)=0,$B8="",$C8=""),0,MAX(0,$B8+2-AJ8+IF($C8<=AJ$3,1,0)+IF($C8+18<=AJ$3,1,0)+IF($C8+36<=AJ$3,1,0))) | AM8: =IF(OR(N(AL8)=0,$B8="",$C8=""),0,MAX(0,$B8+2-AL8+IF($C8<=AL$3,1,0)+IF($C8+18<=AL$3,1,0)+IF($C8+36<=AL$3,1,0))) | AO8: =IF(OR(N(AN8)=0,$B8="",$C8=""),0,MAX(0,$B8+2-AN8+IF($C8<=AN$3,1,0)+IF($C8+18<=AN$3,1,0)+IF($C8+36<=AN$3,1,0))) | AQ8: =IF(OR(N(AP8)=0,$B8="",$C8=""),0,MAX(0,$B8+2-AP8+IF($C8<=AP$3,1,0)+IF($C8+18<=AP$3,1,0)+IF($C8+36<=AP$3,1,0))) | AS8: =IF(OR(N(AR8)=0,$B8="",$C8=""),0,MAX(0,$B8+2-AR8+IF($C8<=AR$3,1,0)+IF($C8+18<=AR$3,1,0)+IF($C8+36<=AR$3,1,0))) | AU8: =IF(OR(N(AT8)=0,$B8="",$C8=""),0,MAX(0,$B8+2-AT8+IF($C8<=AT$3,1,0)+IF($C8+18<=AT$3,1,0)+IF($C8+36<=AT$3,1,0))) | AW8: =IF(OR(N(AV8)=0,$B8="",$C8=""),0,MAX(0,$B8+2-AV8+IF($C8<=AV$3,1,0)+IF($C8+18<=AV$3,1,0)+IF($C8+36<=AV$3,1,0))) | AY8: =IF(OR(N(AX8)=0,$B8="",$C8=""),0,MAX(0,$B8+2-AX8+IF($C8<=AX$3,1,0)+IF($C8+18<=AX$3,1,0)+IF($C8+36<=AX$3,1,0))) | BA8: =IF(OR(N(AZ8)=0,$B8="",$C8=""),0,MAX(0,$B8+2-AZ8+IF($C8<=AZ$3,1,0)+IF($C8+18<=AZ$3,1,0)+IF($C8+36<=AZ$3,1,0))) | BC8: =IF(OR(N(BB8)=0,$B8="",$C8=""),0,MAX(0,$B8+2-BB8+IF($C8<=BB$3,1,0)+IF($C8+18<=BB$3,1,0)+IF($C8+36<=BB$3,1,0))) | BE8: =IF(OR(N(BD8)=0,$B8="",$C8=""),0,MAX(0,$B8+2-BD8+IF($C8<=BD$3,1,0)+IF($C8+18<=BD$3,1,0)+IF($C8+36<=BD$3,1,0))) | BG8: =IF(OR(N(BF8)=0,$B8="",$C8=""),0,MAX(0,$B8+2-BF8+IF($C8<=BF$3,1,0)+IF($C8+18<=BF$3,1,0)+IF($C8+36<=BF$3,1,0))) | BI8: =IF(OR(N(BH8)=0,$B8="",$C8=""),0,MAX(0,$B8+2-BH8+IF($C8<=BH$3,1,0)+IF($C8+18<=BH$3,1,0)+IF($C8+36<=BH$3,1,0))) | BK8: =IF(OR(N(BJ8)=0,$B8="",$C8=""),0,MAX(0,$B8+2-BJ8+IF($C8<=BJ$3,1,0)+IF($C8+18<=BJ$3,1,0)+IF($C8+36<=BJ$3,1,0))) | BM8: =IF(OR(N(BL8)=0,$B8="",$C8=""),0,MAX(0,$B8+2-BL8+IF($C8<=BL$3,1,0)+IF($C8+18<=BL$3,1,0)+IF($C8+36<=BL$3,1,0))) | BO8: =IF(OR(N(BN8)=0,$B8="",$C8=""),0,MAX(0,$B8+2-BN8+IF($C8<=BN$3,1,0)+IF($C8+18<=BN$3,1,0)+IF($C8+36<=BN$3,1,0)))
A9: 5 | B9: =IF(Setup!G$10="","",Setup!G$10) | C9: =IF(Setup!H$10="","",Setup!H$10) | E9: =IF(OR(N(D9)=0,$B9="",$C9=""),0,MAX(0,$B9+2-D9+IF($C9<=D$3,1,0)+IF($C9+18<=D$3,1,0)+IF($C9+36<=D$3,1,0))) | G9: =IF(OR(N(F9)=0,$B9="",$C9=""),0,MAX(0,$B9+2-F9+IF($C9<=F$3,1,0)+IF($C9+18<=F$3,1,0)+IF($C9+36<=F$3,1,0))) | I9: =IF(OR(N(H9)=0,$B9="",$C9=""),0,MAX(0,$B9+2-H9+IF($C9<=H$3,1,0)+IF($C9+18<=H$3,1,0)+IF($C9+36<=H$3,1,0))) | K9: =IF(OR(N(J9)=0,$B9="",$C9=""),0,MAX(0,$B9+2-J9+IF($C9<=J$3,1,0)+IF($C9+18<=J$3,1,0)+IF($C9+36<=J$3,1,0))) | M9: =IF(OR(N(L9)=0,$B9="",$C9=""),0,MAX(0,$B9+2-L9+IF($C9<=L$3,1,0)+IF($C9+18<=L$3,1,0)+IF($C9+36<=L$3,1,0))) | O9: =IF(OR(N(N9)=0,$B9="",$C9=""),0,MAX(0,$B9+2-N9+IF($C9<=N$3,1,0)+IF($C9+18<=N$3,1,0)+IF($C9+36<=N$3,1,0))) | Q9: =IF(OR(N(P9)=0,$B9="",$C9=""),0,MAX(0,$B9+2-P9+IF($C9<=P$3,1,0)+IF($C9+18<=P$3,1,0)+IF($C9+36<=P$3,1,0))) | S9: =IF(OR(N(R9)=0,$B9="",$C9=""),0,MAX(0,$B9+2-R9+IF($C9<=R$3,1,0)+IF($C9+18<=R$3,1,0)+IF($C9+36<=R$3,1,0))) | U9: =IF(OR(N(T9)=0,$B9="",$C9=""),0,MAX(0,$B9+2-T9+IF($C9<=T$3,1,0)+IF($C9+18<=T$3,1,0)+IF($C9+36<=T$3,1,0))) | W9: =IF(OR(N(V9)=0,$B9="",$C9=""),0,MAX(0,$B9+2-V9+IF($C9<=V$3,1,0)+IF($C9+18<=V$3,1,0)+IF($C9+36<=V$3,1,0))) | Y9: =IF(OR(N(X9)=0,$B9="",$C9=""),0,MAX(0,$B9+2-X9+IF($C9<=X$3,1,0)+IF($C9+18<=X$3,1,0)+IF($C9+36<=X$3,1,0))) | AA9: =IF(OR(N(Z9)=0,$B9="",$C9=""),0,MAX(0,$B9+2-Z9+IF($C9<=Z$3,1,0)+IF($C9+18<=Z$3,1,0)+IF($C9+36<=Z$3,1,0))) | AC9: =IF(OR(N(AB9)=0,$B9="",$C9=""),0,MAX(0,$B9+2-AB9+IF($C9<=AB$3,1,0)+IF($C9+18<=AB$3,1,0)+IF($C9+36<=AB$3,1,0))) | AE9: =IF(OR(N(AD9)=0,$B9="",$C9=""),0,MAX(0,$B9+2-AD9+IF($C9<=AD$3,1,0)+IF($C9+18<=AD$3,1,0)+IF($C9+36<=AD$3,1,0))) | AG9: =IF(OR(N(AF9)=0,$B9="",$C9=""),0,MAX(0,$B9+2-AF9+IF($C9<=AF$3,1,0)+IF($C9+18<=AF$3,1,0)+IF($C9+36<=AF$3,1,0))) | AI9: =IF(OR(N(AH9)=0,$B9="",$C9=""),0,MAX(0,$B9+2-AH9+IF($C9<=AH$3,1,0)+IF($C9+18<=AH$3,1,0)+IF($C9+36<=AH$3,1,0))) | AK9: =IF(OR(N(AJ9)=0,$B9="",$C9=""),0,MAX(0,$B9+2-AJ9+IF($C9<=AJ$3,1,0)+IF($C9+18<=AJ$3,1,0)+IF($C9+36<=AJ$3,1,0))) | AM9: =IF(OR(N(AL9)=0,$B9="",$C9=""),0,MAX(0,$B9+2-AL9+IF($C9<=AL$3,1,0)+IF($C9+18<=AL$3,1,0)+IF($C9+36<=AL$3,1,0))) | AO9: =IF(OR(N(AN9)=0,$B9="",$C9=""),0,MAX(0,$B9+2-AN9+IF($C9<=AN$3,1,0)+IF($C9+18<=AN$3,1,0)+IF($C9+36<=AN$3,1,0))) | AQ9: =IF(OR(N(AP9)=0,$B9="",$C9=""),0,MAX(0,$B9+2-AP9+IF($C9<=AP$3,1,0)+IF($C9+18<=AP$3,1,0)+IF($C9+36<=AP$3,1,0))) | AS9: =IF(OR(N(AR9)=0,$B9="",$C9=""),0,MAX(0,$B9+2-AR9+IF($C9<=AR$3,1,0)+IF($C9+18<=AR$3,1,0)+IF($C9+36<=AR$3,1,0))) | AU9: =IF(OR(N(AT9)=0,$B9="",$C9=""),0,MAX(0,$B9+2-AT9+IF($C9<=AT$3,1,0)+IF($C9+18<=AT$3,1,0)+IF($C9+36<=AT$3,1,0))) | AW9: =IF(OR(N(AV9)=0,$B9="",$C9=""),0,MAX(0,$B9+2-AV9+IF($C9<=AV$3,1,0)+IF($C9+18<=AV$3,1,0)+IF($C9+36<=AV$3,1,0))) | AY9: =IF(OR(N(AX9)=0,$B9="",$C9=""),0,MAX(0,$B9+2-AX9+IF($C9<=AX$3,1,0)+IF($C9+18<=AX$3,1,0)+IF($C9+36<=AX$3,1,0))) | BA9: =IF(OR(N(AZ9)=0,$B9="",$C9=""),0,MAX(0,$B9+2-AZ9+IF($C9<=AZ$3,1,0)+IF($C9+18<=AZ$3,1,0)+IF($C9+36<=AZ$3,1,0))) | BC9: =IF(OR(N(BB9)=0,$B9="",$C9=""),0,MAX(0,$B9+2-BB9+IF($C9<=BB$3,1,0)+IF($C9+18<=BB$3,1,0)+IF($C9+36<=BB$3,1,0))) | BE9: =IF(OR(N(BD9)=0,$B9="",$C9=""),0,MAX(0,$B9+2-BD9+IF($C9<=BD$3,1,0)+IF($C9+18<=BD$3,1,0)+IF($C9+36<=BD$3,1,0))) | BG9: =IF(OR(N(BF9)=0,$B9="",$C9=""),0,MAX(0,$B9+2-BF9+IF($C9<=BF$3,1,0)+IF($C9+18<=BF$3,1,0)+IF($C9+36<=BF$3,1,0))) | BI9: =IF(OR(N(BH9)=0,$B9="",$C9=""),0,MAX(0,$B9+2-BH9+IF($C9<=BH$3,1,0)+IF($C9+18<=BH$3,1,0)+IF($C9+36<=BH$3,1,0))) | BK9: =IF(OR(N(BJ9)=0,$B9="",$C9=""),0,MAX(0,$B9+2-BJ9+IF($C9<=BJ$3,1,0)+IF($C9+18<=BJ$3,1,0)+IF($C9+36<=BJ$3,1,0))) | BM9: =IF(OR(N(BL9)=0,$B9="",$C9=""),0,MAX(0,$B9+2-BL9+IF($C9<=BL$3,1,0)+IF($C9+18<=BL$3,1,0)+IF($C9+36<=BL$3,1,0))) | BO9: =IF(OR(N(BN9)=0,$B9="",$C9=""),0,MAX(0,$B9+2-BN9+IF($C9<=BN$3,1,0)+IF($C9+18<=BN$3,1,0)+IF($C9+36<=BN$3,1,0)))
A10: 6 | B10: =IF(Setup!G$11="","",Setup!G$11) | C10: =IF(Setup!H$11="","",Setup!H$11) | E10: =IF(OR(N(D10)=0,$B10="",$C10=""),0,MAX(0,$B10+2-D10+IF($C10<=D$3,1,0)+IF($C10+18<=D$3,1,0)+IF($C10+36<=D$3,1,0))) | G10: =IF(OR(N(F10)=0,$B10="",$C10=""),0,MAX(0,$B10+2-F10+IF($C10<=F$3,1,0)+IF($C10+18<=F$3,1,0)+IF($C10+36<=F$3,1,0))) | I10: =IF(OR(N(H10)=0,$B10="",$C10=""),0,MAX(0,$B10+2-H10+IF($C10<=H$3,1,0)+IF($C10+18<=H$3,1,0)+IF($C10+36<=H$3,1,0))) | K10: =IF(OR(N(J10)=0,$B10="",$C10=""),0,MAX(0,$B10+2-J10+IF($C10<=J$3,1,0)+IF($C10+18<=J$3,1,0)+IF($C10+36<=J$3,1,0))) | M10: =IF(OR(N(L10)=0,$B10="",$C10=""),0,MAX(0,$B10+2-L10+IF($C10<=L$3,1,0)+IF($C10+18<=L$3,1,0)+IF($C10+36<=L$3,1,0))) | O10: =IF(OR(N(N10)=0,$B10="",$C10=""),0,MAX(0,$B10+2-N10+IF($C10<=N$3,1,0)+IF($C10+18<=N$3,1,0)+IF($C10+36<=N$3,1,0))) | Q10: =IF(OR(N(P10)=0,$B10="",$C10=""),0,MAX(0,$B10+2-P10+IF($C10<=P$3,1,0)+IF($C10+18<=P$3,1,0)+IF($C10+36<=P$3,1,0))) | S10: =IF(OR(N(R10)=0,$B10="",$C10=""),0,MAX(0,$B10+2-R10+IF($C10<=R$3,1,0)+IF($C10+18<=R$3,1,0)+IF($C10+36<=R$3,1,0))) | U10: =IF(OR(N(T10)=0,$B10="",$C10=""),0,MAX(0,$B10+2-T10+IF($C10<=T$3,1,0)+IF($C10+18<=T$3,1,0)+IF($C10+36<=T$3,1,0))) | W10: =IF(OR(N(V10)=0,$B10="",$C10=""),0,MAX(0,$B10+2-V10+IF($C10<=V$3,1,0)+IF($C10+18<=V$3,1,0)+IF($C10+36<=V$3,1,0))) | Y10: =IF(OR(N(X10)=0,$B10="",$C10=""),0,MAX(0,$B10+2-X10+IF($C10<=X$3,1,0)+IF($C10+18<=X$3,1,0)+IF($C10+36<=X$3,1,0))) | AA10: =IF(OR(N(Z10)=0,$B10="",$C10=""),0,MAX(0,$B10+2-Z10+IF($C10<=Z$3,1,0)+IF($C10+18<=Z$3,1,0)+IF($C10+36<=Z$3,1,0))) | AC10: =IF(OR(N(AB10)=0,$B10="",$C10=""),0,MAX(0,$B10+2-AB10+IF($C10<=AB$3,1,0)+IF($C10+18<=AB$3,1,0)+IF($C10+36<=AB$3,1,0))) | AE10: =IF(OR(N(AD10)=0,$B10="",$C10=""),0,MAX(0,$B10+2-AD10+IF($C10<=AD$3,1,0)+IF($C10+18<=AD$3,1,0)+IF($C10+36<=AD$3,1,0))) | AG10: =IF(OR(N(AF10)=0,$B10="",$C10=""),0,MAX(0,$B10+2-AF10+IF($C10<=AF$3,1,0)+IF($C10+18<=AF$3,1,0)+IF($C10+36<=AF$3,1,0))) | AI10: =IF(OR(N(AH10)=0,$B10="",$C10=""),0,MAX(0,$B10+2-AH10+IF($C10<=AH$3,1,0)+IF($C10+18<=AH$3,1,0)+IF($C10+36<=AH$3,1,0))) | AK10: =IF(OR(N(AJ10)=0,$B10="",$C10=""),0,MAX(0,$B10+2-AJ10+IF($C10<=AJ$3,1,0)+IF($C10+18<=AJ$3,1,0)+IF($C10+36<=AJ$3,1,0))) | AM10: =IF(OR(N(AL10)=0,$B10="",$C10=""),0,MAX(0,$B10+2-AL10+IF($C10<=AL$3,1,0)+IF($C10+18<=AL$3,1,0)+IF($C10+36<=AL$3,1,0))) | AO10: =IF(OR(N(AN10)=0,$B10="",$C10=""),0,MAX(0,$B10+2-AN10+IF($C10<=AN$3,1,0)+IF($C10+18<=AN$3,1,0)+IF($C10+36<=AN$3,1,0))) | AQ10: =IF(OR(N(AP10)=0,$B10="",$C10=""),0,MAX(0,$B10+2-AP10+IF($C10<=AP$3,1,0)+IF($C10+18<=AP$3,1,0)+IF($C10+36<=AP$3,1,0))) | AS10: =IF(OR(N(AR10)=0,$B10="",$C10=""),0,MAX(0,$B10+2-AR10+IF($C10<=AR$3,1,0)+IF($C10+18<=AR$3,1,0)+IF($C10+36<=AR$3,1,0))) | AU10: =IF(OR(N(AT10)=0,$B10="",$C10=""),0,MAX(0,$B10+2-AT10+IF($C10<=AT$3,1,0)+IF($C10+18<=AT$3,1,0)+IF($C10+36<=AT$3,1,0))) | AW10: =IF(OR(N(AV10)=0,$B10="",$C10=""),0,MAX(0,$B10+2-AV10+IF($C10<=AV$3,1,0)+IF($C10+18<=AV$3,1,0)+IF($C10+36<=AV$3,1,0))) | AY10: =IF(OR(N(AX10)=0,$B10="",$C10=""),0,MAX(0,$B10+2-AX10+IF($C10<=AX$3,1,0)+IF($C10+18<=AX$3,1,0)+IF($C10+36<=AX$3,1,0))) | BA10: =IF(OR(N(AZ10)=0,$B10="",$C10=""),0,MAX(0,$B10+2-AZ10+IF($C10<=AZ$3,1,0)+IF($C10+18<=AZ$3,1,0)+IF($C10+36<=AZ$3,1,0))) | BC10: =IF(OR(N(BB10)=0,$B10="",$C10=""),0,MAX(0,$B10+2-BB10+IF($C10<=BB$3,1,0)+IF($C10+18<=BB$3,1,0)+IF($C10+36<=BB$3,1,0))) | BE10: =IF(OR(N(BD10)=0,$B10="",$C10=""),0,MAX(0,$B10+2-BD10+IF($C10<=BD$3,1,0)+IF($C10+18<=BD$3,1,0)+IF($C10+36<=BD$3,1,0))) | BG10: =IF(OR(N(BF10)=0,$B10="",$C10=""),0,MAX(0,$B10+2-BF10+IF($C10<=BF$3,1,0)+IF($C10+18<=BF$3,1,0)+IF($C10+36<=BF$3,1,0))) | BI10: =IF(OR(N(BH10)=0,$B10="",$C10=""),0,MAX(0,$B10+2-BH10+IF($C10<=BH$3,1,0)+IF($C10+18<=BH$3,1,0)+IF($C10+36<=BH$3,1,0))) | BK10: =IF(OR(N(BJ10)=0,$B10="",$C10=""),0,MAX(0,$B10+2-BJ10+IF($C10<=BJ$3,1,0)+IF($C10+18<=BJ$3,1,0)+IF($C10+36<=BJ$3,1,0))) | BM10: =IF(OR(N(BL10)=0,$B10="",$C10=""),0,MAX(0,$B10+2-BL10+IF($C10<=BL$3,1,0)+IF($C10+18<=BL$3,1,0)+IF($C10+36<=BL$3,1,0))) | BO10: =IF(OR(N(BN10)=0,$B10="",$C10=""),0,MAX(0,$B10+2-BN10+IF($C10<=BN$3,1,0)+IF($C10+18<=BN$3,1,0)+IF($C10+36<=BN$3,1,0)))
A11: 7 | B11: =IF(Setup!G$12="","",Setup!G$12) | C11: =IF(Setup!H$12="","",Setup!H$12) | E11: =IF(OR(N(D11)=0,$B11="",$C11=""),0,MAX(0,$B11+2-D11+IF($C11<=D$3,1,0)+IF($C11+18<=D$3,1,0)+IF($C11+36<=D$3,1,0))) | G11: =IF(OR(N(F11)=0,$B11="",$C11=""),0,MAX(0,$B11+2-F11+IF($C11<=F$3,1,0)+IF($C11+18<=F$3,1,0)+IF($C11+36<=F$3,1,0))) | I11: =IF(OR(N(H11)=0,$B11="",$C11=""),0,MAX(0,$B11+2-H11+IF($C11<=H$3,1,0)+IF($C11+18<=H$3,1,0)+IF($C11+36<=H$3,1,0))) | K11: =IF(OR(N(J11)=0,$B11="",$C11=""),0,MAX(0,$B11+2-J11+IF($C11<=J$3,1,0)+IF($C11+18<=J$3,1,0)+IF($C11+36<=J$3,1,0))) | M11: =IF(OR(N(L11)=0,$B11="",$C11=""),0,MAX(0,$B11+2-L11+IF($C11<=L$3,1,0)+IF($C11+18<=L$3,1,0)+IF($C11+36<=L$3,1,0))) | O11: =IF(OR(N(N11)=0,$B11="",$C11=""),0,MAX(0,$B11+2-N11+IF($C11<=N$3,1,0)+IF($C11+18<=N$3,1,0)+IF($C11+36<=N$3,1,0))) | Q11: =IF(OR(N(P11)=0,$B11="",$C11=""),0,MAX(0,$B11+2-P11+IF($C11<=P$3,1,0)+IF($C11+18<=P$3,1,0)+IF($C11+36<=P$3,1,0))) | S11: =IF(OR(N(R11)=0,$B11="",$C11=""),0,MAX(0,$B11+2-R11+IF($C11<=R$3,1,0)+IF($C11+18<=R$3,1,0)+IF($C11+36<=R$3,1,0))) | U11: =IF(OR(N(T11)=0,$B11="",$C11=""),0,MAX(0,$B11+2-T11+IF($C11<=T$3,1,0)+IF($C11+18<=T$3,1,0)+IF($C11+36<=T$3,1,0))) | W11: =IF(OR(N(V11)=0,$B11="",$C11=""),0,MAX(0,$B11+2-V11+IF($C11<=V$3,1,0)+IF($C11+18<=V$3,1,0)+IF($C11+36<=V$3,1,0))) | Y11: =IF(OR(N(X11)=0,$B11="",$C11=""),0,MAX(0,$B11+2-X11+IF($C11<=X$3,1,0)+IF($C11+18<=X$3,1,0)+IF($C11+36<=X$3,1,0))) | AA11: =IF(OR(N(Z11)=0,$B11="",$C11=""),0,MAX(0,$B11+2-Z11+IF($C11<=Z$3,1,0)+IF($C11+18<=Z$3,1,0)+IF($C11+36<=Z$3,1,0))) | AC11: =IF(OR(N(AB11)=0,$B11="",$C11=""),0,MAX(0,$B11+2-AB11+IF($C11<=AB$3,1,0)+IF($C11+18<=AB$3,1,0)+IF($C11+36<=AB$3,1,0))) | AE11: =IF(OR(N(AD11)=0,$B11="",$C11=""),0,MAX(0,$B11+2-AD11+IF($C11<=AD$3,1,0)+IF($C11+18<=AD$3,1,0)+IF($C11+36<=AD$3,1,0))) | AG11: =IF(OR(N(AF11)=0,$B11="",$C11=""),0,MAX(0,$B11+2-AF11+IF($C11<=AF$3,1,0)+IF($C11+18<=AF$3,1,0)+IF($C11+36<=AF$3,1,0))) | AI11: =IF(OR(N(AH11)=0,$B11="",$C11=""),0,MAX(0,$B11+2-AH11+IF($C11<=AH$3,1,0)+IF($C11+18<=AH$3,1,0)+IF($C11+36<=AH$3,1,0))) | AK11: =IF(OR(N(AJ11)=0,$B11="",$C11=""),0,MAX(0,$B11+2-AJ11+IF($C11<=AJ$3,1,0)+IF($C11+18<=AJ$3,1,0)+IF($C11+36<=AJ$3,1,0))) | AM11: =IF(OR(N(AL11)=0,$B11="",$C11=""),0,MAX(0,$B11+2-AL11+IF($C11<=AL$3,1,0)+IF($C11+18<=AL$3,1,0)+IF($C11+36<=AL$3,1,0))) | AO11: =IF(OR(N(AN11)=0,$B11="",$C11=""),0,MAX(0,$B11+2-AN11+IF($C11<=AN$3,1,0)+IF($C11+18<=AN$3,1,0)+IF($C11+36<=AN$3,1,0))) | AQ11: =IF(OR(N(AP11)=0,$B11="",$C11=""),0,MAX(0,$B11+2-AP11+IF($C11<=AP$3,1,0)+IF($C11+18<=AP$3,1,0)+IF($C11+36<=AP$3,1,0))) | AS11: =IF(OR(N(AR11)=0,$B11="",$C11=""),0,MAX(0,$B11+2-AR11+IF($C11<=AR$3,1,0)+IF($C11+18<=AR$3,1,0)+IF($C11+36<=AR$3,1,0))) | AU11: =IF(OR(N(AT11)=0,$B11="",$C11=""),0,MAX(0,$B11+2-AT11+IF($C11<=AT$3,1,0)+IF($C11+18<=AT$3,1,0)+IF($C11+36<=AT$3,1,0))) | AW11: =IF(OR(N(AV11)=0,$B11="",$C11=""),0,MAX(0,$B11+2-AV11+IF($C11<=AV$3,1,0)+IF($C11+18<=AV$3,1,0)+IF($C11+36<=AV$3,1,0))) | AY11: =IF(OR(N(AX11)=0,$B11="",$C11=""),0,MAX(0,$B11+2-AX11+IF($C11<=AX$3,1,0)+IF($C11+18<=AX$3,1,0)+IF($C11+36<=AX$3,1,0))) | BA11: =IF(OR(N(AZ11)=0,$B11="",$C11=""),0,MAX(0,$B11+2-AZ11+IF($C11<=AZ$3,1,0)+IF($C11+18<=AZ$3,1,0)+IF($C11+36<=AZ$3,1,0))) | BC11: =IF(OR(N(BB11)=0,$B11="",$C11=""),0,MAX(0,$B11+2-BB11+IF($C11<=BB$3,1,0)+IF($C11+18<=BB$3,1,0)+IF($C11+36<=BB$3,1,0))) | BE11: =IF(OR(N(BD11)=0,$B11="",$C11=""),0,MAX(0,$B11+2-BD11+IF($C11<=BD$3,1,0)+IF($C11+18<=BD$3,1,0)+IF($C11+36<=BD$3,1,0))) | BG11: =IF(OR(N(BF11)=0,$B11="",$C11=""),0,MAX(0,$B11+2-BF11+IF($C11<=BF$3,1,0)+IF($C11+18<=BF$3,1,0)+IF($C11+36<=BF$3,1,0))) | BI11: =IF(OR(N(BH11)=0,$B11="",$C11=""),0,MAX(0,$B11+2-BH11+IF($C11<=BH$3,1,0)+IF($C11+18<=BH$3,1,0)+IF($C11+36<=BH$3,1,0))) | BK11: =IF(OR(N(BJ11)=0,$B11="",$C11=""),0,MAX(0,$B11+2-BJ11+IF($C11<=BJ$3,1,0)+IF($C11+18<=BJ$3,1,0)+IF($C11+36<=BJ$3,1,0))) | BM11: =IF(OR(N(BL11)=0,$B11="",$C11=""),0,MAX(0,$B11+2-BL11+IF($C11<=BL$3,1,0)+IF($C11+18<=BL$3,1,0)+IF($C11+36<=BL$3,1,0))) | BO11: =IF(OR(N(BN11)=0,$B11="",$C11=""),0,MAX(0,$B11+2-BN11+IF($C11<=BN$3,1,0)+IF($C11+18<=BN$3,1,0)+IF($C11+36<=BN$3,1,0)))
A12: 8 | B12: =IF(Setup!G$13="","",Setup!G$13) | C12: =IF(Setup!H$13="","",Setup!H$13) | E12: =IF(OR(N(D12)=0,$B12="",$C12=""),0,MAX(0,$B12+2-D12+IF($C12<=D$3,1,0)+IF($C12+18<=D$3,1,0)+IF($C12+36<=D$3,1,0))) | G12: =IF(OR(N(F12)=0,$B12="",$C12=""),0,MAX(0,$B12+2-F12+IF($C12<=F$3,1,0)+IF($C12+18<=F$3,1,0)+IF($C12+36<=F$3,1,0))) | I12: =IF(OR(N(H12)=0,$B12="",$C12=""),0,MAX(0,$B12+2-H12+IF($C12<=H$3,1,0)+IF($C12+18<=H$3,1,0)+IF($C12+36<=H$3,1,0))) | K12: =IF(OR(N(J12)=0,$B12="",$C12=""),0,MAX(0,$B12+2-J12+IF($C12<=J$3,1,0)+IF($C12+18<=J$3,1,0)+IF($C12+36<=J$3,1,0))) | M12: =IF(OR(N(L12)=0,$B12="",$C12=""),0,MAX(0,$B12+2-L12+IF($C12<=L$3,1,0)+IF($C12+18<=L$3,1,0)+IF($C12+36<=L$3,1,0))) | O12: =IF(OR(N(N12)=0,$B12="",$C12=""),0,MAX(0,$B12+2-N12+IF($C12<=N$3,1,0)+IF($C12+18<=N$3,1,0)+IF($C12+36<=N$3,1,0))) | Q12: =IF(OR(N(P12)=0,$B12="",$C12=""),0,MAX(0,$B12+2-P12+IF($C12<=P$3,1,0)+IF($C12+18<=P$3,1,0)+IF($C12+36<=P$3,1,0))) | S12: =IF(OR(N(R12)=0,$B12="",$C12=""),0,MAX(0,$B12+2-R12+IF($C12<=R$3,1,0)+IF($C12+18<=R$3,1,0)+IF($C12+36<=R$3,1,0))) | U12: =IF(OR(N(T12)=0,$B12="",$C12=""),0,MAX(0,$B12+2-T12+IF($C12<=T$3,1,0)+IF($C12+18<=T$3,1,0)+IF($C12+36<=T$3,1,0))) | W12: =IF(OR(N(V12)=0,$B12="",$C12=""),0,MAX(0,$B12+2-V12+IF($C12<=V$3,1,0)+IF($C12+18<=V$3,1,0)+IF($C12+36<=V$3,1,0))) | Y12: =IF(OR(N(X12)=0,$B12="",$C12=""),0,MAX(0,$B12+2-X12+IF($C12<=X$3,1,0)+IF($C12+18<=X$3,1,0)+IF($C12+36<=X$3,1,0))) | AA12: =IF(OR(N(Z12)=0,$B12="",$C12=""),0,MAX(0,$B12+2-Z12+IF($C12<=Z$3,1,0)+IF($C12+18<=Z$3,1,0)+IF($C12+36<=Z$3,1,0))) | AC12: =IF(OR(N(AB12)=0,$B12="",$C12=""),0,MAX(0,$B12+2-AB12+IF($C12<=AB$3,1,0)+IF($C12+18<=AB$3,1,0)+IF($C12+36<=AB$3,1,0))) | AE12: =IF(OR(N(AD12)=0,$B12="",$C12=""),0,MAX(0,$B12+2-AD12+IF($C12<=AD$3,1,0)+IF($C12+18<=AD$3,1,0)+IF($C12+36<=AD$3,1,0))) | AG12: =IF(OR(N(AF12)=0,$B12="",$C12=""),0,MAX(0,$B12+2-AF12+IF($C12<=AF$3,1,0)+IF($C12+18<=AF$3,1,0)+IF($C12+36<=AF$3,1,0))) | AI12: =IF(OR(N(AH12)=0,$B12="",$C12=""),0,MAX(0,$B12+2-AH12+IF($C12<=AH$3,1,0)+IF($C12+18<=AH$3,1,0)+IF($C12+36<=AH$3,1,0))) | AK12: =IF(OR(N(AJ12)=0,$B12="",$C12=""),0,MAX(0,$B12+2-AJ12+IF($C12<=AJ$3,1,0)+IF($C12+18<=AJ$3,1,0)+IF($C12+36<=AJ$3,1,0))) | AM12: =IF(OR(N(AL12)=0,$B12="",$C12=""),0,MAX(0,$B12+2-AL12+IF($C12<=AL$3,1,0)+IF($C12+18<=AL$3,1,0)+IF($C12+36<=AL$3,1,0))) | AO12: =IF(OR(N(AN12)=0,$B12="",$C12=""),0,MAX(0,$B12+2-AN12+IF($C12<=AN$3,1,0)+IF($C12+18<=AN$3,1,0)+IF($C12+36<=AN$3,1,0))) | AQ12: =IF(OR(N(AP12)=0,$B12="",$C12=""),0,MAX(0,$B12+2-AP12+IF($C12<=AP$3,1,0)+IF($C12+18<=AP$3,1,0)+IF($C12+36<=AP$3,1,0))) | AS12: =IF(OR(N(AR12)=0,$B12="",$C12=""),0,MAX(0,$B12+2-AR12+IF($C12<=AR$3,1,0)+IF($C12+18<=AR$3,1,0)+IF($C12+36<=AR$3,1,0))) | AU12: =IF(OR(N(AT12)=0,$B12="",$C12=""),0,MAX(0,$B12+2-AT12+IF($C12<=AT$3,1,0)+IF($C12+18<=AT$3,1,0)+IF($C12+36<=AT$3,1,0))) | AW12: =IF(OR(N(AV12)=0,$B12="",$C12=""),0,MAX(0,$B12+2-AV12+IF($C12<=AV$3,1,0)+IF($C12+18<=AV$3,1,0)+IF($C12+36<=AV$3,1,0))) | AY12: =IF(OR(N(AX12)=0,$B12="",$C12=""),0,MAX(0,$B12+2-AX12+IF($C12<=AX$3,1,0)+IF($C12+18<=AX$3,1,0)+IF($C12+36<=AX$3,1,0))) | BA12: =IF(OR(N(AZ12)=0,$B12="",$C12=""),0,MAX(0,$B12+2-AZ12+IF($C12<=AZ$3,1,0)+IF($C12+18<=AZ$3,1,0)+IF($C12+36<=AZ$3,1,0))) | BC12: =IF(OR(N(BB12)=0,$B12="",$C12=""),0,MAX(0,$B12+2-BB12+IF($C12<=BB$3,1,0)+IF($C12+18<=BB$3,1,0)+IF($C12+36<=BB$3,1,0))) | BE12: =IF(OR(N(BD12)=0,$B12="",$C12=""),0,MAX(0,$B12+2-BD12+IF($C12<=BD$3,1,0)+IF($C12+18<=BD$3,1,0)+IF($C12+36<=BD$3,1,0))) | BG12: =IF(OR(N(BF12)=0,$B12="",$C12=""),0,MAX(0,$B12+2-BF12+IF($C12<=BF$3,1,0)+IF($C12+18<=BF$3,1,0)+IF($C12+36<=BF$3,1,0))) | BI12: =IF(OR(N(BH12)=0,$B12="",$C12=""),0,MAX(0,$B12+2-BH12+IF($C12<=BH$3,1,0)+IF($C12+18<=BH$3,1,0)+IF($C12+36<=BH$3,1,0))) | BK12: =IF(OR(N(BJ12)=0,$B12="",$C12=""),0,MAX(0,$B12+2-BJ12+IF($C12<=BJ$3,1,0)+IF($C12+18<=BJ$3,1,0)+IF($C12+36<=BJ$3,1,0))) | BM12: =IF(OR(N(BL12)=0,$B12="",$C12=""),0,MAX(0,$B12+2-BL12+IF($C12<=BL$3,1,0)+IF($C12+18<=BL$3,1,0)+IF($C12+36<=BL$3,1,0))) | BO12: =IF(OR(N(BN12)=0,$B12="",$C12=""),0,MAX(0,$B12+2-BN12+IF($C12<=BN$3,1,0)+IF($C12+18<=BN$3,1,0)+IF($C12+36<=BN$3,1,0)))
A13: 9 | B13: =IF(Setup!G$14="","",Setup!G$14) | C13: =IF(Setup!H$14="","",Setup!H$14) | E13: =IF(OR(N(D13)=0,$B13="",$C13=""),0,MAX(0,$B13+2-D13+IF($C13<=D$3,1,0)+IF($C13+18<=D$3,1,0)+IF($C13+36<=D$3,1,0))) | G13: =IF(OR(N(F13)=0,$B13="",$C13=""),0,MAX(0,$B13+2-F13+IF($C13<=F$3,1,0)+IF($C13+18<=F$3,1,0)+IF($C13+36<=F$3,1,0))) | I13: =IF(OR(N(H13)=0,$B13="",$C13=""),0,MAX(0,$B13+2-H13+IF($C13<=H$3,1,0)+IF($C13+18<=H$3,1,0)+IF($C13+36<=H$3,1,0))) | K13: =IF(OR(N(J13)=0,$B13="",$C13=""),0,MAX(0,$B13+2-J13+IF($C13<=J$3,1,0)+IF($C13+18<=J$3,1,0)+IF($C13+36<=J$3,1,0))) | M13: =IF(OR(N(L13)=0,$B13="",$C13=""),0,MAX(0,$B13+2-L13+IF($C13<=L$3,1,0)+IF($C13+18<=L$3,1,0)+IF($C13+36<=L$3,1,0))) | O13: =IF(OR(N(N13)=0,$B13="",$C13=""),0,MAX(0,$B13+2-N13+IF($C13<=N$3,1,0)+IF($C13+18<=N$3,1,0)+IF($C13+36<=N$3,1,0))) | Q13: =IF(OR(N(P13)=0,$B13="",$C13=""),0,MAX(0,$B13+2-P13+IF($C13<=P$3,1,0)+IF($C13+18<=P$3,1,0)+IF($C13+36<=P$3,1,0))) | S13: =IF(OR(N(R13)=0,$B13="",$C13=""),0,MAX(0,$B13+2-R13+IF($C13<=R$3,1,0)+IF($C13+18<=R$3,1,0)+IF($C13+36<=R$3,1,0))) | U13: =IF(OR(N(T13)=0,$B13="",$C13=""),0,MAX(0,$B13+2-T13+IF($C13<=T$3,1,0)+IF($C13+18<=T$3,1,0)+IF($C13+36<=T$3,1,0))) | W13: =IF(OR(N(V13)=0,$B13="",$C13=""),0,MAX(0,$B13+2-V13+IF($C13<=V$3,1,0)+IF($C13+18<=V$3,1,0)+IF($C13+36<=V$3,1,0))) | Y13: =IF(OR(N(X13)=0,$B13="",$C13=""),0,MAX(0,$B13+2-X13+IF($C13<=X$3,1,0)+IF($C13+18<=X$3,1,0)+IF($C13+36<=X$3,1,0))) | AA13: =IF(OR(N(Z13)=0,$B13="",$C13=""),0,MAX(0,$B13+2-Z13+IF($C13<=Z$3,1,0)+IF($C13+18<=Z$3,1,0)+IF($C13+36<=Z$3,1,0))) | AC13: =IF(OR(N(AB13)=0,$B13="",$C13=""),0,MAX(0,$B13+2-AB13+IF($C13<=AB$3,1,0)+IF($C13+18<=AB$3,1,0)+IF($C13+36<=AB$3,1,0))) | AE13: =IF(OR(N(AD13)=0,$B13="",$C13=""),0,MAX(0,$B13+2-AD13+IF($C13<=AD$3,1,0)+IF($C13+18<=AD$3,1,0)+IF($C13+36<=AD$3,1,0))) | AG13: =IF(OR(N(AF13)=0,$B13="",$C13=""),0,MAX(0,$B13+2-AF13+IF($C13<=AF$3,1,0)+IF($C13+18<=AF$3,1,0)+IF($C13+36<=AF$3,1,0))) | AI13: =IF(OR(N(AH13)=0,$B13="",$C13=""),0,MAX(0,$B13+2-AH13+IF($C13<=AH$3,1,0)+IF($C13+18<=AH$3,1,0)+IF($C13+36<=AH$3,1,0))) | AK13: =IF(OR(N(AJ13)=0,$B13="",$C13=""),0,MAX(0,$B13+2-AJ13+IF($C13<=AJ$3,1,0)+IF($C13+18<=AJ$3,1,0)+IF($C13+36<=AJ$3,1,0))) | AM13: =IF(OR(N(AL13)=0,$B13="",$C13=""),0,MAX(0,$B13+2-AL13+IF($C13<=AL$3,1,0)+IF($C13+18<=AL$3,1,0)+IF($C13+36<=AL$3,1,0))) | AO13: =IF(OR(N(AN13)=0,$B13="",$C13=""),0,MAX(0,$B13+2-AN13+IF($C13<=AN$3,1,0)+IF($C13+18<=AN$3,1,0)+IF($C13+36<=AN$3,1,0))) | AQ13: =IF(OR(N(AP13)=0,$B13="",$C13=""),0,MAX(0,$B13+2-AP13+IF($C13<=AP$3,1,0)+IF($C13+18<=AP$3,1,0)+IF($C13+36<=AP$3,1,0))) | AS13: =IF(OR(N(AR13)=0,$B13="",$C13=""),0,MAX(0,$B13+2-AR13+IF($C13<=AR$3,1,0)+IF($C13+18<=AR$3,1,0)+IF($C13+36<=AR$3,1,0))) | AU13: =IF(OR(N(AT13)=0,$B13="",$C13=""),0,MAX(0,$B13+2-AT13+IF($C13<=AT$3,1,0)+IF($C13+18<=AT$3,1,0)+IF($C13+36<=AT$3,1,0))) | AW13: =IF(OR(N(AV13)=0,$B13="",$C13=""),0,MAX(0,$B13+2-AV13+IF($C13<=AV$3,1,0)+IF($C13+18<=AV$3,1,0)+IF($C13+36<=AV$3,1,0))) | AY13: =IF(OR(N(AX13)=0,$B13="",$C13=""),0,MAX(0,$B13+2-AX13+IF($C13<=AX$3,1,0)+IF($C13+18<=AX$3,1,0)+IF($C13+36<=AX$3,1,0))) | BA13: =IF(OR(N(AZ13)=0,$B13="",$C13=""),0,MAX(0,$B13+2-AZ13+IF($C13<=AZ$3,1,0)+IF($C13+18<=AZ$3,1,0)+IF($C13+36<=AZ$3,1,0))) | BC13: =IF(OR(N(BB13)=0,$B13="",$C13=""),0,MAX(0,$B13+2-BB13+IF($C13<=BB$3,1,0)+IF($C13+18<=BB$3,1,0)+IF($C13+36<=BB$3,1,0))) | BE13: =IF(OR(N(BD13)=0,$B13="",$C13=""),0,MAX(0,$B13+2-BD13+IF($C13<=BD$3,1,0)+IF($C13+18<=BD$3,1,0)+IF($C13+36<=BD$3,1,0))) | BG13: =IF(OR(N(BF13)=0,$B13="",$C13=""),0,MAX(0,$B13+2-BF13+IF($C13<=BF$3,1,0)+IF($C13+18<=BF$3,1,0)+IF($C13+36<=BF$3,1,0))) | BI13: =IF(OR(N(BH13)=0,$B13="",$C13=""),0,MAX(0,$B13+2-BH13+IF($C13<=BH$3,1,0)+IF($C13+18<=BH$3,1,0)+IF($C13+36<=BH$3,1,0))) | BK13: =IF(OR(N(BJ13)=0,$B13="",$C13=""),0,MAX(0,$B13+2-BJ13+IF($C13<=BJ$3,1,0)+IF($C13+18<=BJ$3,1,0)+IF($C13+36<=BJ$3,1,0))) | BM13: =IF(OR(N(BL13)=0,$B13="",$C13=""),0,MAX(0,$B13+2-BL13+IF($C13<=BL$3,1,0)+IF($C13+18<=BL$3,1,0)+IF($C13+36<=BL$3,1,0))) | BO13: =IF(OR(N(BN13)=0,$B13="",$C13=""),0,MAX(0,$B13+2-BN13+IF($C13<=BN$3,1,0)+IF($C13+18<=BN$3,1,0)+IF($C13+36<=BN$3,1,0)))
A14: Out | B14: =IF(COUNT(B5:B13)=0,"",SUM(B5:B13)) | D14: =IF(COUNT(D5:D13)=0,"",SUM(D5:D13)) | E14: =SUM(E5:E13) | F14: =IF(COUNT(F5:F13)=0,"",SUM(F5:F13)) | G14: =SUM(G5:G13) | H14: =IF(COUNT(H5:H13)=0,"",SUM(H5:H13)) | I14: =SUM(I5:I13) | J14: =IF(COUNT(J5:J13)=0,"",SUM(J5:J13)) | K14: =SUM(K5:K13) | L14: =IF(COUNT(L5:L13)=0,"",SUM(L5:L13)) | M14: =SUM(M5:M13) | N14: =IF(COUNT(N5:N13)=0,"",SUM(N5:N13)) | O14: =SUM(O5:O13) | P14: =IF(COUNT(P5:P13)=0,"",SUM(P5:P13)) | Q14: =SUM(Q5:Q13) | R14: =IF(COUNT(R5:R13)=0,"",SUM(R5:R13)) | S14: =SUM(S5:S13) | T14: =IF(COUNT(T5:T13)=0,"",SUM(T5:T13)) | U14: =SUM(U5:U13) | V14: =IF(COUNT(V5:V13)=0,"",SUM(V5:V13)) | W14: =SUM(W5:W13) | X14: =IF(COUNT(X5:X13)=0,"",SUM(X5:X13)) | Y14: =SUM(Y5:Y13) | Z14: =IF(COUNT(Z5:Z13)=0,"",SUM(Z5:Z13)) | AA14: =SUM(AA5:AA13) | AB14: =IF(COUNT(AB5:AB13)=0,"",SUM(AB5:AB13)) | AC14: =SUM(AC5:AC13) | AD14: =IF(COUNT(AD5:AD13)=0,"",SUM(AD5:AD13)) | AE14: =SUM(AE5:AE13) | AF14: =IF(COUNT(AF5:AF13)=0,"",SUM(AF5:AF13)) | AG14: =SUM(AG5:AG13) | AH14: =IF(COUNT(AH5:AH13)=0,"",SUM(AH5:AH13)) | AI14: =SUM(AI5:AI13) | AJ14: =IF(COUNT(AJ5:AJ13)=0,"",SUM(AJ5:AJ13)) | AK14: =SUM(AK5:AK13) | AL14: =IF(COUNT(AL5:AL13)=0,"",SUM(AL5:AL13)) | AM14: =SUM(AM5:AM13) | AN14: =IF(COUNT(AN5:AN13)=0,"",SUM(AN5:AN13)) | AO14: =SUM(AO5:AO13) | AP14: =IF(COUNT(AP5:AP13)=0,"",SUM(AP5:AP13)) | AQ14: =SUM(AQ5:AQ13) | AR14: =IF(COUNT(AR5:AR13)=0,"",SUM(AR5:AR13)) | AS14: =SUM(AS5:AS13) | AT14: =IF(COUNT(AT5:AT13)=0,"",SUM(AT5:AT13)) | AU14: =SUM(AU5:AU13) | AV14: =IF(COUNT(AV5:AV13)=0,"",SUM(AV5:AV13)) | AW14: =SUM(AW5:AW13) | AX14: =IF(COUNT(AX5:AX13)=0,"",SUM(AX5:AX13)) | AY14: =SUM(AY5:AY13) | AZ14: =IF(COUNT(AZ5:AZ13)=0,"",SUM(AZ5:AZ13)) | BA14: =SUM(BA5:BA13) | BB14: =IF(COUNT(BB5:BB13)=0,"",SUM(BB5:BB13)) | BC14: =SUM(BC5:BC13) | BD14: =IF(COUNT(BD5:BD13)=0,"",SUM(BD5:BD13)) | BE14: =SUM(BE5:BE13) | BF14: =IF(COUNT(BF5:BF13)=0,"",SUM(BF5:BF13)) | BG14: =SUM(BG5:BG13) | BH14: =IF(COUNT(BH5:BH13)=0,"",SUM(BH5:BH13)) | BI14: =SUM(BI5:BI13) | BJ14: =IF(COUNT(BJ5:BJ13)=0,"",SUM(BJ5:BJ13)) | BK14: =SUM(BK5:BK13) | BL14: =IF(COUNT(BL5:BL13)=0,"",SUM(BL5:BL13)) | BM14: =SUM(BM5:BM13) | BN14: =IF(COUNT(BN5:BN13)=0,"",SUM(BN5:BN13)) | BO14: =SUM(BO5:BO13)
A15: 10 | B15: =IF(Setup!G$15="","",Setup!G$15) | C15: =IF(Setup!H$15="","",Setup!H$15) | E15: =IF(OR(N(D15)=0,$B15="",$C15=""),0,MAX(0,$B15+2-D15+IF($C15<=D$3,1,0)+IF($C15+18<=D$3,1,0)+IF($C15+36<=D$3,1,0))) | G15: =IF(OR(N(F15)=0,$B15="",$C15=""),0,MAX(0,$B15+2-F15+IF($C15<=F$3,1,0)+IF($C15+18<=F$3,1,0)+IF($C15+36<=F$3,1,0))) | I15: =IF(OR(N(H15)=0,$B15="",$C15=""),0,MAX(0,$B15+2-H15+IF($C15<=H$3,1,0)+IF($C15+18<=H$3,1,0)+IF($C15+36<=H$3,1,0))) | K15: =IF(OR(N(J15)=0,$B15="",$C15=""),0,MAX(0,$B15+2-J15+IF($C15<=J$3,1,0)+IF($C15+18<=J$3,1,0)+IF($C15+36<=J$3,1,0))) | M15: =IF(OR(N(L15)=0,$B15="",$C15=""),0,MAX(0,$B15+2-L15+IF($C15<=L$3,1,0)+IF($C15+18<=L$3,1,0)+IF($C15+36<=L$3,1,0))) | O15: =IF(OR(N(N15)=0,$B15="",$C15=""),0,MAX(0,$B15+2-N15+IF($C15<=N$3,1,0)+IF($C15+18<=N$3,1,0)+IF($C15+36<=N$3,1,0))) | Q15: =IF(OR(N(P15)=0,$B15="",$C15=""),0,MAX(0,$B15+2-P15+IF($C15<=P$3,1,0)+IF($C15+18<=P$3,1,0)+IF($C15+36<=P$3,1,0))) | S15: =IF(OR(N(R15)=0,$B15="",$C15=""),0,MAX(0,$B15+2-R15+IF($C15<=R$3,1,0)+IF($C15+18<=R$3,1,0)+IF($C15+36<=R$3,1,0))) | U15: =IF(OR(N(T15)=0,$B15="",$C15=""),0,MAX(0,$B15+2-T15+IF($C15<=T$3,1,0)+IF($C15+18<=T$3,1,0)+IF($C15+36<=T$3,1,0))) | W15: =IF(OR(N(V15)=0,$B15="",$C15=""),0,MAX(0,$B15+2-V15+IF($C15<=V$3,1,0)+IF($C15+18<=V$3,1,0)+IF($C15+36<=V$3,1,0))) | Y15: =IF(OR(N(X15)=0,$B15="",$C15=""),0,MAX(0,$B15+2-X15+IF($C15<=X$3,1,0)+IF($C15+18<=X$3,1,0)+IF($C15+36<=X$3,1,0))) | AA15: =IF(OR(N(Z15)=0,$B15="",$C15=""),0,MAX(0,$B15+2-Z15+IF($C15<=Z$3,1,0)+IF($C15+18<=Z$3,1,0)+IF($C15+36<=Z$3,1,0))) | AC15: =IF(OR(N(AB15)=0,$B15="",$C15=""),0,MAX(0,$B15+2-AB15+IF($C15<=AB$3,1,0)+IF($C15+18<=AB$3,1,0)+IF($C15+36<=AB$3,1,0))) | AE15: =IF(OR(N(AD15)=0,$B15="",$C15=""),0,MAX(0,$B15+2-AD15+IF($C15<=AD$3,1,0)+IF($C15+18<=AD$3,1,0)+IF($C15+36<=AD$3,1,0))) | AG15: =IF(OR(N(AF15)=0,$B15="",$C15=""),0,MAX(0,$B15+2-AF15+IF($C15<=AF$3,1,0)+IF($C15+18<=AF$3,1,0)+IF($C15+36<=AF$3,1,0))) | AI15: =IF(OR(N(AH15)=0,$B15="",$C15=""),0,MAX(0,$B15+2-AH15+IF($C15<=AH$3,1,0)+IF($C15+18<=AH$3,1,0)+IF($C15+36<=AH$3,1,0))) | AK15: =IF(OR(N(AJ15)=0,$B15="",$C15=""),0,MAX(0,$B15+2-AJ15+IF($C15<=AJ$3,1,0)+IF($C15+18<=AJ$3,1,0)+IF($C15+36<=AJ$3,1,0))) | AM15: =IF(OR(N(AL15)=0,$B15="",$C15=""),0,MAX(0,$B15+2-AL15+IF($C15<=AL$3,1,0)+IF($C15+18<=AL$3,1,0)+IF($C15+36<=AL$3,1,0))) | AO15: =IF(OR(N(AN15)=0,$B15="",$C15=""),0,MAX(0,$B15+2-AN15+IF($C15<=AN$3,1,0)+IF($C15+18<=AN$3,1,0)+IF($C15+36<=AN$3,1,0))) | AQ15: =IF(OR(N(AP15)=0,$B15="",$C15=""),0,MAX(0,$B15+2-AP15+IF($C15<=AP$3,1,0)+IF($C15+18<=AP$3,1,0)+IF($C15+36<=AP$3,1,0))) | AS15: =IF(OR(N(AR15)=0,$B15="",$C15=""),0,MAX(0,$B15+2-AR15+IF($C15<=AR$3,1,0)+IF($C15+18<=AR$3,1,0)+IF($C15+36<=AR$3,1,0))) | AU15: =IF(OR(N(AT15)=0,$B15="",$C15=""),0,MAX(0,$B15+2-AT15+IF($C15<=AT$3,1,0)+IF($C15+18<=AT$3,1,0)+IF($C15+36<=AT$3,1,0))) | AW15: =IF(OR(N(AV15)=0,$B15="",$C15=""),0,MAX(0,$B15+2-AV15+IF($C15<=AV$3,1,0)+IF($C15+18<=AV$3,1,0)+IF($C15+36<=AV$3,1,0))) | AY15: =IF(OR(N(AX15)=0,$B15="",$C15=""),0,MAX(0,$B15+2-AX15+IF($C15<=AX$3,1,0)+IF($C15+18<=AX$3,1,0)+IF($C15+36<=AX$3,1,0))) | BA15: =IF(OR(N(AZ15)=0,$B15="",$C15=""),0,MAX(0,$B15+2-AZ15+IF($C15<=AZ$3,1,0)+IF($C15+18<=AZ$3,1,0)+IF($C15+36<=AZ$3,1,0))) | BC15: =IF(OR(N(BB15)=0,$B15="",$C15=""),0,MAX(0,$B15+2-BB15+IF($C15<=BB$3,1,0)+IF($C15+18<=BB$3,1,0)+IF($C15+36<=BB$3,1,0))) | BE15: =IF(OR(N(BD15)=0,$B15="",$C15=""),0,MAX(0,$B15+2-BD15+IF($C15<=BD$3,1,0)+IF($C15+18<=BD$3,1,0)+IF($C15+36<=BD$3,1,0))) | BG15: =IF(OR(N(BF15)=0,$B15="",$C15=""),0,MAX(0,$B15+2-BF15+IF($C15<=BF$3,1,0)+IF($C15+18<=BF$3,1,0)+IF($C15+36<=BF$3,1,0))) | BI15: =IF(OR(N(BH15)=0,$B15="",$C15=""),0,MAX(0,$B15+2-BH15+IF($C15<=BH$3,1,0)+IF($C15+18<=BH$3,1,0)+IF($C15+36<=BH$3,1,0))) | BK15: =IF(OR(N(BJ15)=0,$B15="",$C15=""),0,MAX(0,$B15+2-BJ15+IF($C15<=BJ$3,1,0)+IF($C15+18<=BJ$3,1,0)+IF($C15+36<=BJ$3,1,0))) | BM15: =IF(OR(N(BL15)=0,$B15="",$C15=""),0,MAX(0,$B15+2-BL15+IF($C15<=BL$3,1,0)+IF($C15+18<=BL$3,1,0)+IF($C15+36<=BL$3,1,0))) | BO15: =IF(OR(N(BN15)=0,$B15="",$C15=""),0,MAX(0,$B15+2-BN15+IF($C15<=BN$3,1,0)+IF($C15+18<=BN$3,1,0)+IF($C15+36<=BN$3,1,0)))
A16: 11 | B16: =IF(Setup!G$16="","",Setup!G$16) | C16: =IF(Setup!H$16="","",Setup!H$16) | E16: =IF(OR(N(D16)=0,$B16="",$C16=""),0,MAX(0,$B16+2-D16+IF($C16<=D$3,1,0)+IF($C16+18<=D$3,1,0)+IF($C16+36<=D$3,1,0))) | G16: =IF(OR(N(F16)=0,$B16="",$C16=""),0,MAX(0,$B16+2-F16+IF($C16<=F$3,1,0)+IF($C16+18<=F$3,1,0)+IF($C16+36<=F$3,1,0))) | I16: =IF(OR(N(H16)=0,$B16="",$C16=""),0,MAX(0,$B16+2-H16+IF($C16<=H$3,1,0)+IF($C16+18<=H$3,1,0)+IF($C16+36<=H$3,1,0))) | K16: =IF(OR(N(J16)=0,$B16="",$C16=""),0,MAX(0,$B16+2-J16+IF($C16<=J$3,1,0)+IF($C16+18<=J$3,1,0)+IF($C16+36<=J$3,1,0))) | M16: =IF(OR(N(L16)=0,$B16="",$C16=""),0,MAX(0,$B16+2-L16+IF($C16<=L$3,1,0)+IF($C16+18<=L$3,1,0)+IF($C16+36<=L$3,1,0))) | O16: =IF(OR(N(N16)=0,$B16="",$C16=""),0,MAX(0,$B16+2-N16+IF($C16<=N$3,1,0)+IF($C16+18<=N$3,1,0)+IF($C16+36<=N$3,1,0))) | Q16: =IF(OR(N(P16)=0,$B16="",$C16=""),0,MAX(0,$B16+2-P16+IF($C16<=P$3,1,0)+IF($C16+18<=P$3,1,0)+IF($C16+36<=P$3,1,0))) | S16: =IF(OR(N(R16)=0,$B16="",$C16=""),0,MAX(0,$B16+2-R16+IF($C16<=R$3,1,0)+IF($C16+18<=R$3,1,0)+IF($C16+36<=R$3,1,0))) | U16: =IF(OR(N(T16)=0,$B16="",$C16=""),0,MAX(0,$B16+2-T16+IF($C16<=T$3,1,0)+IF($C16+18<=T$3,1,0)+IF($C16+36<=T$3,1,0))) | W16: =IF(OR(N(V16)=0,$B16="",$C16=""),0,MAX(0,$B16+2-V16+IF($C16<=V$3,1,0)+IF($C16+18<=V$3,1,0)+IF($C16+36<=V$3,1,0))) | Y16: =IF(OR(N(X16)=0,$B16="",$C16=""),0,MAX(0,$B16+2-X16+IF($C16<=X$3,1,0)+IF($C16+18<=X$3,1,0)+IF($C16+36<=X$3,1,0))) | AA16: =IF(OR(N(Z16)=0,$B16="",$C16=""),0,MAX(0,$B16+2-Z16+IF($C16<=Z$3,1,0)+IF($C16+18<=Z$3,1,0)+IF($C16+36<=Z$3,1,0))) | AC16: =IF(OR(N(AB16)=0,$B16="",$C16=""),0,MAX(0,$B16+2-AB16+IF($C16<=AB$3,1,0)+IF($C16+18<=AB$3,1,0)+IF($C16+36<=AB$3,1,0))) | AE16: =IF(OR(N(AD16)=0,$B16="",$C16=""),0,MAX(0,$B16+2-AD16+IF($C16<=AD$3,1,0)+IF($C16+18<=AD$3,1,0)+IF($C16+36<=AD$3,1,0))) | AG16: =IF(OR(N(AF16)=0,$B16="",$C16=""),0,MAX(0,$B16+2-AF16+IF($C16<=AF$3,1,0)+IF($C16+18<=AF$3,1,0)+IF($C16+36<=AF$3,1,0))) | AI16: =IF(OR(N(AH16)=0,$B16="",$C16=""),0,MAX(0,$B16+2-AH16+IF($C16<=AH$3,1,0)+IF($C16+18<=AH$3,1,0)+IF($C16+36<=AH$3,1,0))) | AK16: =IF(OR(N(AJ16)=0,$B16="",$C16=""),0,MAX(0,$B16+2-AJ16+IF($C16<=AJ$3,1,0)+IF($C16+18<=AJ$3,1,0)+IF($C16+36<=AJ$3,1,0))) | AM16: =IF(OR(N(AL16)=0,$B16="",$C16=""),0,MAX(0,$B16+2-AL16+IF($C16<=AL$3,1,0)+IF($C16+18<=AL$3,1,0)+IF($C16+36<=AL$3,1,0))) | AO16: =IF(OR(N(AN16)=0,$B16="",$C16=""),0,MAX(0,$B16+2-AN16+IF($C16<=AN$3,1,0)+IF($C16+18<=AN$3,1,0)+IF($C16+36<=AN$3,1,0))) | AQ16: =IF(OR(N(AP16)=0,$B16="",$C16=""),0,MAX(0,$B16+2-AP16+IF($C16<=AP$3,1,0)+IF($C16+18<=AP$3,1,0)+IF($C16+36<=AP$3,1,0))) | AS16: =IF(OR(N(AR16)=0,$B16="",$C16=""),0,MAX(0,$B16+2-AR16+IF($C16<=AR$3,1,0)+IF($C16+18<=AR$3,1,0)+IF($C16+36<=AR$3,1,0))) | AU16: =IF(OR(N(AT16)=0,$B16="",$C16=""),0,MAX(0,$B16+2-AT16+IF($C16<=AT$3,1,0)+IF($C16+18<=AT$3,1,0)+IF($C16+36<=AT$3,1,0))) | AW16: =IF(OR(N(AV16)=0,$B16="",$C16=""),0,MAX(0,$B16+2-AV16+IF($C16<=AV$3,1,0)+IF($C16+18<=AV$3,1,0)+IF($C16+36<=AV$3,1,0))) | AY16: =IF(OR(N(AX16)=0,$B16="",$C16=""),0,MAX(0,$B16+2-AX16+IF($C16<=AX$3,1,0)+IF($C16+18<=AX$3,1,0)+IF($C16+36<=AX$3,1,0))) | BA16: =IF(OR(N(AZ16)=0,$B16="",$C16=""),0,MAX(0,$B16+2-AZ16+IF($C16<=AZ$3,1,0)+IF($C16+18<=AZ$3,1,0)+IF($C16+36<=AZ$3,1,0))) | BC16: =IF(OR(N(BB16)=0,$B16="",$C16=""),0,MAX(0,$B16+2-BB16+IF($C16<=BB$3,1,0)+IF($C16+18<=BB$3,1,0)+IF($C16+36<=BB$3,1,0))) | BE16: =IF(OR(N(BD16)=0,$B16="",$C16=""),0,MAX(0,$B16+2-BD16+IF($C16<=BD$3,1,0)+IF($C16+18<=BD$3,1,0)+IF($C16+36<=BD$3,1,0))) | BG16: =IF(OR(N(BF16)=0,$B16="",$C16=""),0,MAX(0,$B16+2-BF16+IF($C16<=BF$3,1,0)+IF($C16+18<=BF$3,1,0)+IF($C16+36<=BF$3,1,0))) | BI16: =IF(OR(N(BH16)=0,$B16="",$C16=""),0,MAX(0,$B16+2-BH16+IF($C16<=BH$3,1,0)+IF($C16+18<=BH$3,1,0)+IF($C16+36<=BH$3,1,0))) | BK16: =IF(OR(N(BJ16)=0,$B16="",$C16=""),0,MAX(0,$B16+2-BJ16+IF($C16<=BJ$3,1,0)+IF($C16+18<=BJ$3,1,0)+IF($C16+36<=BJ$3,1,0))) | BM16: =IF(OR(N(BL16)=0,$B16="",$C16=""),0,MAX(0,$B16+2-BL16+IF($C16<=BL$3,1,0)+IF($C16+18<=BL$3,1,0)+IF($C16+36<=BL$3,1,0))) | BO16: =IF(OR(N(BN16)=0,$B16="",$C16=""),0,MAX(0,$B16+2-BN16+IF($C16<=BN$3,1,0)+IF($C16+18<=BN$3,1,0)+IF($C16+36<=BN$3,1,0)))
A17: 12 | B17: =IF(Setup!G$17="","",Setup!G$17) | C17: =IF(Setup!H$17="","",Setup!H$17) | E17: =IF(OR(N(D17)=0,$B17="",$C17=""),0,MAX(0,$B17+2-D17+IF($C17<=D$3,1,0)+IF($C17+18<=D$3,1,0)+IF($C17+36<=D$3,1,0))) | G17: =IF(OR(N(F17)=0,$B17="",$C17=""),0,MAX(0,$B17+2-F17+IF($C17<=F$3,1,0)+IF($C17+18<=F$3,1,0)+IF($C17+36<=F$3,1,0))) | I17: =IF(OR(N(H17)=0,$B17="",$C17=""),0,MAX(0,$B17+2-H17+IF($C17<=H$3,1,0)+IF($C17+18<=H$3,1,0)+IF($C17+36<=H$3,1,0))) | K17: =IF(OR(N(J17)=0,$B17="",$C17=""),0,MAX(0,$B17+2-J17+IF($C17<=J$3,1,0)+IF($C17+18<=J$3,1,0)+IF($C17+36<=J$3,1,0))) | M17: =IF(OR(N(L17)=0,$B17="",$C17=""),0,MAX(0,$B17+2-L17+IF($C17<=L$3,1,0)+IF($C17+18<=L$3,1,0)+IF($C17+36<=L$3,1,0))) | O17: =IF(OR(N(N17)=0,$B17="",$C17=""),0,MAX(0,$B17+2-N17+IF($C17<=N$3,1,0)+IF($C17+18<=N$3,1,0)+IF($C17+36<=N$3,1,0))) | Q17: =IF(OR(N(P17)=0,$B17="",$C17=""),0,MAX(0,$B17+2-P17+IF($C17<=P$3,1,0)+IF($C17+18<=P$3,1,0)+IF($C17+36<=P$3,1,0))) | S17: =IF(OR(N(R17)=0,$B17="",$C17=""),0,MAX(0,$B17+2-R17+IF($C17<=R$3,1,0)+IF($C17+18<=R$3,1,0)+IF($C17+36<=R$3,1,0))) | U17: =IF(OR(N(T17)=0,$B17="",$C17=""),0,MAX(0,$B17+2-T17+IF($C17<=T$3,1,0)+IF($C17+18<=T$3,1,0)+IF($C17+36<=T$3,1,0))) | W17: =IF(OR(N(V17)=0,$B17="",$C17=""),0,MAX(0,$B17+2-V17+IF($C17<=V$3,1,0)+IF($C17+18<=V$3,1,0)+IF($C17+36<=V$3,1,0))) | Y17: =IF(OR(N(X17)=0,$B17="",$C17=""),0,MAX(0,$B17+2-X17+IF($C17<=X$3,1,0)+IF($C17+18<=X$3,1,0)+IF($C17+36<=X$3,1,0))) | AA17: =IF(OR(N(Z17)=0,$B17="",$C17=""),0,MAX(0,$B17+2-Z17+IF($C17<=Z$3,1,0)+IF($C17+18<=Z$3,1,0)+IF($C17+36<=Z$3,1,0))) | AC17: =IF(OR(N(AB17)=0,$B17="",$C17=""),0,MAX(0,$B17+2-AB17+IF($C17<=AB$3,1,0)+IF($C17+18<=AB$3,1,0)+IF($C17+36<=AB$3,1,0))) | AE17: =IF(OR(N(AD17)=0,$B17="",$C17=""),0,MAX(0,$B17+2-AD17+IF($C17<=AD$3,1,0)+IF($C17+18<=AD$3,1,0)+IF($C17+36<=AD$3,1,0))) | AG17: =IF(OR(N(AF17)=0,$B17="",$C17=""),0,MAX(0,$B17+2-AF17+IF($C17<=AF$3,1,0)+IF($C17+18<=AF$3,1,0)+IF($C17+36<=AF$3,1,0))) | AI17: =IF(OR(N(AH17)=0,$B17="",$C17=""),0,MAX(0,$B17+2-AH17+IF($C17<=AH$3,1,0)+IF($C17+18<=AH$3,1,0)+IF($C17+36<=AH$3,1,0))) | AK17: =IF(OR(N(AJ17)=0,$B17="",$C17=""),0,MAX(0,$B17+2-AJ17+IF($C17<=AJ$3,1,0)+IF($C17+18<=AJ$3,1,0)+IF($C17+36<=AJ$3,1,0))) | AM17: =IF(OR(N(AL17)=0,$B17="",$C17=""),0,MAX(0,$B17+2-AL17+IF($C17<=AL$3,1,0)+IF($C17+18<=AL$3,1,0)+IF($C17+36<=AL$3,1,0))) | AO17: =IF(OR(N(AN17)=0,$B17="",$C17=""),0,MAX(0,$B17+2-AN17+IF($C17<=AN$3,1,0)+IF($C17+18<=AN$3,1,0)+IF($C17+36<=AN$3,1,0))) | AQ17: =IF(OR(N(AP17)=0,$B17="",$C17=""),0,MAX(0,$B17+2-AP17+IF($C17<=AP$3,1,0)+IF($C17+18<=AP$3,1,0)+IF($C17+36<=AP$3,1,0))) | AS17: =IF(OR(N(AR17)=0,$B17="",$C17=""),0,MAX(0,$B17+2-AR17+IF($C17<=AR$3,1,0)+IF($C17+18<=AR$3,1,0)+IF($C17+36<=AR$3,1,0))) | AU17: =IF(OR(N(AT17)=0,$B17="",$C17=""),0,MAX(0,$B17+2-AT17+IF($C17<=AT$3,1,0)+IF($C17+18<=AT$3,1,0)+IF($C17+36<=AT$3,1,0))) | AW17: =IF(OR(N(AV17)=0,$B17="",$C17=""),0,MAX(0,$B17+2-AV17+IF($C17<=AV$3,1,0)+IF($C17+18<=AV$3,1,0)+IF($C17+36<=AV$3,1,0))) | AY17: =IF(OR(N(AX17)=0,$B17="",$C17=""),0,MAX(0,$B17+2-AX17+IF($C17<=AX$3,1,0)+IF($C17+18<=AX$3,1,0)+IF($C17+36<=AX$3,1,0))) | BA17: =IF(OR(N(AZ17)=0,$B17="",$C17=""),0,MAX(0,$B17+2-AZ17+IF($C17<=AZ$3,1,0)+IF($C17+18<=AZ$3,1,0)+IF($C17+36<=AZ$3,1,0))) | BC17: =IF(OR(N(BB17)=0,$B17="",$C17=""),0,MAX(0,$B17+2-BB17+IF($C17<=BB$3,1,0)+IF($C17+18<=BB$3,1,0)+IF($C17+36<=BB$3,1,0))) | BE17: =IF(OR(N(BD17)=0,$B17="",$C17=""),0,MAX(0,$B17+2-BD17+IF($C17<=BD$3,1,0)+IF($C17+18<=BD$3,1,0)+IF($C17+36<=BD$3,1,0))) | BG17: =IF(OR(N(BF17)=0,$B17="",$C17=""),0,MAX(0,$B17+2-BF17+IF($C17<=BF$3,1,0)+IF($C17+18<=BF$3,1,0)+IF($C17+36<=BF$3,1,0))) | BI17: =IF(OR(N(BH17)=0,$B17="",$C17=""),0,MAX(0,$B17+2-BH17+IF($C17<=BH$3,1,0)+IF($C17+18<=BH$3,1,0)+IF($C17+36<=BH$3,1,0))) | BK17: =IF(OR(N(BJ17)=0,$B17="",$C17=""),0,MAX(0,$B17+2-BJ17+IF($C17<=BJ$3,1,0)+IF($C17+18<=BJ$3,1,0)+IF($C17+36<=BJ$3,1,0))) | BM17: =IF(OR(N(BL17)=0,$B17="",$C17=""),0,MAX(0,$B17+2-BL17+IF($C17<=BL$3,1,0)+IF($C17+18<=BL$3,1,0)+IF($C17+36<=BL$3,1,0))) | BO17: =IF(OR(N(BN17)=0,$B17="",$C17=""),0,MAX(0,$B17+2-BN17+IF($C17<=BN$3,1,0)+IF($C17+18<=BN$3,1,0)+IF($C17+36<=BN$3,1,0)))
A18: 13 | B18: =IF(Setup!G$18="","",Setup!G$18) | C18: =IF(Setup!H$18="","",Setup!H$18) | E18: =IF(OR(N(D18)=0,$B18="",$C18=""),0,MAX(0,$B18+2-D18+IF($C18<=D$3,1,0)+IF($C18+18<=D$3,1,0)+IF($C18+36<=D$3,1,0))) | G18: =IF(OR(N(F18)=0,$B18="",$C18=""),0,MAX(0,$B18+2-F18+IF($C18<=F$3,1,0)+IF($C18+18<=F$3,1,0)+IF($C18+36<=F$3,1,0))) | I18: =IF(OR(N(H18)=0,$B18="",$C18=""),0,MAX(0,$B18+2-H18+IF($C18<=H$3,1,0)+IF($C18+18<=H$3,1,0)+IF($C18+36<=H$3,1,0))) | K18: =IF(OR(N(J18)=0,$B18="",$C18=""),0,MAX(0,$B18+2-J18+IF($C18<=J$3,1,0)+IF($C18+18<=J$3,1,0)+IF($C18+36<=J$3,1,0))) | M18: =IF(OR(N(L18)=0,$B18="",$C18=""),0,MAX(0,$B18+2-L18+IF($C18<=L$3,1,0)+IF($C18+18<=L$3,1,0)+IF($C18+36<=L$3,1,0))) | O18: =IF(OR(N(N18)=0,$B18="",$C18=""),0,MAX(0,$B18+2-N18+IF($C18<=N$3,1,0)+IF($C18+18<=N$3,1,0)+IF($C18+36<=N$3,1,0))) | Q18: =IF(OR(N(P18)=0,$B18="",$C18=""),0,MAX(0,$B18+2-P18+IF($C18<=P$3,1,0)+IF($C18+18<=P$3,1,0)+IF($C18+36<=P$3,1,0))) | S18: =IF(OR(N(R18)=0,$B18="",$C18=""),0,MAX(0,$B18+2-R18+IF($C18<=R$3,1,0)+IF($C18+18<=R$3,1,0)+IF($C18+36<=R$3,1,0))) | U18: =IF(OR(N(T18)=0,$B18="",$C18=""),0,MAX(0,$B18+2-T18+IF($C18<=T$3,1,0)+IF($C18+18<=T$3,1,0)+IF($C18+36<=T$3,1,0))) | W18: =IF(OR(N(V18)=0,$B18="",$C18=""),0,MAX(0,$B18+2-V18+IF($C18<=V$3,1,0)+IF($C18+18<=V$3,1,0)+IF($C18+36<=V$3,1,0))) | Y18: =IF(OR(N(X18)=0,$B18="",$C18=""),0,MAX(0,$B18+2-X18+IF($C18<=X$3,1,0)+IF($C18+18<=X$3,1,0)+IF($C18+36<=X$3,1,0))) | AA18: =IF(OR(N(Z18)=0,$B18="",$C18=""),0,MAX(0,$B18+2-Z18+IF($C18<=Z$3,1,0)+IF($C18+18<=Z$3,1,0)+IF($C18+36<=Z$3,1,0))) | AC18: =IF(OR(N(AB18)=0,$B18="",$C18=""),0,MAX(0,$B18+2-AB18+IF($C18<=AB$3,1,0)+IF($C18+18<=AB$3,1,0)+IF($C18+36<=AB$3,1,0))) | AE18: =IF(OR(N(AD18)=0,$B18="",$C18=""),0,MAX(0,$B18+2-AD18+IF($C18<=AD$3,1,0)+IF($C18+18<=AD$3,1,0)+IF($C18+36<=AD$3,1,0))) | AG18: =IF(OR(N(AF18)=0,$B18="",$C18=""),0,MAX(0,$B18+2-AF18+IF($C18<=AF$3,1,0)+IF($C18+18<=AF$3,1,0)+IF($C18+36<=AF$3,1,0))) | AI18: =IF(OR(N(AH18)=0,$B18="",$C18=""),0,MAX(0,$B18+2-AH18+IF($C18<=AH$3,1,0)+IF($C18+18<=AH$3,1,0)+IF($C18+36<=AH$3,1,0))) | AK18: =IF(OR(N(AJ18)=0,$B18="",$C18=""),0,MAX(0,$B18+2-AJ18+IF($C18<=AJ$3,1,0)+IF($C18+18<=AJ$3,1,0)+IF($C18+36<=AJ$3,1,0))) | AM18: =IF(OR(N(AL18)=0,$B18="",$C18=""),0,MAX(0,$B18+2-AL18+IF($C18<=AL$3,1,0)+IF($C18+18<=AL$3,1,0)+IF($C18+36<=AL$3,1,0))) | AO18: =IF(OR(N(AN18)=0,$B18="",$C18=""),0,MAX(0,$B18+2-AN18+IF($C18<=AN$3,1,0)+IF($C18+18<=AN$3,1,0)+IF($C18+36<=AN$3,1,0))) | AQ18: =IF(OR(N(AP18)=0,$B18="",$C18=""),0,MAX(0,$B18+2-AP18+IF($C18<=AP$3,1,0)+IF($C18+18<=AP$3,1,0)+IF($C18+36<=AP$3,1,0))) | AS18: =IF(OR(N(AR18)=0,$B18="",$C18=""),0,MAX(0,$B18+2-AR18+IF($C18<=AR$3,1,0)+IF($C18+18<=AR$3,1,0)+IF($C18+36<=AR$3,1,0))) | AU18: =IF(OR(N(AT18)=0,$B18="",$C18=""),0,MAX(0,$B18+2-AT18+IF($C18<=AT$3,1,0)+IF($C18+18<=AT$3,1,0)+IF($C18+36<=AT$3,1,0))) | AW18: =IF(OR(N(AV18)=0,$B18="",$C18=""),0,MAX(0,$B18+2-AV18+IF($C18<=AV$3,1,0)+IF($C18+18<=AV$3,1,0)+IF($C18+36<=AV$3,1,0))) | AY18: =IF(OR(N(AX18)=0,$B18="",$C18=""),0,MAX(0,$B18+2-AX18+IF($C18<=AX$3,1,0)+IF($C18+18<=AX$3,1,0)+IF($C18+36<=AX$3,1,0))) | BA18: =IF(OR(N(AZ18)=0,$B18="",$C18=""),0,MAX(0,$B18+2-AZ18+IF($C18<=AZ$3,1,0)+IF($C18+18<=AZ$3,1,0)+IF($C18+36<=AZ$3,1,0))) | BC18: =IF(OR(N(BB18)=0,$B18="",$C18=""),0,MAX(0,$B18+2-BB18+IF($C18<=BB$3,1,0)+IF($C18+18<=BB$3,1,0)+IF($C18+36<=BB$3,1,0))) | BE18: =IF(OR(N(BD18)=0,$B18="",$C18=""),0,MAX(0,$B18+2-BD18+IF($C18<=BD$3,1,0)+IF($C18+18<=BD$3,1,0)+IF($C18+36<=BD$3,1,0))) | BG18: =IF(OR(N(BF18)=0,$B18="",$C18=""),0,MAX(0,$B18+2-BF18+IF($C18<=BF$3,1,0)+IF($C18+18<=BF$3,1,0)+IF($C18+36<=BF$3,1,0))) | BI18: =IF(OR(N(BH18)=0,$B18="",$C18=""),0,MAX(0,$B18+2-BH18+IF($C18<=BH$3,1,0)+IF($C18+18<=BH$3,1,0)+IF($C18+36<=BH$3,1,0))) | BK18: =IF(OR(N(BJ18)=0,$B18="",$C18=""),0,MAX(0,$B18+2-BJ18+IF($C18<=BJ$3,1,0)+IF($C18+18<=BJ$3,1,0)+IF($C18+36<=BJ$3,1,0))) | BM18: =IF(OR(N(BL18)=0,$B18="",$C18=""),0,MAX(0,$B18+2-BL18+IF($C18<=BL$3,1,0)+IF($C18+18<=BL$3,1,0)+IF($C18+36<=BL$3,1,0))) | BO18: =IF(OR(N(BN18)=0,$B18="",$C18=""),0,MAX(0,$B18+2-BN18+IF($C18<=BN$3,1,0)+IF($C18+18<=BN$3,1,0)+IF($C18+36<=BN$3,1,0)))
A19: 14 | B19: =IF(Setup!G$19="","",Setup!G$19) | C19: =IF(Setup!H$19="","",Setup!H$19) | E19: =IF(OR(N(D19)=0,$B19="",$C19=""),0,MAX(0,$B19+2-D19+IF($C19<=D$3,1,0)+IF($C19+18<=D$3,1,0)+IF($C19+36<=D$3,1,0))) | G19: =IF(OR(N(F19)=0,$B19="",$C19=""),0,MAX(0,$B19+2-F19+IF($C19<=F$3,1,0)+IF($C19+18<=F$3,1,0)+IF($C19+36<=F$3,1,0))) | I19: =IF(OR(N(H19)=0,$B19="",$C19=""),0,MAX(0,$B19+2-H19+IF($C19<=H$3,1,0)+IF($C19+18<=H$3,1,0)+IF($C19+36<=H$3,1,0))) | K19: =IF(OR(N(J19)=0,$B19="",$C19=""),0,MAX(0,$B19+2-J19+IF($C19<=J$3,1,0)+IF($C19+18<=J$3,1,0)+IF($C19+36<=J$3,1,0))) | M19: =IF(OR(N(L19)=0,$B19="",$C19=""),0,MAX(0,$B19+2-L19+IF($C19<=L$3,1,0)+IF($C19+18<=L$3,1,0)+IF($C19+36<=L$3,1,0))) | O19: =IF(OR(N(N19)=0,$B19="",$C19=""),0,MAX(0,$B19+2-N19+IF($C19<=N$3,1,0)+IF($C19+18<=N$3,1,0)+IF($C19+36<=N$3,1,0))) | Q19: =IF(OR(N(P19)=0,$B19="",$C19=""),0,MAX(0,$B19+2-P19+IF($C19<=P$3,1,0)+IF($C19+18<=P$3,1,0)+IF($C19+36<=P$3,1,0))) | S19: =IF(OR(N(R19)=0,$B19="",$C19=""),0,MAX(0,$B19+2-R19+IF($C19<=R$3,1,0)+IF($C19+18<=R$3,1,0)+IF($C19+36<=R$3,1,0))) | U19: =IF(OR(N(T19)=0,$B19="",$C19=""),0,MAX(0,$B19+2-T19+IF($C19<=T$3,1,0)+IF($C19+18<=T$3,1,0)+IF($C19+36<=T$3,1,0))) | W19: =IF(OR(N(V19)=0,$B19="",$C19=""),0,MAX(0,$B19+2-V19+IF($C19<=V$3,1,0)+IF($C19+18<=V$3,1,0)+IF($C19+36<=V$3,1,0))) | Y19: =IF(OR(N(X19)=0,$B19="",$C19=""),0,MAX(0,$B19+2-X19+IF($C19<=X$3,1,0)+IF($C19+18<=X$3,1,0)+IF($C19+36<=X$3,1,0))) | AA19: =IF(OR(N(Z19)=0,$B19="",$C19=""),0,MAX(0,$B19+2-Z19+IF($C19<=Z$3,1,0)+IF($C19+18<=Z$3,1,0)+IF($C19+36<=Z$3,1,0))) | AC19: =IF(OR(N(AB19)=0,$B19="",$C19=""),0,MAX(0,$B19+2-AB19+IF($C19<=AB$3,1,0)+IF($C19+18<=AB$3,1,0)+IF($C19+36<=AB$3,1,0))) | AE19: =IF(OR(N(AD19)=0,$B19="",$C19=""),0,MAX(0,$B19+2-AD19+IF($C19<=AD$3,1,0)+IF($C19+18<=AD$3,1,0)+IF($C19+36<=AD$3,1,0))) | AG19: =IF(OR(N(AF19)=0,$B19="",$C19=""),0,MAX(0,$B19+2-AF19+IF($C19<=AF$3,1,0)+IF($C19+18<=AF$3,1,0)+IF($C19+36<=AF$3,1,0))) | AI19: =IF(OR(N(AH19)=0,$B19="",$C19=""),0,MAX(0,$B19+2-AH19+IF($C19<=AH$3,1,0)+IF($C19+18<=AH$3,1,0)+IF($C19+36<=AH$3,1,0))) | AK19: =IF(OR(N(AJ19)=0,$B19="",$C19=""),0,MAX(0,$B19+2-AJ19+IF($C19<=AJ$3,1,0)+IF($C19+18<=AJ$3,1,0)+IF($C19+36<=AJ$3,1,0))) | AM19: =IF(OR(N(AL19)=0,$B19="",$C19=""),0,MAX(0,$B19+2-AL19+IF($C19<=AL$3,1,0)+IF($C19+18<=AL$3,1,0)+IF($C19+36<=AL$3,1,0))) | AO19: =IF(OR(N(AN19)=0,$B19="",$C19=""),0,MAX(0,$B19+2-AN19+IF($C19<=AN$3,1,0)+IF($C19+18<=AN$3,1,0)+IF($C19+36<=AN$3,1,0))) | AQ19: =IF(OR(N(AP19)=0,$B19="",$C19=""),0,MAX(0,$B19+2-AP19+IF($C19<=AP$3,1,0)+IF($C19+18<=AP$3,1,0)+IF($C19+36<=AP$3,1,0))) | AS19: =IF(OR(N(AR19)=0,$B19="",$C19=""),0,MAX(0,$B19+2-AR19+IF($C19<=AR$3,1,0)+IF($C19+18<=AR$3,1,0)+IF($C19+36<=AR$3,1,0))) | AU19: =IF(OR(N(AT19)=0,$B19="",$C19=""),0,MAX(0,$B19+2-AT19+IF($C19<=AT$3,1,0)+IF($C19+18<=AT$3,1,0)+IF($C19+36<=AT$3,1,0))) | AW19: =IF(OR(N(AV19)=0,$B19="",$C19=""),0,MAX(0,$B19+2-AV19+IF($C19<=AV$3,1,0)+IF($C19+18<=AV$3,1,0)+IF($C19+36<=AV$3,1,0))) | AY19: =IF(OR(N(AX19)=0,$B19="",$C19=""),0,MAX(0,$B19+2-AX19+IF($C19<=AX$3,1,0)+IF($C19+18<=AX$3,1,0)+IF($C19+36<=AX$3,1,0))) | BA19: =IF(OR(N(AZ19)=0,$B19="",$C19=""),0,MAX(0,$B19+2-AZ19+IF($C19<=AZ$3,1,0)+IF($C19+18<=AZ$3,1,0)+IF($C19+36<=AZ$3,1,0))) | BC19: =IF(OR(N(BB19)=0,$B19="",$C19=""),0,MAX(0,$B19+2-BB19+IF($C19<=BB$3,1,0)+IF($C19+18<=BB$3,1,0)+IF($C19+36<=BB$3,1,0))) | BE19: =IF(OR(N(BD19)=0,$B19="",$C19=""),0,MAX(0,$B19+2-BD19+IF($C19<=BD$3,1,0)+IF($C19+18<=BD$3,1,0)+IF($C19+36<=BD$3,1,0))) | BG19: =IF(OR(N(BF19)=0,$B19="",$C19=""),0,MAX(0,$B19+2-BF19+IF($C19<=BF$3,1,0)+IF($C19+18<=BF$3,1,0)+IF($C19+36<=BF$3,1,0))) | BI19: =IF(OR(N(BH19)=0,$B19="",$C19=""),0,MAX(0,$B19+2-BH19+IF($C19<=BH$3,1,0)+IF($C19+18<=BH$3,1,0)+IF($C19+36<=BH$3,1,0))) | BK19: =IF(OR(N(BJ19)=0,$B19="",$C19=""),0,MAX(0,$B19+2-BJ19+IF($C19<=BJ$3,1,0)+IF($C19+18<=BJ$3,1,0)+IF($C19+36<=BJ$3,1,0))) | BM19: =IF(OR(N(BL19)=0,$B19="",$C19=""),0,MAX(0,$B19+2-BL19+IF($C19<=BL$3,1,0)+IF($C19+18<=BL$3,1,0)+IF($C19+36<=BL$3,1,0))) | BO19: =IF(OR(N(BN19)=0,$B19="",$C19=""),0,MAX(0,$B19+2-BN19+IF($C19<=BN$3,1,0)+IF($C19+18<=BN$3,1,0)+IF($C19+36<=BN$3,1,0)))
A20: 15 | B20: =IF(Setup!G$20="","",Setup!G$20) | C20: =IF(Setup!H$20="","",Setup!H$20) | E20: =IF(OR(N(D20)=0,$B20="",$C20=""),0,MAX(0,$B20+2-D20+IF($C20<=D$3,1,0)+IF($C20+18<=D$3,1,0)+IF($C20+36<=D$3,1,0))) | G20: =IF(OR(N(F20)=0,$B20="",$C20=""),0,MAX(0,$B20+2-F20+IF($C20<=F$3,1,0)+IF($C20+18<=F$3,1,0)+IF($C20+36<=F$3,1,0))) | I20: =IF(OR(N(H20)=0,$B20="",$C20=""),0,MAX(0,$B20+2-H20+IF($C20<=H$3,1,0)+IF($C20+18<=H$3,1,0)+IF($C20+36<=H$3,1,0))) | K20: =IF(OR(N(J20)=0,$B20="",$C20=""),0,MAX(0,$B20+2-J20+IF($C20<=J$3,1,0)+IF($C20+18<=J$3,1,0)+IF($C20+36<=J$3,1,0))) | M20: =IF(OR(N(L20)=0,$B20="",$C20=""),0,MAX(0,$B20+2-L20+IF($C20<=L$3,1,0)+IF($C20+18<=L$3,1,0)+IF($C20+36<=L$3,1,0))) | O20: =IF(OR(N(N20)=0,$B20="",$C20=""),0,MAX(0,$B20+2-N20+IF($C20<=N$3,1,0)+IF($C20+18<=N$3,1,0)+IF($C20+36<=N$3,1,0))) | Q20: =IF(OR(N(P20)=0,$B20="",$C20=""),0,MAX(0,$B20+2-P20+IF($C20<=P$3,1,0)+IF($C20+18<=P$3,1,0)+IF($C20+36<=P$3,1,0))) | S20: =IF(OR(N(R20)=0,$B20="",$C20=""),0,MAX(0,$B20+2-R20+IF($C20<=R$3,1,0)+IF($C20+18<=R$3,1,0)+IF($C20+36<=R$3,1,0))) | U20: =IF(OR(N(T20)=0,$B20="",$C20=""),0,MAX(0,$B20+2-T20+IF($C20<=T$3,1,0)+IF($C20+18<=T$3,1,0)+IF($C20+36<=T$3,1,0))) | W20: =IF(OR(N(V20)=0,$B20="",$C20=""),0,MAX(0,$B20+2-V20+IF($C20<=V$3,1,0)+IF($C20+18<=V$3,1,0)+IF($C20+36<=V$3,1,0))) | Y20: =IF(OR(N(X20)=0,$B20="",$C20=""),0,MAX(0,$B20+2-X20+IF($C20<=X$3,1,0)+IF($C20+18<=X$3,1,0)+IF($C20+36<=X$3,1,0))) | AA20: =IF(OR(N(Z20)=0,$B20="",$C20=""),0,MAX(0,$B20+2-Z20+IF($C20<=Z$3,1,0)+IF($C20+18<=Z$3,1,0)+IF($C20+36<=Z$3,1,0))) | AC20: =IF(OR(N(AB20)=0,$B20="",$C20=""),0,MAX(0,$B20+2-AB20+IF($C20<=AB$3,1,0)+IF($C20+18<=AB$3,1,0)+IF($C20+36<=AB$3,1,0))) | AE20: =IF(OR(N(AD20)=0,$B20="",$C20=""),0,MAX(0,$B20+2-AD20+IF($C20<=AD$3,1,0)+IF($C20+18<=AD$3,1,0)+IF($C20+36<=AD$3,1,0))) | AG20: =IF(OR(N(AF20)=0,$B20="",$C20=""),0,MAX(0,$B20+2-AF20+IF($C20<=AF$3,1,0)+IF($C20+18<=AF$3,1,0)+IF($C20+36<=AF$3,1,0))) | AI20: =IF(OR(N(AH20)=0,$B20="",$C20=""),0,MAX(0,$B20+2-AH20+IF($C20<=AH$3,1,0)+IF($C20+18<=AH$3,1,0)+IF($C20+36<=AH$3,1,0))) | AK20: =IF(OR(N(AJ20)=0,$B20="",$C20=""),0,MAX(0,$B20+2-AJ20+IF($C20<=AJ$3,1,0)+IF($C20+18<=AJ$3,1,0)+IF($C20+36<=AJ$3,1,0))) | AM20: =IF(OR(N(AL20)=0,$B20="",$C20=""),0,MAX(0,$B20+2-AL20+IF($C20<=AL$3,1,0)+IF($C20+18<=AL$3,1,0)+IF($C20+36<=AL$3,1,0))) | AO20: =IF(OR(N(AN20)=0,$B20="",$C20=""),0,MAX(0,$B20+2-AN20+IF($C20<=AN$3,1,0)+IF($C20+18<=AN$3,1,0)+IF($C20+36<=AN$3,1,0))) | AQ20: =IF(OR(N(AP20)=0,$B20="",$C20=""),0,MAX(0,$B20+2-AP20+IF($C20<=AP$3,1,0)+IF($C20+18<=AP$3,1,0)+IF($C20+36<=AP$3,1,0))) | AS20: =IF(OR(N(AR20)=0,$B20="",$C20=""),0,MAX(0,$B20+2-AR20+IF($C20<=AR$3,1,0)+IF($C20+18<=AR$3,1,0)+IF($C20+36<=AR$3,1,0))) | AU20: =IF(OR(N(AT20)=0,$B20="",$C20=""),0,MAX(0,$B20+2-AT20+IF($C20<=AT$3,1,0)+IF($C20+18<=AT$3,1,0)+IF($C20+36<=AT$3,1,0))) | AW20: =IF(OR(N(AV20)=0,$B20="",$C20=""),0,MAX(0,$B20+2-AV20+IF($C20<=AV$3,1,0)+IF($C20+18<=AV$3,1,0)+IF($C20+36<=AV$3,1,0))) | AY20: =IF(OR(N(AX20)=0,$B20="",$C20=""),0,MAX(0,$B20+2-AX20+IF($C20<=AX$3,1,0)+IF($C20+18<=AX$3,1,0)+IF($C20+36<=AX$3,1,0))) | BA20: =IF(OR(N(AZ20)=0,$B20="",$C20=""),0,MAX(0,$B20+2-AZ20+IF($C20<=AZ$3,1,0)+IF($C20+18<=AZ$3,1,0)+IF($C20+36<=AZ$3,1,0))) | BC20: =IF(OR(N(BB20)=0,$B20="",$C20=""),0,MAX(0,$B20+2-BB20+IF($C20<=BB$3,1,0)+IF($C20+18<=BB$3,1,0)+IF($C20+36<=BB$3,1,0))) | BE20: =IF(OR(N(BD20)=0,$B20="",$C20=""),0,MAX(0,$B20+2-BD20+IF($C20<=BD$3,1,0)+IF($C20+18<=BD$3,1,0)+IF($C20+36<=BD$3,1,0))) | BG20: =IF(OR(N(BF20)=0,$B20="",$C20=""),0,MAX(0,$B20+2-BF20+IF($C20<=BF$3,1,0)+IF($C20+18<=BF$3,1,0)+IF($C20+36<=BF$3,1,0))) | BI20: =IF(OR(N(BH20)=0,$B20="",$C20=""),0,MAX(0,$B20+2-BH20+IF($C20<=BH$3,1,0)+IF($C20+18<=BH$3,1,0)+IF($C20+36<=BH$3,1,0))) | BK20: =IF(OR(N(BJ20)=0,$B20="",$C20=""),0,MAX(0,$B20+2-BJ20+IF($C20<=BJ$3,1,0)+IF($C20+18<=BJ$3,1,0)+IF($C20+36<=BJ$3,1,0))) | BM20: =IF(OR(N(BL20)=0,$B20="",$C20=""),0,MAX(0,$B20+2-BL20+IF($C20<=BL$3,1,0)+IF($C20+18<=BL$3,1,0)+IF($C20+36<=BL$3,1,0))) | BO20: =IF(OR(N(BN20)=0,$B20="",$C20=""),0,MAX(0,$B20+2-BN20+IF($C20<=BN$3,1,0)+IF($C20+18<=BN$3,1,0)+IF($C20+36<=BN$3,1,0)))
A21: 16 | B21: =IF(Setup!G$21="","",Setup!G$21) | C21: =IF(Setup!H$21="","",Setup!H$21) | E21: =IF(OR(N(D21)=0,$B21="",$C21=""),0,MAX(0,$B21+2-D21+IF($C21<=D$3,1,0)+IF($C21+18<=D$3,1,0)+IF($C21+36<=D$3,1,0))) | G21: =IF(OR(N(F21)=0,$B21="",$C21=""),0,MAX(0,$B21+2-F21+IF($C21<=F$3,1,0)+IF($C21+18<=F$3,1,0)+IF($C21+36<=F$3,1,0))) | I21: =IF(OR(N(H21)=0,$B21="",$C21=""),0,MAX(0,$B21+2-H21+IF($C21<=H$3,1,0)+IF($C21+18<=H$3,1,0)+IF($C21+36<=H$3,1,0))) | K21: =IF(OR(N(J21)=0,$B21="",$C21=""),0,MAX(0,$B21+2-J21+IF($C21<=J$3,1,0)+IF($C21+18<=J$3,1,0)+IF($C21+36<=J$3,1,0))) | M21: =IF(OR(N(L21)=0,$B21="",$C21=""),0,MAX(0,$B21+2-L21+IF($C21<=L$3,1,0)+IF($C21+18<=L$3,1,0)+IF($C21+36<=L$3,1,0))) | O21: =IF(OR(N(N21)=0,$B21="",$C21=""),0,MAX(0,$B21+2-N21+IF($C21<=N$3,1,0)+IF($C21+18<=N$3,1,0)+IF($C21+36<=N$3,1,0))) | Q21: =IF(OR(N(P21)=0,$B21="",$C21=""),0,MAX(0,$B21+2-P21+IF($C21<=P$3,1,0)+IF($C21+18<=P$3,1,0)+IF($C21+36<=P$3,1,0))) | S21: =IF(OR(N(R21)=0,$B21="",$C21=""),0,MAX(0,$B21+2-R21+IF($C21<=R$3,1,0)+IF($C21+18<=R$3,1,0)+IF($C21+36<=R$3,1,0))) | U21: =IF(OR(N(T21)=0,$B21="",$C21=""),0,MAX(0,$B21+2-T21+IF($C21<=T$3,1,0)+IF($C21+18<=T$3,1,0)+IF($C21+36<=T$3,1,0))) | W21: =IF(OR(N(V21)=0,$B21="",$C21=""),0,MAX(0,$B21+2-V21+IF($C21<=V$3,1,0)+IF($C21+18<=V$3,1,0)+IF($C21+36<=V$3,1,0))) | Y21: =IF(OR(N(X21)=0,$B21="",$C21=""),0,MAX(0,$B21+2-X21+IF($C21<=X$3,1,0)+IF($C21+18<=X$3,1,0)+IF($C21+36<=X$3,1,0))) | AA21: =IF(OR(N(Z21)=0,$B21="",$C21=""),0,MAX(0,$B21+2-Z21+IF($C21<=Z$3,1,0)+IF($C21+18<=Z$3,1,0)+IF($C21+36<=Z$3,1,0))) | AC21: =IF(OR(N(AB21)=0,$B21="",$C21=""),0,MAX(0,$B21+2-AB21+IF($C21<=AB$3,1,0)+IF($C21+18<=AB$3,1,0)+IF($C21+36<=AB$3,1,0))) | AE21: =IF(OR(N(AD21)=0,$B21="",$C21=""),0,MAX(0,$B21+2-AD21+IF($C21<=AD$3,1,0)+IF($C21+18<=AD$3,1,0)+IF($C21+36<=AD$3,1,0))) | AG21: =IF(OR(N(AF21)=0,$B21="",$C21=""),0,MAX(0,$B21+2-AF21+IF($C21<=AF$3,1,0)+IF($C21+18<=AF$3,1,0)+IF($C21+36<=AF$3,1,0))) | AI21: =IF(OR(N(AH21)=0,$B21="",$C21=""),0,MAX(0,$B21+2-AH21+IF($C21<=AH$3,1,0)+IF($C21+18<=AH$3,1,0)+IF($C21+36<=AH$3,1,0))) | AK21: =IF(OR(N(AJ21)=0,$B21="",$C21=""),0,MAX(0,$B21+2-AJ21+IF($C21<=AJ$3,1,0)+IF($C21+18<=AJ$3,1,0)+IF($C21+36<=AJ$3,1,0))) | AM21: =IF(OR(N(AL21)=0,$B21="",$C21=""),0,MAX(0,$B21+2-AL21+IF($C21<=AL$3,1,0)+IF($C21+18<=AL$3,1,0)+IF($C21+36<=AL$3,1,0))) | AO21: =IF(OR(N(AN21)=0,$B21="",$C21=""),0,MAX(0,$B21+2-AN21+IF($C21<=AN$3,1,0)+IF($C21+18<=AN$3,1,0)+IF($C21+36<=AN$3,1,0))) | AQ21: =IF(OR(N(AP21)=0,$B21="",$C21=""),0,MAX(0,$B21+2-AP21+IF($C21<=AP$3,1,0)+IF($C21+18<=AP$3,1,0)+IF($C21+36<=AP$3,1,0))) | AS21: =IF(OR(N(AR21)=0,$B21="",$C21=""),0,MAX(0,$B21+2-AR21+IF($C21<=AR$3,1,0)+IF($C21+18<=AR$3,1,0)+IF($C21+36<=AR$3,1,0))) | AU21: =IF(OR(N(AT21)=0,$B21="",$C21=""),0,MAX(0,$B21+2-AT21+IF($C21<=AT$3,1,0)+IF($C21+18<=AT$3,1,0)+IF($C21+36<=AT$3,1,0))) | AW21: =IF(OR(N(AV21)=0,$B21="",$C21=""),0,MAX(0,$B21+2-AV21+IF($C21<=AV$3,1,0)+IF($C21+18<=AV$3,1,0)+IF($C21+36<=AV$3,1,0))) | AY21: =IF(OR(N(AX21)=0,$B21="",$C21=""),0,MAX(0,$B21+2-AX21+IF($C21<=AX$3,1,0)+IF($C21+18<=AX$3,1,0)+IF($C21+36<=AX$3,1,0))) | BA21: =IF(OR(N(AZ21)=0,$B21="",$C21=""),0,MAX(0,$B21+2-AZ21+IF($C21<=AZ$3,1,0)+IF($C21+18<=AZ$3,1,0)+IF($C21+36<=AZ$3,1,0))) | BC21: =IF(OR(N(BB21)=0,$B21="",$C21=""),0,MAX(0,$B21+2-BB21+IF($C21<=BB$3,1,0)+IF($C21+18<=BB$3,1,0)+IF($C21+36<=BB$3,1,0))) | BE21: =IF(OR(N(BD21)=0,$B21="",$C21=""),0,MAX(0,$B21+2-BD21+IF($C21<=BD$3,1,0)+IF($C21+18<=BD$3,1,0)+IF($C21+36<=BD$3,1,0))) | BG21: =IF(OR(N(BF21)=0,$B21="",$C21=""),0,MAX(0,$B21+2-BF21+IF($C21<=BF$3,1,0)+IF($C21+18<=BF$3,1,0)+IF($C21+36<=BF$3,1,0))) | BI21: =IF(OR(N(BH21)=0,$B21="",$C21=""),0,MAX(0,$B21+2-BH21+IF($C21<=BH$3,1,0)+IF($C21+18<=BH$3,1,0)+IF($C21+36<=BH$3,1,0))) | BK21: =IF(OR(N(BJ21)=0,$B21="",$C21=""),0,MAX(0,$B21+2-BJ21+IF($C21<=BJ$3,1,0)+IF($C21+18<=BJ$3,1,0)+IF($C21+36<=BJ$3,1,0))) | BM21: =IF(OR(N(BL21)=0,$B21="",$C21=""),0,MAX(0,$B21+2-BL21+IF($C21<=BL$3,1,0)+IF($C21+18<=BL$3,1,0)+IF($C21+36<=BL$3,1,0))) | BO21: =IF(OR(N(BN21)=0,$B21="",$C21=""),0,MAX(0,$B21+2-BN21+IF($C21<=BN$3,1,0)+IF($C21+18<=BN$3,1,0)+IF($C21+36<=BN$3,1,0)))
A22: 17 | B22: =IF(Setup!G$22="","",Setup!G$22) | C22: =IF(Setup!H$22="","",Setup!H$22) | E22: =IF(OR(N(D22)=0,$B22="",$C22=""),0,MAX(0,$B22+2-D22+IF($C22<=D$3,1,0)+IF($C22+18<=D$3,1,0)+IF($C22+36<=D$3,1,0))) | G22: =IF(OR(N(F22)=0,$B22="",$C22=""),0,MAX(0,$B22+2-F22+IF($C22<=F$3,1,0)+IF($C22+18<=F$3,1,0)+IF($C22+36<=F$3,1,0))) | I22: =IF(OR(N(H22)=0,$B22="",$C22=""),0,MAX(0,$B22+2-H22+IF($C22<=H$3,1,0)+IF($C22+18<=H$3,1,0)+IF($C22+36<=H$3,1,0))) | K22: =IF(OR(N(J22)=0,$B22="",$C22=""),0,MAX(0,$B22+2-J22+IF($C22<=J$3,1,0)+IF($C22+18<=J$3,1,0)+IF($C22+36<=J$3,1,0))) | M22: =IF(OR(N(L22)=0,$B22="",$C22=""),0,MAX(0,$B22+2-L22+IF($C22<=L$3,1,0)+IF($C22+18<=L$3,1,0)+IF($C22+36<=L$3,1,0))) | O22: =IF(OR(N(N22)=0,$B22="",$C22=""),0,MAX(0,$B22+2-N22+IF($C22<=N$3,1,0)+IF($C22+18<=N$3,1,0)+IF($C22+36<=N$3,1,0))) | Q22: =IF(OR(N(P22)=0,$B22="",$C22=""),0,MAX(0,$B22+2-P22+IF($C22<=P$3,1,0)+IF($C22+18<=P$3,1,0)+IF($C22+36<=P$3,1,0))) | S22: =IF(OR(N(R22)=0,$B22="",$C22=""),0,MAX(0,$B22+2-R22+IF($C22<=R$3,1,0)+IF($C22+18<=R$3,1,0)+IF($C22+36<=R$3,1,0))) | U22: =IF(OR(N(T22)=0,$B22="",$C22=""),0,MAX(0,$B22+2-T22+IF($C22<=T$3,1,0)+IF($C22+18<=T$3,1,0)+IF($C22+36<=T$3,1,0))) | W22: =IF(OR(N(V22)=0,$B22="",$C22=""),0,MAX(0,$B22+2-V22+IF($C22<=V$3,1,0)+IF($C22+18<=V$3,1,0)+IF($C22+36<=V$3,1,0))) | Y22: =IF(OR(N(X22)=0,$B22="",$C22=""),0,MAX(0,$B22+2-X22+IF($C22<=X$3,1,0)+IF($C22+18<=X$3,1,0)+IF($C22+36<=X$3,1,0))) | AA22: =IF(OR(N(Z22)=0,$B22="",$C22=""),0,MAX(0,$B22+2-Z22+IF($C22<=Z$3,1,0)+IF($C22+18<=Z$3,1,0)+IF($C22+36<=Z$3,1,0))) | AC22: =IF(OR(N(AB22)=0,$B22="",$C22=""),0,MAX(0,$B22+2-AB22+IF($C22<=AB$3,1,0)+IF($C22+18<=AB$3,1,0)+IF($C22+36<=AB$3,1,0))) | AE22: =IF(OR(N(AD22)=0,$B22="",$C22=""),0,MAX(0,$B22+2-AD22+IF($C22<=AD$3,1,0)+IF($C22+18<=AD$3,1,0)+IF($C22+36<=AD$3,1,0))) | AG22: =IF(OR(N(AF22)=0,$B22="",$C22=""),0,MAX(0,$B22+2-AF22+IF($C22<=AF$3,1,0)+IF($C22+18<=AF$3,1,0)+IF($C22+36<=AF$3,1,0))) | AI22: =IF(OR(N(AH22)=0,$B22="",$C22=""),0,MAX(0,$B22+2-AH22+IF($C22<=AH$3,1,0)+IF($C22+18<=AH$3,1,0)+IF($C22+36<=AH$3,1,0))) | AK22: =IF(OR(N(AJ22)=0,$B22="",$C22=""),0,MAX(0,$B22+2-AJ22+IF($C22<=AJ$3,1,0)+IF($C22+18<=AJ$3,1,0)+IF($C22+36<=AJ$3,1,0))) | AM22: =IF(OR(N(AL22)=0,$B22="",$C22=""),0,MAX(0,$B22+2-AL22+IF($C22<=AL$3,1,0)+IF($C22+18<=AL$3,1,0)+IF($C22+36<=AL$3,1,0))) | AO22: =IF(OR(N(AN22)=0,$B22="",$C22=""),0,MAX(0,$B22+2-AN22+IF($C22<=AN$3,1,0)+IF($C22+18<=AN$3,1,0)+IF($C22+36<=AN$3,1,0))) | AQ22: =IF(OR(N(AP22)=0,$B22="",$C22=""),0,MAX(0,$B22+2-AP22+IF($C22<=AP$3,1,0)+IF($C22+18<=AP$3,1,0)+IF($C22+36<=AP$3,1,0))) | AS22: =IF(OR(N(AR22)=0,$B22="",$C22=""),0,MAX(0,$B22+2-AR22+IF($C22<=AR$3,1,0)+IF($C22+18<=AR$3,1,0)+IF($C22+36<=AR$3,1,0))) | AU22: =IF(OR(N(AT22)=0,$B22="",$C22=""),0,MAX(0,$B22+2-AT22+IF($C22<=AT$3,1,0)+IF($C22+18<=AT$3,1,0)+IF($C22+36<=AT$3,1,0))) | AW22: =IF(OR(N(AV22)=0,$B22="",$C22=""),0,MAX(0,$B22+2-AV22+IF($C22<=AV$3,1,0)+IF($C22+18<=AV$3,1,0)+IF($C22+36<=AV$3,1,0))) | AY22: =IF(OR(N(AX22)=0,$B22="",$C22=""),0,MAX(0,$B22+2-AX22+IF($C22<=AX$3,1,0)+IF($C22+18<=AX$3,1,0)+IF($C22+36<=AX$3,1,0))) | BA22: =IF(OR(N(AZ22)=0,$B22="",$C22=""),0,MAX(0,$B22+2-AZ22+IF($C22<=AZ$3,1,0)+IF($C22+18<=AZ$3,1,0)+IF($C22+36<=AZ$3,1,0))) | BC22: =IF(OR(N(BB22)=0,$B22="",$C22=""),0,MAX(0,$B22+2-BB22+IF($C22<=BB$3,1,0)+IF($C22+18<=BB$3,1,0)+IF($C22+36<=BB$3,1,0))) | BE22: =IF(OR(N(BD22)=0,$B22="",$C22=""),0,MAX(0,$B22+2-BD22+IF($C22<=BD$3,1,0)+IF($C22+18<=BD$3,1,0)+IF($C22+36<=BD$3,1,0))) | BG22: =IF(OR(N(BF22)=0,$B22="",$C22=""),0,MAX(0,$B22+2-BF22+IF($C22<=BF$3,1,0)+IF($C22+18<=BF$3,1,0)+IF($C22+36<=BF$3,1,0))) | BI22: =IF(OR(N(BH22)=0,$B22="",$C22=""),0,MAX(0,$B22+2-BH22+IF($C22<=BH$3,1,0)+IF($C22+18<=BH$3,1,0)+IF($C22+36<=BH$3,1,0))) | BK22: =IF(OR(N(BJ22)=0,$B22="",$C22=""),0,MAX(0,$B22+2-BJ22+IF($C22<=BJ$3,1,0)+IF($C22+18<=BJ$3,1,0)+IF($C22+36<=BJ$3,1,0))) | BM22: =IF(OR(N(BL22)=0,$B22="",$C22=""),0,MAX(0,$B22+2-BL22+IF($C22<=BL$3,1,0)+IF($C22+18<=BL$3,1,0)+IF($C22+36<=BL$3,1,0))) | BO22: =IF(OR(N(BN22)=0,$B22="",$C22=""),0,MAX(0,$B22+2-BN22+IF($C22<=BN$3,1,0)+IF($C22+18<=BN$3,1,0)+IF($C22+36<=BN$3,1,0)))
A23: 18 | B23: =IF(Setup!G$23="","",Setup!G$23) | C23: =IF(Setup!H$23="","",Setup!H$23) | E23: =IF(OR(N(D23)=0,$B23="",$C23=""),0,MAX(0,$B23+2-D23+IF($C23<=D$3,1,0)+IF($C23+18<=D$3,1,0)+IF($C23+36<=D$3,1,0))) | G23: =IF(OR(N(F23)=0,$B23="",$C23=""),0,MAX(0,$B23+2-F23+IF($C23<=F$3,1,0)+IF($C23+18<=F$3,1,0)+IF($C23+36<=F$3,1,0))) | I23: =IF(OR(N(H23)=0,$B23="",$C23=""),0,MAX(0,$B23+2-H23+IF($C23<=H$3,1,0)+IF($C23+18<=H$3,1,0)+IF($C23+36<=H$3,1,0))) | K23: =IF(OR(N(J23)=0,$B23="",$C23=""),0,MAX(0,$B23+2-J23+IF($C23<=J$3,1,0)+IF($C23+18<=J$3,1,0)+IF($C23+36<=J$3,1,0))) | M23: =IF(OR(N(L23)=0,$B23="",$C23=""),0,MAX(0,$B23+2-L23+IF($C23<=L$3,1,0)+IF($C23+18<=L$3,1,0)+IF($C23+36<=L$3,1,0))) | O23: =IF(OR(N(N23)=0,$B23="",$C23=""),0,MAX(0,$B23+2-N23+IF($C23<=N$3,1,0)+IF($C23+18<=N$3,1,0)+IF($C23+36<=N$3,1,0))) | Q23: =IF(OR(N(P23)=0,$B23="",$C23=""),0,MAX(0,$B23+2-P23+IF($C23<=P$3,1,0)+IF($C23+18<=P$3,1,0)+IF($C23+36<=P$3,1,0))) | S23: =IF(OR(N(R23)=0,$B23="",$C23=""),0,MAX(0,$B23+2-R23+IF($C23<=R$3,1,0)+IF($C23+18<=R$3,1,0)+IF($C23+36<=R$3,1,0))) | U23: =IF(OR(N(T23)=0,$B23="",$C23=""),0,MAX(0,$B23+2-T23+IF($C23<=T$3,1,0)+IF($C23+18<=T$3,1,0)+IF($C23+36<=T$3,1,0))) | W23: =IF(OR(N(V23)=0,$B23="",$C23=""),0,MAX(0,$B23+2-V23+IF($C23<=V$3,1,0)+IF($C23+18<=V$3,1,0)+IF($C23+36<=V$3,1,0))) | Y23: =IF(OR(N(X23)=0,$B23="",$C23=""),0,MAX(0,$B23+2-X23+IF($C23<=X$3,1,0)+IF($C23+18<=X$3,1,0)+IF($C23+36<=X$3,1,0))) | AA23: =IF(OR(N(Z23)=0,$B23="",$C23=""),0,MAX(0,$B23+2-Z23+IF($C23<=Z$3,1,0)+IF($C23+18<=Z$3,1,0)+IF($C23+36<=Z$3,1,0))) | AC23: =IF(OR(N(AB23)=0,$B23="",$C23=""),0,MAX(0,$B23+2-AB23+IF($C23<=AB$3,1,0)+IF($C23+18<=AB$3,1,0)+IF($C23+36<=AB$3,1,0))) | AE23: =IF(OR(N(AD23)=0,$B23="",$C23=""),0,MAX(0,$B23+2-AD23+IF($C23<=AD$3,1,0)+IF($C23+18<=AD$3,1,0)+IF($C23+36<=AD$3,1,0))) | AG23: =IF(OR(N(AF23)=0,$B23="",$C23=""),0,MAX(0,$B23+2-AF23+IF($C23<=AF$3,1,0)+IF($C23+18<=AF$3,1,0)+IF($C23+36<=AF$3,1,0))) | AI23: =IF(OR(N(AH23)=0,$B23="",$C23=""),0,MAX(0,$B23+2-AH23+IF($C23<=AH$3,1,0)+IF($C23+18<=AH$3,1,0)+IF($C23+36<=AH$3,1,0))) | AK23: =IF(OR(N(AJ23)=0,$B23="",$C23=""),0,MAX(0,$B23+2-AJ23+IF($C23<=AJ$3,1,0)+IF($C23+18<=AJ$3,1,0)+IF($C23+36<=AJ$3,1,0))) | AM23: =IF(OR(N(AL23)=0,$B23="",$C23=""),0,MAX(0,$B23+2-AL23+IF($C23<=AL$3,1,0)+IF($C23+18<=AL$3,1,0)+IF($C23+36<=AL$3,1,0))) | AO23: =IF(OR(N(AN23)=0,$B23="",$C23=""),0,MAX(0,$B23+2-AN23+IF($C23<=AN$3,1,0)+IF($C23+18<=AN$3,1,0)+IF($C23+36<=AN$3,1,0))) | AQ23: =IF(OR(N(AP23)=0,$B23="",$C23=""),0,MAX(0,$B23+2-AP23+IF($C23<=AP$3,1,0)+IF($C23+18<=AP$3,1,0)+IF($C23+36<=AP$3,1,0))) | AS23: =IF(OR(N(AR23)=0,$B23="",$C23=""),0,MAX(0,$B23+2-AR23+IF($C23<=AR$3,1,0)+IF($C23+18<=AR$3,1,0)+IF($C23+36<=AR$3,1,0))) | AU23: =IF(OR(N(AT23)=0,$B23="",$C23=""),0,MAX(0,$B23+2-AT23+IF($C23<=AT$3,1,0)+IF($C23+18<=AT$3,1,0)+IF($C23+36<=AT$3,1,0))) | AW23: =IF(OR(N(AV23)=0,$B23="",$C23=""),0,MAX(0,$B23+2-AV23+IF($C23<=AV$3,1,0)+IF($C23+18<=AV$3,1,0)+IF($C23+36<=AV$3,1,0))) | AY23: =IF(OR(N(AX23)=0,$B23="",$C23=""),0,MAX(0,$B23+2-AX23+IF($C23<=AX$3,1,0)+IF($C23+18<=AX$3,1,0)+IF($C23+36<=AX$3,1,0))) | BA23: =IF(OR(N(AZ23)=0,$B23="",$C23=""),0,MAX(0,$B23+2-AZ23+IF($C23<=AZ$3,1,0)+IF($C23+18<=AZ$3,1,0)+IF($C23+36<=AZ$3,1,0))) | BC23: =IF(OR(N(BB23)=0,$B23="",$C23=""),0,MAX(0,$B23+2-BB23+IF($C23<=BB$3,1,0)+IF($C23+18<=BB$3,1,0)+IF($C23+36<=BB$3,1,0))) | BE23: =IF(OR(N(BD23)=0,$B23="",$C23=""),0,MAX(0,$B23+2-BD23+IF($C23<=BD$3,1,0)+IF($C23+18<=BD$3,1,0)+IF($C23+36<=BD$3,1,0))) | BG23: =IF(OR(N(BF23)=0,$B23="",$C23=""),0,MAX(0,$B23+2-BF23+IF($C23<=BF$3,1,0)+IF($C23+18<=BF$3,1,0)+IF($C23+36<=BF$3,1,0))) | BI23: =IF(OR(N(BH23)=0,$B23="",$C23=""),0,MAX(0,$B23+2-BH23+IF($C23<=BH$3,1,0)+IF($C23+18<=BH$3,1,0)+IF($C23+36<=BH$3,1,0))) | BK23: =IF(OR(N(BJ23)=0,$B23="",$C23=""),0,MAX(0,$B23+2-BJ23+IF($C23<=BJ$3,1,0)+IF($C23+18<=BJ$3,1,0)+IF($C23+36<=BJ$3,1,0))) | BM23: =IF(OR(N(BL23)=0,$B23="",$C23=""),0,MAX(0,$B23+2-BL23+IF($C23<=BL$3,1,0)+IF($C23+18<=BL$3,1,0)+IF($C23+36<=BL$3,1,0))) | BO23: =IF(OR(N(BN23)=0,$B23="",$C23=""),0,MAX(0,$B23+2-BN23+IF($C23<=BN$3,1,0)+IF($C23+18<=BN$3,1,0)+IF($C23+36<=BN$3,1,0)))
A24: In | B24: =IF(COUNT(B15:B23)=0,"",SUM(B15:B23)) | D24: =IF(COUNT(D15:D23)=0,"",SUM(D15:D23)) | E24: =SUM(E15:E23) | F24: =IF(COUNT(F15:F23)=0,"",SUM(F15:F23)) | G24: =SUM(G15:G23) | H24: =IF(COUNT(H15:H23)=0,"",SUM(H15:H23)) | I24: =SUM(I15:I23) | J24: =IF(COUNT(J15:J23)=0,"",SUM(J15:J23)) | K24: =SUM(K15:K23) | L24: =IF(COUNT(L15:L23)=0,"",SUM(L15:L23)) | M24: =SUM(M15:M23) | N24: =IF(COUNT(N15:N23)=0,"",SUM(N15:N23)) | O24: =SUM(O15:O23) | P24: =IF(COUNT(P15:P23)=0,"",SUM(P15:P23)) | Q24: =SUM(Q15:Q23) | R24: =IF(COUNT(R15:R23)=0,"",SUM(R15:R23)) | S24: =SUM(S15:S23) | T24: =IF(COUNT(T15:T23)=0,"",SUM(T15:T23)) | U24: =SUM(U15:U23) | V24: =IF(COUNT(V15:V23)=0,"",SUM(V15:V23)) | W24: =SUM(W15:W23) | X24: =IF(COUNT(X15:X23)=0,"",SUM(X15:X23)) | Y24: =SUM(Y15:Y23) | Z24: =IF(COUNT(Z15:Z23)=0,"",SUM(Z15:Z23)) | AA24: =SUM(AA15:AA23) | AB24: =IF(COUNT(AB15:AB23)=0,"",SUM(AB15:AB23)) | AC24: =SUM(AC15:AC23) | AD24: =IF(COUNT(AD15:AD23)=0,"",SUM(AD15:AD23)) | AE24: =SUM(AE15:AE23) | AF24: =IF(COUNT(AF15:AF23)=0,"",SUM(AF15:AF23)) | AG24: =SUM(AG15:AG23) | AH24: =IF(COUNT(AH15:AH23)=0,"",SUM(AH15:AH23)) | AI24: =SUM(AI15:AI23) | AJ24: =IF(COUNT(AJ15:AJ23)=0,"",SUM(AJ15:AJ23)) | AK24: =SUM(AK15:AK23) | AL24: =IF(COUNT(AL15:AL23)=0,"",SUM(AL15:AL23)) | AM24: =SUM(AM15:AM23) | AN24: =IF(COUNT(AN15:AN23)=0,"",SUM(AN15:AN23)) | AO24: =SUM(AO15:AO23) | AP24: =IF(COUNT(AP15:AP23)=0,"",SUM(AP15:AP23)) | AQ24: =SUM(AQ15:AQ23) | AR24: =IF(COUNT(AR15:AR23)=0,"",SUM(AR15:AR23)) | AS24: =SUM(AS15:AS23) | AT24: =IF(COUNT(AT15:AT23)=0,"",SUM(AT15:AT23)) | AU24: =SUM(AU15:AU23) | AV24: =IF(COUNT(AV15:AV23)=0,"",SUM(AV15:AV23)) | AW24: =SUM(AW15:AW23) | AX24: =IF(COUNT(AX15:AX23)=0,"",SUM(AX15:AX23)) | AY24: =SUM(AY15:AY23) | AZ24: =IF(COUNT(AZ15:AZ23)=0,"",SUM(AZ15:AZ23)) | BA24: =SUM(BA15:BA23) | BB24: =IF(COUNT(BB15:BB23)=0,"",SUM(BB15:BB23)) | BC24: =SUM(BC15:BC23) | BD24: =IF(COUNT(BD15:BD23)=0,"",SUM(BD15:BD23)) | BE24: =SUM(BE15:BE23) | BF24: =IF(COUNT(BF15:BF23)=0,"",SUM(BF15:BF23)) | BG24: =SUM(BG15:BG23) | BH24: =IF(COUNT(BH15:BH23)=0,"",SUM(BH15:BH23)) | BI24: =SUM(BI15:BI23) | BJ24: =IF(COUNT(BJ15:BJ23)=0,"",SUM(BJ15:BJ23)) | BK24: =SUM(BK15:BK23) | BL24: =IF(COUNT(BL15:BL23)=0,"",SUM(BL15:BL23)) | BM24: =SUM(BM15:BM23) | BN24: =IF(COUNT(BN15:BN23)=0,"",SUM(BN15:BN23)) | BO24: =SUM(BO15:BO23)
A25: Total | B25: =IF(COUNT(B5:B13,B15:B23)=0,"",SUM(B5:B13,B15:B23)) | D25: =IF(COUNT(D5:D13,D15:D23)=0,"",SUM(D5:D13,D15:D23)) | E25: =SUM(E14,E24) | F25: =IF(COUNT(F5:F13,F15:F23)=0,"",SUM(F5:F13,F15:F23)) | G25: =SUM(G14,G24) | H25: =IF(COUNT(H5:H13,H15:H23)=0,"",SUM(H5:H13,H15:H23)) | I25: =SUM(I14,I24) | J25: =IF(COUNT(J5:J13,J15:J23)=0,"",SUM(J5:J13,J15:J23)) | K25: =SUM(K14,K24) | L25: =IF(COUNT(L5:L13,L15:L23)=0,"",SUM(L5:L13,L15:L23)) | M25: =SUM(M14,M24) | N25: =IF(COUNT(N5:N13,N15:N23)=0,"",SUM(N5:N13,N15:N23)) | O25: =SUM(O14,O24) | P25: =IF(COUNT(P5:P13,P15:P23)=0,"",SUM(P5:P13,P15:P23)) | Q25: =SUM(Q14,Q24) | R25: =IF(COUNT(R5:R13,R15:R23)=0,"",SUM(R5:R13,R15:R23)) | S25: =SUM(S14,S24) | T25: =IF(COUNT(T5:T13,T15:T23)=0,"",SUM(T5:T13,T15:T23)) | U25: =SUM(U14,U24) | V25: =IF(COUNT(V5:V13,V15:V23)=0,"",SUM(V5:V13,V15:V23)) | W25: =SUM(W14,W24) | X25: =IF(COUNT(X5:X13,X15:X23)=0,"",SUM(X5:X13,X15:X23)) | Y25: =SUM(Y14,Y24) | Z25: =IF(COUNT(Z5:Z13,Z15:Z23)=0,"",SUM(Z5:Z13,Z15:Z23)) | AA25: =SUM(AA14,AA24) | AB25: =IF(COUNT(AB5:AB13,AB15:AB23)=0,"",SUM(AB5:AB13,AB15:AB23)) | AC25: =SUM(AC14,AC24) | AD25: =IF(COUNT(AD5:AD13,AD15:AD23)=0,"",SUM(AD5:AD13,AD15:AD23)) | AE25: =SUM(AE14,AE24) | AF25: =IF(COUNT(AF5:AF13,AF15:AF23)=0,"",SUM(AF5:AF13,AF15:AF23)) | AG25: =SUM(AG14,AG24) | AH25: =IF(COUNT(AH5:AH13,AH15:AH23)=0,"",SUM(AH5:AH13,AH15:AH23)) | AI25: =SUM(AI14,AI24) | AJ25: =IF(COUNT(AJ5:AJ13,AJ15:AJ23)=0,"",SUM(AJ5:AJ13,AJ15:AJ23)) | AK25: =SUM(AK14,AK24) | AL25: =IF(COUNT(AL5:AL13,AL15:AL23)=0,"",SUM(AL5:AL13,AL15:AL23)) | AM25: =SUM(AM14,AM24) | AN25: =IF(COUNT(AN5:AN13,AN15:AN23)=0,"",SUM(AN5:AN13,AN15:AN23)) | AO25: =SUM(AO14,AO24) | AP25: =IF(COUNT(AP5:AP13,AP15:AP23)=0,"",SUM(AP5:AP13,AP15:AP23)) | AQ25: =SUM(AQ14,AQ24) | AR25: =IF(COUNT(AR5:AR13,AR15:AR23)=0,"",SUM(AR5:AR13,AR15:AR23)) | AS25: =SUM(AS14,AS24) | AT25: =IF(COUNT(AT5:AT13,AT15:AT23)=0,"",SUM(AT5:AT13,AT15:AT23)) | AU25: =SUM(AU14,AU24) | AV25: =IF(COUNT(AV5:AV13,AV15:AV23)=0,"",SUM(AV5:AV13,AV15:AV23)) | AW25: =SUM(AW14,AW24) | AX25: =IF(COUNT(AX5:AX13,AX15:AX23)=0,"",SUM(AX5:AX13,AX15:AX23)) | AY25: =SUM(AY14,AY24) | AZ25: =IF(COUNT(AZ5:AZ13,AZ15:AZ23)=0,"",SUM(AZ5:AZ13,AZ15:AZ23)) | BA25: =SUM(BA14,BA24) | BB25: =IF(COUNT(BB5:BB13,BB15:BB23)=0,"",SUM(BB5:BB13,BB15:BB23)) | BC25: =SUM(BC14,BC24) | BD25: =IF(COUNT(BD5:BD13,BD15:BD23)=0,"",SUM(BD5:BD13,BD15:BD23)) | BE25: =SUM(BE14,BE24) | BF25: =IF(COUNT(BF5:BF13,BF15:BF23)=0,"",SUM(BF5:BF13,BF15:BF23)) | BG25: =SUM(BG14,BG24) | BH25: =IF(COUNT(BH5:BH13,BH15:BH23)=0,"",SUM(BH5:BH13,BH15:BH23)) | BI25: =SUM(BI14,BI24) | BJ25: =IF(COUNT(BJ5:BJ13,BJ15:BJ23)=0,"",SUM(BJ5:BJ13,BJ15:BJ23)) | BK25: =SUM(BK14,BK24) | BL25: =IF(COUNT(BL5:BL13,BL15:BL23)=0,"",SUM(BL5:BL13,BL15:BL23)) | BM25: =SUM(BM14,BM24) | BN25: =IF(COUNT(BN5:BN13,BN15:BN23)=0,"",SUM(BN5:BN13,BN15:BN23)) | BO25: =SUM(BO14,BO24)
A26: Card penalty (0/1/2)
A27: Round points | D27: =IF(OR(D$2="",$S$31=0),"",F32) | F27: =IF(OR(F$2="",$S$31=0),"",F33) | H27: =IF(OR(H$2="",$S$31=0),"",F34) | J27: =IF(OR(J$2="",$S$31=0),"",F35) | L27: =IF(OR(L$2="",$S$31=0),"",F36) | N27: =IF(OR(N$2="",$S$31=0),"",F37) | P27: =IF(OR(P$2="",$S$31=0),"",F38) | R27: =IF(OR(R$2="",$S$31=0),"",F39) | T27: =IF(OR(T$2="",$S$31=0),"",F40) | V27: =IF(OR(V$2="",$S$31=0),"",F41) | X27: =IF(OR(X$2="",$S$31=0),"",F42) | Z27: =IF(OR(Z$2="",$S$31=0),"",F43) | AB27: =IF(OR(AB$2="",$S$31=0),"",F44) | AD27: =IF(OR(AD$2="",$S$31=0),"",F45) | AF27: =IF(OR(AF$2="",$S$31=0),"",F46) | AH27: =IF(OR(AH$2="",$S$31=0),"",F47) | AJ27: =IF(OR(AJ$2="",$S$31=0),"",F48) | AL27: =IF(OR(AL$2="",$S$31=0),"",F49) | AN27: =IF(OR(AN$2="",$S$31=0),"",F50) | AP27: =IF(OR(AP$2="",$S$31=0),"",F51) | AR27: =IF(OR(AR$2="",$S$31=0),"",F52) | AT27: =IF(OR(AT$2="",$S$31=0),"",F53) | AV27: =IF(OR(AV$2="",$S$31=0),"",F54) | AX27: =IF(OR(AX$2="",$S$31=0),"",F55) | AZ27: =IF(OR(AZ$2="",$S$31=0),"",F56) | BB27: =IF(OR(BB$2="",$S$31=0),"",F57) | BD27: =IF(OR(BD$2="",$S$31=0),"",F58) | BF27: =IF(OR(BF$2="",$S$31=0),"",F59) | BH27: =IF(OR(BH$2="",$S$31=0),"",F60) | BJ27: =IF(OR(BJ$2="",$S$31=0),"",F61) | BL27: =IF(OR(BL$2="",$S$31=0),"",F62) | BN27: =IF(OR(BN$2="",$S$31=0),"",F63)
A28: Daily position | D28: =IF(OR(D$2="",$S$31=0),"",Q32) | F28: =IF(OR(F$2="",$S$31=0),"",Q33) | H28: =IF(OR(H$2="",$S$31=0),"",Q34) | J28: =IF(OR(J$2="",$S$31=0),"",Q35) | L28: =IF(OR(L$2="",$S$31=0),"",Q36) | N28: =IF(OR(N$2="",$S$31=0),"",Q37) | P28: =IF(OR(P$2="",$S$31=0),"",Q38) | R28: =IF(OR(R$2="",$S$31=0),"",Q39) | T28: =IF(OR(T$2="",$S$31=0),"",Q40) | V28: =IF(OR(V$2="",$S$31=0),"",Q41) | X28: =IF(OR(X$2="",$S$31=0),"",Q42) | Z28: =IF(OR(Z$2="",$S$31=0),"",Q43) | AB28: =IF(OR(AB$2="",$S$31=0),"",Q44) | AD28: =IF(OR(AD$2="",$S$31=0),"",Q45) | AF28: =IF(OR(AF$2="",$S$31=0),"",Q46) | AH28: =IF(OR(AH$2="",$S$31=0),"",Q47) | AJ28: =IF(OR(AJ$2="",$S$31=0),"",Q48) | AL28: =IF(OR(AL$2="",$S$31=0),"",Q49) | AN28: =IF(OR(AN$2="",$S$31=0),"",Q50) | AP28: =IF(OR(AP$2="",$S$31=0),"",Q51) | AR28: =IF(OR(AR$2="",$S$31=0),"",Q52) | AT28: =IF(OR(AT$2="",$S$31=0),"",Q53) | AV28: =IF(OR(AV$2="",$S$31=0),"",Q54) | AX28: =IF(OR(AX$2="",$S$31=0),"",Q55) | AZ28: =IF(OR(AZ$2="",$S$31=0),"",Q56) | BB28: =IF(OR(BB$2="",$S$31=0),"",Q57) | BD28: =IF(OR(BD$2="",$S$31=0),"",Q58) | BF28: =IF(OR(BF$2="",$S$31=0),"",Q59) | BH28: =IF(OR(BH$2="",$S$31=0),"",Q60) | BJ28: =IF(OR(BJ$2="",$S$31=0),"",Q61) | BL28: =IF(OR(BL$2="",$S$31=0),"",Q62) | BN28: =IF(OR(BN$2="",$S$31=0),"",Q63)
A29: Tie decided on countback | D29: =IF(OR(D$2="",$S$31=0),"",IF(SUMPRODUCT(($B$32:$B$63<>"")*($F$32:$F$63=F32))>1,"cb","")) | F29: =IF(OR(F$2="",$S$31=0),"",IF(SUMPRODUCT(($B$32:$B$63<>"")*($F$32:$F$63=F33))>1,"cb","")) | H29: =IF(OR(H$2="",$S$31=0),"",IF(SUMPRODUCT(($B$32:$B$63<>"")*($F$32:$F$63=F34))>1,"cb","")) | J29: =IF(OR(J$2="",$S$31=0),"",IF(SUMPRODUCT(($B$32:$B$63<>"")*($F$32:$F$63=F35))>1,"cb","")) | L29: =IF(OR(L$2="",$S$31=0),"",IF(SUMPRODUCT(($B$32:$B$63<>"")*($F$32:$F$63=F36))>1,"cb","")) | N29: =IF(OR(N$2="",$S$31=0),"",IF(SUMPRODUCT(($B$32:$B$63<>"")*($F$32:$F$63=F37))>1,"cb","")) | P29: =IF(OR(P$2="",$S$31=0),"",IF(SUMPRODUCT(($B$32:$B$63<>"")*($F$32:$F$63=F38))>1,"cb","")) | R29: =IF(OR(R$2="",$S$31=0),"",IF(SUMPRODUCT(($B$32:$B$63<>"")*($F$32:$F$63=F39))>1,"cb","")) | T29: =IF(OR(T$2="",$S$31=0),"",IF(SUMPRODUCT(($B$32:$B$63<>"")*($F$32:$F$63=F40))>1,"cb","")) | V29: =IF(OR(V$2="",$S$31=0),"",IF(SUMPRODUCT(($B$32:$B$63<>"")*($F$32:$F$63=F41))>1,"cb","")) | X29: =IF(OR(X$2="",$S$31=0),"",IF(SUMPRODUCT(($B$32:$B$63<>"")*($F$32:$F$63=F42))>1,"cb","")) | Z29: =IF(OR(Z$2="",$S$31=0),"",IF(SUMPRODUCT(($B$32:$B$63<>"")*($F$32:$F$63=F43))>1,"cb","")) | AB29: =IF(OR(AB$2="",$S$31=0),"",IF(SUMPRODUCT(($B$32:$B$63<>"")*($F$32:$F$63=F44))>1,"cb","")) | AD29: =IF(OR(AD$2="",$S$31=0),"",IF(SUMPRODUCT(($B$32:$B$63<>"")*($F$32:$F$63=F45))>1,"cb","")) | AF29: =IF(OR(AF$2="",$S$31=0),"",IF(SUMPRODUCT(($B$32:$B$63<>"")*($F$32:$F$63=F46))>1,"cb","")) | AH29: =IF(OR(AH$2="",$S$31=0),"",IF(SUMPRODUCT(($B$32:$B$63<>"")*($F$32:$F$63=F47))>1,"cb","")) | AJ29: =IF(OR(AJ$2="",$S$31=0),"",IF(SUMPRODUCT(($B$32:$B$63<>"")*($F$32:$F$63=F48))>1,"cb","")) | AL29: =IF(OR(AL$2="",$S$31=0),"",IF(SUMPRODUCT(($B$32:$B$63<>"")*($F$32:$F$63=F49))>1,"cb","")) | AN29: =IF(OR(AN$2="",$S$31=0),"",IF(SUMPRODUCT(($B$32:$B$63<>"")*($F$32:$F$63=F50))>1,"cb","")) | AP29: =IF(OR(AP$2="",$S$31=0),"",IF(SUMPRODUCT(($B$32:$B$63<>"")*($F$32:$F$63=F51))>1,"cb","")) | AR29: =IF(OR(AR$2="",$S$31=0),"",IF(SUMPRODUCT(($B$32:$B$63<>"")*($F$32:$F$63=F52))>1,"cb","")) | AT29: =IF(OR(AT$2="",$S$31=0),"",IF(SUMPRODUCT(($B$32:$B$63<>"")*($F$32:$F$63=F53))>1,"cb","")) | AV29: =IF(OR(AV$2="",$S$31=0),"",IF(SUMPRODUCT(($B$32:$B$63<>"")*($F$32:$F$63=F54))>1,"cb","")) | AX29: =IF(OR(AX$2="",$S$31=0),"",IF(SUMPRODUCT(($B$32:$B$63<>"")*($F$32:$F$63=F55))>1,"cb","")) | AZ29: =IF(OR(AZ$2="",$S$31=0),"",IF(SUMPRODUCT(($B$32:$B$63<>"")*($F$32:$F$63=F56))>1,"cb","")) | BB29: =IF(OR(BB$2="",$S$31=0),"",IF(SUMPRODUCT(($B$32:$B$63<>"")*($F$32:$F$63=F57))>1,"cb","")) | BD29: =IF(OR(BD$2="",$S$31=0),"",IF(SUMPRODUCT(($B$32:$B$63<>"")*($F$32:$F$63=F58))>1,"cb","")) | BF29: =IF(OR(BF$2="",$S$31=0),"",IF(SUMPRODUCT(($B$32:$B$63<>"")*($F$32:$F$63=F59))>1,"cb","")) | BH29: =IF(OR(BH$2="",$S$31=0),"",IF(SUMPRODUCT(($B$32:$B$63<>"")*($F$32:$F$63=F60))>1,"cb","")) | BJ29: =IF(OR(BJ$2="",$S$31=0),"",IF(SUMPRODUCT(($B$32:$B$63<>"")*($F$32:$F$63=F61))>1,"cb","")) | BL29: =IF(OR(BL$2="",$S$31=0),"",IF(SUMPRODUCT(($B$32:$B$63<>"")*($F$32:$F$63=F62))>1,"cb","")) | BN29: =IF(OR(BN$2="",$S$31=0),"",IF(SUMPRODUCT(($B$32:$B$63<>"")*($F$32:$F$63=F63))>1,"cb",""))
A31: idx | B31: name | C31: played | D31: raw | E31: pen | F31: net | G31: b9 | H31: l6 | I31: l3 | J31: h18 | K31: h17 | L31: h16 | M31: h15 | N31: h14 | O31: h13 | P31: key | Q31: pos | S31: =SUM(C32:C63) | T31: =IF(S31=0,0,ROUND(SUMPRODUCT(C32:C63,D32:D63)/S31,0))
A32: 1 | B32: =IF(D$2="","",D$2) | C32: =IF(B32="",0,IF(COUNT(D5:D13,D15:D23)>0,1,0)) | D32: =N(E25) | E32: =N(D26) | F32: =IF(B32="",0,IF(C32=1,MAX(0,D32-E32),$T$31)) | G32: =N(E24) | H32: =SUM(E18:E23) | I32: =SUM(E21:E23) | J32: =N(E23) | K32: =N(E22) | L32: =N(E21) | M32: =N(E20) | N32: =N(E19) | O32: =N(E18) | P32: =F32*10^12+G32*10^10+H32*10^8+I32*10^6+J32*100000+K32*10000+L32*1000+M32*100+N32*10+O32 | Q32: =IF(B32="","",1+SUMPRODUCT(($B$32:$B$63<>"")*($P$32:$P$63>P32)))
A33: 2 | B33: =IF(F$2="","",F$2) | C33: =IF(B33="",0,IF(COUNT(F5:F13,F15:F23)>0,1,0)) | D33: =N(G25) | E33: =N(F26) | F33: =IF(B33="",0,IF(C33=1,MAX(0,D33-E33),$T$31)) | G33: =N(G24) | H33: =SUM(G18:G23) | I33: =SUM(G21:G23) | J33: =N(G23) | K33: =N(G22) | L33: =N(G21) | M33: =N(G20) | N33: =N(G19) | O33: =N(G18) | P33: =F33*10^12+G33*10^10+H33*10^8+I33*10^6+J33*100000+K33*10000+L33*1000+M33*100+N33*10+O33 | Q33: =IF(B33="","",1+SUMPRODUCT(($B$32:$B$63<>"")*($P$32:$P$63>P33)))
A34: 3 | B34: =IF(H$2="","",H$2) | C34: =IF(B34="",0,IF(COUNT(H5:H13,H15:H23)>0,1,0)) | D34: =N(I25) | E34: =N(H26) | F34: =IF(B34="",0,IF(C34=1,MAX(0,D34-E34),$T$31)) | G34: =N(I24) | H34: =SUM(I18:I23) | I34: =SUM(I21:I23) | J34: =N(I23) | K34: =N(I22) | L34: =N(I21) | M34: =N(I20) | N34: =N(I19) | O34: =N(I18) | P34: =F34*10^12+G34*10^10+H34*10^8+I34*10^6+J34*100000+K34*10000+L34*1000+M34*100+N34*10+O34 | Q34: =IF(B34="","",1+SUMPRODUCT(($B$32:$B$63<>"")*($P$32:$P$63>P34)))
A35: 4 | B35: =IF(J$2="","",J$2) | C35: =IF(B35="",0,IF(COUNT(J5:J13,J15:J23)>0,1,0)) | D35: =N(K25) | E35: =N(J26) | F35: =IF(B35="",0,IF(C35=1,MAX(0,D35-E35),$T$31)) | G35: =N(K24) | H35: =SUM(K18:K23) | I35: =SUM(K21:K23) | J35: =N(K23) | K35: =N(K22) | L35: =N(K21) | M35: =N(K20) | N35: =N(K19) | O35: =N(K18) | P35: =F35*10^12+G35*10^10+H35*10^8+I35*10^6+J35*100000+K35*10000+L35*1000+M35*100+N35*10+O35 | Q35: =IF(B35="","",1+SUMPRODUCT(($B$32:$B$63<>"")*($P$32:$P$63>P35)))
A36: 5 | B36: =IF(L$2="","",L$2) | C36: =IF(B36="",0,IF(COUNT(L5:L13,L15:L23)>0,1,0)) | D36: =N(M25) | E36: =N(L26) | F36: =IF(B36="",0,IF(C36=1,MAX(0,D36-E36),$T$31)) | G36: =N(M24) | H36: =SUM(M18:M23) | I36: =SUM(M21:M23) | J36: =N(M23) | K36: =N(M22) | L36: =N(M21) | M36: =N(M20) | N36: =N(M19) | O36: =N(M18) | P36: =F36*10^12+G36*10^10+H36*10^8+I36*10^6+J36*100000+K36*10000+L36*1000+M36*100+N36*10+O36 | Q36: =IF(B36="","",1+SUMPRODUCT(($B$32:$B$63<>"")*($P$32:$P$63>P36)))
A37: 6 | B37: =IF(N$2="","",N$2) | C37: =IF(B37="",0,IF(COUNT(N5:N13,N15:N23)>0,1,0)) | D37: =N(O25) | E37: =N(N26) | F37: =IF(B37="",0,IF(C37=1,MAX(0,D37-E37),$T$31)) | G37: =N(O24) | H37: =SUM(O18:O23) | I37: =SUM(O21:O23) | J37: =N(O23) | K37: =N(O22) | L37: =N(O21) | M37: =N(O20) | N37: =N(O19) | O37: =N(O18) | P37: =F37*10^12+G37*10^10+H37*10^8+I37*10^6+J37*100000+K37*10000+L37*1000+M37*100+N37*10+O37 | Q37: =IF(B37="","",1+SUMPRODUCT(($B$32:$B$63<>"")*($P$32:$P$63>P37)))
A38: 7 | B38: =IF(P$2="","",P$2) | C38: =IF(B38="",0,IF(COUNT(P5:P13,P15:P23)>0,1,0)) | D38: =N(Q25) | E38: =N(P26) | F38: =IF(B38="",0,IF(C38=1,MAX(0,D38-E38),$T$31)) | G38: =N(Q24) | H38: =SUM(Q18:Q23) | I38: =SUM(Q21:Q23) | J38: =N(Q23) | K38: =N(Q22) | L38: =N(Q21) | M38: =N(Q20) | N38: =N(Q19) | O38: =N(Q18) | P38: =F38*10^12+G38*10^10+H38*10^8+I38*10^6+J38*100000+K38*10000+L38*1000+M38*100+N38*10+O38 | Q38: =IF(B38="","",1+SUMPRODUCT(($B$32:$B$63<>"")*($P$32:$P$63>P38)))
A39: 8 | B39: =IF(R$2="","",R$2) | C39: =IF(B39="",0,IF(COUNT(R5:R13,R15:R23)>0,1,0)) | D39: =N(S25) | E39: =N(R26) | F39: =IF(B39="",0,IF(C39=1,MAX(0,D39-E39),$T$31)) | G39: =N(S24) | H39: =SUM(S18:S23) | I39: =SUM(S21:S23) | J39: =N(S23) | K39: =N(S22) | L39: =N(S21) | M39: =N(S20) | N39: =N(S19) | O39: =N(S18) | P39: =F39*10^12+G39*10^10+H39*10^8+I39*10^6+J39*100000+K39*10000+L39*1000+M39*100+N39*10+O39 | Q39: =IF(B39="","",1+SUMPRODUCT(($B$32:$B$63<>"")*($P$32:$P$63>P39)))
A40: 9 | B40: =IF(T$2="","",T$2) | C40: =IF(B40="",0,IF(COUNT(T5:T13,T15:T23)>0,1,0)) | D40: =N(U25) | E40: =N(T26) | F40: =IF(B40="",0,IF(C40=1,MAX(0,D40-E40),$T$31)) | G40: =N(U24) | H40: =SUM(U18:U23) | I40: =SUM(U21:U23) | J40: =N(U23) | K40: =N(U22) | L40: =N(U21) | M40: =N(U20) | N40: =N(U19) | O40: =N(U18) | P40: =F40*10^12+G40*10^10+H40*10^8+I40*10^6+J40*100000+K40*10000+L40*1000+M40*100+N40*10+O40 | Q40: =IF(B40="","",1+SUMPRODUCT(($B$32:$B$63<>"")*($P$32:$P$63>P40)))
A41: 10 | B41: =IF(V$2="","",V$2) | C41: =IF(B41="",0,IF(COUNT(V5:V13,V15:V23)>0,1,0)) | D41: =N(W25) | E41: =N(V26) | F41: =IF(B41="",0,IF(C41=1,MAX(0,D41-E41),$T$31)) | G41: =N(W24) | H41: =SUM(W18:W23) | I41: =SUM(W21:W23) | J41: =N(W23) | K41: =N(W22) | L41: =N(W21) | M41: =N(W20) | N41: =N(W19) | O41: =N(W18) | P41: =F41*10^12+G41*10^10+H41*10^8+I41*10^6+J41*100000+K41*10000+L41*1000+M41*100+N41*10+O41 | Q41: =IF(B41="","",1+SUMPRODUCT(($B$32:$B$63<>"")*($P$32:$P$63>P41)))
A42: 11 | B42: =IF(X$2="","",X$2) | C42: =IF(B42="",0,IF(COUNT(X5:X13,X15:X23)>0,1,0)) | D42: =N(Y25) | E42: =N(X26) | F42: =IF(B42="",0,IF(C42=1,MAX(0,D42-E42),$T$31)) | G42: =N(Y24) | H42: =SUM(Y18:Y23) | I42: =SUM(Y21:Y23) | J42: =N(Y23) | K42: =N(Y22) | L42: =N(Y21) | M42: =N(Y20) | N42: =N(Y19) | O42: =N(Y18) | P42: =F42*10^12+G42*10^10+H42*10^8+I42*10^6+J42*100000+K42*10000+L42*1000+M42*100+N42*10+O42 | Q42: =IF(B42="","",1+SUMPRODUCT(($B$32:$B$63<>"")*($P$32:$P$63>P42)))
A43: 12 | B43: =IF(Z$2="","",Z$2) | C43: =IF(B43="",0,IF(COUNT(Z5:Z13,Z15:Z23)>0,1,0)) | D43: =N(AA25) | E43: =N(Z26) | F43: =IF(B43="",0,IF(C43=1,MAX(0,D43-E43),$T$31)) | G43: =N(AA24) | H43: =SUM(AA18:AA23) | I43: =SUM(AA21:AA23) | J43: =N(AA23) | K43: =N(AA22) | L43: =N(AA21) | M43: =N(AA20) | N43: =N(AA19) | O43: =N(AA18) | P43: =F43*10^12+G43*10^10+H43*10^8+I43*10^6+J43*100000+K43*10000+L43*1000+M43*100+N43*10+O43 | Q43: =IF(B43="","",1+SUMPRODUCT(($B$32:$B$63<>"")*($P$32:$P$63>P43)))
A44: 13 | B44: =IF(AB$2="","",AB$2) | C44: =IF(B44="",0,IF(COUNT(AB5:AB13,AB15:AB23)>0,1,0)) | D44: =N(AC25) | E44: =N(AB26) | F44: =IF(B44="",0,IF(C44=1,MAX(0,D44-E44),$T$31)) | G44: =N(AC24) | H44: =SUM(AC18:AC23) | I44: =SUM(AC21:AC23) | J44: =N(AC23) | K44: =N(AC22) | L44: =N(AC21) | M44: =N(AC20) | N44: =N(AC19) | O44: =N(AC18) | P44: =F44*10^12+G44*10^10+H44*10^8+I44*10^6+J44*100000+K44*10000+L44*1000+M44*100+N44*10+O44 | Q44: =IF(B44="","",1+SUMPRODUCT(($B$32:$B$63<>"")*($P$32:$P$63>P44)))
A45: 14 | B45: =IF(AD$2="","",AD$2) | C45: =IF(B45="",0,IF(COUNT(AD5:AD13,AD15:AD23)>0,1,0)) | D45: =N(AE25) | E45: =N(AD26) | F45: =IF(B45="",0,IF(C45=1,MAX(0,D45-E45),$T$31)) | G45: =N(AE24) | H45: =SUM(AE18:AE23) | I45: =SUM(AE21:AE23) | J45: =N(AE23) | K45: =N(AE22) | L45: =N(AE21) | M45: =N(AE20) | N45: =N(AE19) | O45: =N(AE18) | P45: =F45*10^12+G45*10^10+H45*10^8+I45*10^6+J45*100000+K45*10000+L45*1000+M45*100+N45*10+O45 | Q45: =IF(B45="","",1+SUMPRODUCT(($B$32:$B$63<>"")*($P$32:$P$63>P45)))
A46: 15 | B46: =IF(AF$2="","",AF$2) | C46: =IF(B46="",0,IF(COUNT(AF5:AF13,AF15:AF23)>0,1,0)) | D46: =N(AG25) | E46: =N(AF26) | F46: =IF(B46="",0,IF(C46=1,MAX(0,D46-E46),$T$31)) | G46: =N(AG24) | H46: =SUM(AG18:AG23) | I46: =SUM(AG21:AG23) | J46: =N(AG23) | K46: =N(AG22) | L46: =N(AG21) | M46: =N(AG20) | N46: =N(AG19) | O46: =N(AG18) | P46: =F46*10^12+G46*10^10+H46*10^8+I46*10^6+J46*100000+K46*10000+L46*1000+M46*100+N46*10+O46 | Q46: =IF(B46="","",1+SUMPRODUCT(($B$32:$B$63<>"")*($P$32:$P$63>P46)))
A47: 16 | B47: =IF(AH$2="","",AH$2) | C47: =IF(B47="",0,IF(COUNT(AH5:AH13,AH15:AH23)>0,1,0)) | D47: =N(AI25) | E47: =N(AH26) | F47: =IF(B47="",0,IF(C47=1,MAX(0,D47-E47),$T$31)) | G47: =N(AI24) | H47: =SUM(AI18:AI23) | I47: =SUM(AI21:AI23) | J47: =N(AI23) | K47: =N(AI22) | L47: =N(AI21) | M47: =N(AI20) | N47: =N(AI19) | O47: =N(AI18) | P47: =F47*10^12+G47*10^10+H47*10^8+I47*10^6+J47*100000+K47*10000+L47*1000+M47*100+N47*10+O47 | Q47: =IF(B47="","",1+SUMPRODUCT(($B$32:$B$63<>"")*($P$32:$P$63>P47)))
A48: 17 | B48: =IF(AJ$2="","",AJ$2) | C48: =IF(B48="",0,IF(COUNT(AJ5:AJ13,AJ15:AJ23)>0,1,0)) | D48: =N(AK25) | E48: =N(AJ26) | F48: =IF(B48="",0,IF(C48=1,MAX(0,D48-E48),$T$31)) | G48: =N(AK24) | H48: =SUM(AK18:AK23) | I48: =SUM(AK21:AK23) | J48: =N(AK23) | K48: =N(AK22) | L48: =N(AK21) | M48: =N(AK20) | N48: =N(AK19) | O48: =N(AK18) | P48: =F48*10^12+G48*10^10+H48*10^8+I48*10^6+J48*100000+K48*10000+L48*1000+M48*100+N48*10+O48 | Q48: =IF(B48="","",1+SUMPRODUCT(($B$32:$B$63<>"")*($P$32:$P$63>P48)))
A49: 18 | B49: =IF(AL$2="","",AL$2) | C49: =IF(B49="",0,IF(COUNT(AL5:AL13,AL15:AL23)>0,1,0)) | D49: =N(AM25) | E49: =N(AL26) | F49: =IF(B49="",0,IF(C49=1,MAX(0,D49-E49),$T$31)) | G49: =N(AM24) | H49: =SUM(AM18:AM23) | I49: =SUM(AM21:AM23) | J49: =N(AM23) | K49: =N(AM22) | L49: =N(AM21) | M49: =N(AM20) | N49: =N(AM19) | O49: =N(AM18) | P49: =F49*10^12+G49*10^10+H49*10^8+I49*10^6+J49*100000+K49*10000+L49*1000+M49*100+N49*10+O49 | Q49: =IF(B49="","",1+SUMPRODUCT(($B$32:$B$63<>"")*($P$32:$P$63>P49)))
A50: 19 | B50: =IF(AN$2="","",AN$2) | C50: =IF(B50="",0,IF(COUNT(AN5:AN13,AN15:AN23)>0,1,0)) | D50: =N(AO25) | E50: =N(AN26) | F50: =IF(B50="",0,IF(C50=1,MAX(0,D50-E50),$T$31)) | G50: =N(AO24) | H50: =SUM(AO18:AO23) | I50: =SUM(AO21:AO23) | J50: =N(AO23) | K50: =N(AO22) | L50: =N(AO21) | M50: =N(AO20) | N50: =N(AO19) | O50: =N(AO18) | P50: =F50*10^12+G50*10^10+H50*10^8+I50*10^6+J50*100000+K50*10000+L50*1000+M50*100+N50*10+O50 | Q50: =IF(B50="","",1+SUMPRODUCT(($B$32:$B$63<>"")*($P$32:$P$63>P50)))
A51: 20 | B51: =IF(AP$2="","",AP$2) | C51: =IF(B51="",0,IF(COUNT(AP5:AP13,AP15:AP23)>0,1,0)) | D51: =N(AQ25) | E51: =N(AP26) | F51: =IF(B51="",0,IF(C51=1,MAX(0,D51-E51),$T$31)) | G51: =N(AQ24) | H51: =SUM(AQ18:AQ23) | I51: =SUM(AQ21:AQ23) | J51: =N(AQ23) | K51: =N(AQ22) | L51: =N(AQ21) | M51: =N(AQ20) | N51: =N(AQ19) | O51: =N(AQ18) | P51: =F51*10^12+G51*10^10+H51*10^8+I51*10^6+J51*100000+K51*10000+L51*1000+M51*100+N51*10+O51 | Q51: =IF(B51="","",1+SUMPRODUCT(($B$32:$B$63<>"")*($P$32:$P$63>P51)))
A52: 21 | B52: =IF(AR$2="","",AR$2) | C52: =IF(B52="",0,IF(COUNT(AR5:AR13,AR15:AR23)>0,1,0)) | D52: =N(AS25) | E52: =N(AR26) | F52: =IF(B52="",0,IF(C52=1,MAX(0,D52-E52),$T$31)) | G52: =N(AS24) | H52: =SUM(AS18:AS23) | I52: =SUM(AS21:AS23) | J52: =N(AS23) | K52: =N(AS22) | L52: =N(AS21) | M52: =N(AS20) | N52: =N(AS19) | O52: =N(AS18) | P52: =F52*10^12+G52*10^10+H52*10^8+I52*10^6+J52*100000+K52*10000+L52*1000+M52*100+N52*10+O52 | Q52: =IF(B52="","",1+SUMPRODUCT(($B$32:$B$63<>"")*($P$32:$P$63>P52)))
A53: 22 | B53: =IF(AT$2="","",AT$2) | C53: =IF(B53="",0,IF(COUNT(AT5:AT13,AT15:AT23)>0,1,0)) | D53: =N(AU25) | E53: =N(AT26) | F53: =IF(B53="",0,IF(C53=1,MAX(0,D53-E53),$T$31)) | G53: =N(AU24) | H53: =SUM(AU18:AU23) | I53: =SUM(AU21:AU23) | J53: =N(AU23) | K53: =N(AU22) | L53: =N(AU21) | M53: =N(AU20) | N53: =N(AU19) | O53: =N(AU18) | P53: =F53*10^12+G53*10^10+H53*10^8+I53*10^6+J53*100000+K53*10000+L53*1000+M53*100+N53*10+O53 | Q53: =IF(B53="","",1+SUMPRODUCT(($B$32:$B$63<>"")*($P$32:$P$63>P53)))
A54: 23 | B54: =IF(AV$2="","",AV$2) | C54: =IF(B54="",0,IF(COUNT(AV5:AV13,AV15:AV23)>0,1,0)) | D54: =N(AW25) | E54: =N(AV26) | F54: =IF(B54="",0,IF(C54=1,MAX(0,D54-E54),$T$31)) | G54: =N(AW24) | H54: =SUM(AW18:AW23) | I54: =SUM(AW21:AW23) | J54: =N(AW23) | K54: =N(AW22) | L54: =N(AW21) | M54: =N(AW20) | N54: =N(AW19) | O54: =N(AW18) | P54: =F54*10^12+G54*10^10+H54*10^8+I54*10^6+J54*100000+K54*10000+L54*1000+M54*100+N54*10+O54 | Q54: =IF(B54="","",1+SUMPRODUCT(($B$32:$B$63<>"")*($P$32:$P$63>P54)))
A55: 24 | B55: =IF(AX$2="","",AX$2) | C55: =IF(B55="",0,IF(COUNT(AX5:AX13,AX15:AX23)>0,1,0)) | D55: =N(AY25) | E55: =N(AX26) | F55: =IF(B55="",0,IF(C55=1,MAX(0,D55-E55),$T$31)) | G55: =N(AY24) | H55: =SUM(AY18:AY23) | I55: =SUM(AY21:AY23) | J55: =N(AY23) | K55: =N(AY22) | L55: =N(AY21) | M55: =N(AY20) | N55: =N(AY19) | O55: =N(AY18) | P55: =F55*10^12+G55*10^10+H55*10^8+I55*10^6+J55*100000+K55*10000+L55*1000+M55*100+N55*10+O55 | Q55: =IF(B55="","",1+SUMPRODUCT(($B$32:$B$63<>"")*($P$32:$P$63>P55)))
A56: 25 | B56: =IF(AZ$2="","",AZ$2) | C56: =IF(B56="",0,IF(COUNT(AZ5:AZ13,AZ15:AZ23)>0,1,0)) | D56: =N(BA25) | E56: =N(AZ26) | F56: =IF(B56="",0,IF(C56=1,MAX(0,D56-E56),$T$31)) | G56: =N(BA24) | H56: =SUM(BA18:BA23) | I56: =SUM(BA21:BA23) | J56: =N(BA23) | K56: =N(BA22) | L56: =N(BA21) | M56: =N(BA20) | N56: =N(BA19) | O56: =N(BA18) | P56: =F56*10^12+G56*10^10+H56*10^8+I56*10^6+J56*100000+K56*10000+L56*1000+M56*100+N56*10+O56 | Q56: =IF(B56="","",1+SUMPRODUCT(($B$32:$B$63<>"")*($P$32:$P$63>P56)))
A57: 26 | B57: =IF(BB$2="","",BB$2) | C57: =IF(B57="",0,IF(COUNT(BB5:BB13,BB15:BB23)>0,1,0)) | D57: =N(BC25) | E57: =N(BB26) | F57: =IF(B57="",0,IF(C57=1,MAX(0,D57-E57),$T$31)) | G57: =N(BC24) | H57: =SUM(BC18:BC23) | I57: =SUM(BC21:BC23) | J57: =N(BC23) | K57: =N(BC22) | L57: =N(BC21) | M57: =N(BC20) | N57: =N(BC19) | O57: =N(BC18) | P57: =F57*10^12+G57*10^10+H57*10^8+I57*10^6+J57*100000+K57*10000+L57*1000+M57*100+N57*10+O57 | Q57: =IF(B57="","",1+SUMPRODUCT(($B$32:$B$63<>"")*($P$32:$P$63>P57)))
A58: 27 | B58: =IF(BD$2="","",BD$2) | C58: =IF(B58="",0,IF(COUNT(BD5:BD13,BD15:BD23)>0,1,0)) | D58: =N(BE25) | E58: =N(BD26) | F58: =IF(B58="",0,IF(C58=1,MAX(0,D58-E58),$T$31)) | G58: =N(BE24) | H58: =SUM(BE18:BE23) | I58: =SUM(BE21:BE23) | J58: =N(BE23) | K58: =N(BE22) | L58: =N(BE21) | M58: =N(BE20) | N58: =N(BE19) | O58: =N(BE18) | P58: =F58*10^12+G58*10^10+H58*10^8+I58*10^6+J58*100000+K58*10000+L58*1000+M58*100+N58*10+O58 | Q58: =IF(B58="","",1+SUMPRODUCT(($B$32:$B$63<>"")*($P$32:$P$63>P58)))
A59: 28 | B59: =IF(BF$2="","",BF$2) | C59: =IF(B59="",0,IF(COUNT(BF5:BF13,BF15:BF23)>0,1,0)) | D59: =N(BG25) | E59: =N(BF26) | F59: =IF(B59="",0,IF(C59=1,MAX(0,D59-E59),$T$31)) | G59: =N(BG24) | H59: =SUM(BG18:BG23) | I59: =SUM(BG21:BG23) | J59: =N(BG23) | K59: =N(BG22) | L59: =N(BG21) | M59: =N(BG20) | N59: =N(BG19) | O59: =N(BG18) | P59: =F59*10^12+G59*10^10+H59*10^8+I59*10^6+J59*100000+K59*10000+L59*1000+M59*100+N59*10+O59 | Q59: =IF(B59="","",1+SUMPRODUCT(($B$32:$B$63<>"")*($P$32:$P$63>P59)))
A60: 29 | B60: =IF(BH$2="","",BH$2) | C60: =IF(B60="",0,IF(COUNT(BH5:BH13,BH15:BH23)>0,1,0)) | D60: =N(BI25) | E60: =N(BH26) | F60: =IF(B60="",0,IF(C60=1,MAX(0,D60-E60),$T$31)) | G60: =N(BI24) | H60: =SUM(BI18:BI23) | I60: =SUM(BI21:BI23) | J60: =N(BI23) | K60: =N(BI22) | L60: =N(BI21) | M60: =N(BI20) | N60: =N(BI19) | O60: =N(BI18) | P60: =F60*10^12+G60*10^10+H60*10^8+I60*10^6+J60*100000+K60*10000+L60*1000+M60*100+N60*10+O60 | Q60: =IF(B60="","",1+SUMPRODUCT(($B$32:$B$63<>"")*($P$32:$P$63>P60)))
A61: 30 | B61: =IF(BJ$2="","",BJ$2) | C61: =IF(B61="",0,IF(COUNT(BJ5:BJ13,BJ15:BJ23)>0,1,0)) | D61: =N(BK25) | E61: =N(BJ26) | F61: =IF(B61="",0,IF(C61=1,MAX(0,D61-E61),$T$31)) | G61: =N(BK24) | H61: =SUM(BK18:BK23) | I61: =SUM(BK21:BK23) | J61: =N(BK23) | K61: =N(BK22) | L61: =N(BK21) | M61: =N(BK20) | N61: =N(BK19) | O61: =N(BK18) | P61: =F61*10^12+G61*10^10+H61*10^8+I61*10^6+J61*100000+K61*10000+L61*1000+M61*100+N61*10+O61 | Q61: =IF(B61="","",1+SUMPRODUCT(($B$32:$B$63<>"")*($P$32:$P$63>P61)))
A62: 31 | B62: =IF(BL$2="","",BL$2) | C62: =IF(B62="",0,IF(COUNT(BL5:BL13,BL15:BL23)>0,1,0)) | D62: =N(BM25) | E62: =N(BL26) | F62: =IF(B62="",0,IF(C62=1,MAX(0,D62-E62),$T$31)) | G62: =N(BM24) | H62: =SUM(BM18:BM23) | I62: =SUM(BM21:BM23) | J62: =N(BM23) | K62: =N(BM22) | L62: =N(BM21) | M62: =N(BM20) | N62: =N(BM19) | O62: =N(BM18) | P62: =F62*10^12+G62*10^10+H62*10^8+I62*10^6+J62*100000+K62*10000+L62*1000+M62*100+N62*10+O62 | Q62: =IF(B62="","",1+SUMPRODUCT(($B$32:$B$63<>"")*($P$32:$P$63>P62)))
A63: 32 | B63: =IF(BN$2="","",BN$2) | C63: =IF(B63="",0,IF(COUNT(BN5:BN13,BN15:BN23)>0,1,0)) | D63: =N(BO25) | E63: =N(BN26) | F63: =IF(B63="",0,IF(C63=1,MAX(0,D63-E63),$T$31)) | G63: =N(BO24) | H63: =SUM(BO18:BO23) | I63: =SUM(BO21:BO23) | J63: =N(BO23) | K63: =N(BO22) | L63: =N(BO21) | M63: =N(BO20) | N63: =N(BO19) | O63: =N(BO18) | P63: =F63*10^12+G63*10^10+H63*10^8+I63*10^6+J63*100000+K63*10000+L63*1000+M63*100+N63*10+O63 | Q63: =IF(B63="","",1+SUMPRODUCT(($B$32:$B$63<>"")*($P$32:$P$63>P63)))

Sheet Round 2
A1: Round 2 | B1: =IF(Setup!I$4="","(enter course on Setup sheet)",Setup!I$4)
A2: Player | D2: =IF(Setup!$B$5="","",Setup!$B$5) | F2: =IF(Setup!$B$6="","",Setup!$B$6) | H2: =IF(Setup!$B$7="","",Setup!$B$7) | J2: =IF(Setup!$B$8="","",Setup!$B$8) | L2: =IF(Setup!$B$9="","",Setup!$B$9) | N2: =IF(Setup!$B$10="","",Setup!$B$10) | P2: =IF(Setup!$B$11="","",Setup!$B$11) | R2: =IF(Setup!$B$12="","",Setup!$B$12) | T2: =IF(Setup!$B$13="","",Setup!$B$13) | V2: =IF(Setup!$B$14="","",Setup!$B$14) | X2: =IF(Setup!$B$15="","",Setup!$B$15) | Z2: =IF(Setup!$B$16="","",Setup!$B$16) | AB2: =IF(Setup!$B$17="","",Setup!$B$17) | AD2: =IF(Setup!$B$18="","",Setup!$B$18) | AF2: =IF(Setup!$B$19="","",Setup!$B$19) | AH2: =IF(Setup!$B$20="","",Setup!$B$20) | AJ2: =IF(Setup!$B$21="","",Setup!$B$21) | AL2: =IF(Setup!$B$22="","",Setup!$B$22) | AN2: =IF(Setup!$B$23="","",Setup!$B$23) | AP2: =IF(Setup!$B$24="","",Setup!$B$24) | AR2: =IF(Setup!$B$25="","",Setup!$B$25) | AT2: =IF(Setup!$B$26="","",Setup!$B$26) | AV2: =IF(Setup!$B$27="","",Setup!$B$27) | AX2: =IF(Setup!$B$28="","",Setup!$B$28) | AZ2: =IF(Setup!$B$29="","",Setup!$B$29) | BB2: =IF(Setup!$B$30="","",Setup!$B$30) | BD2: =IF(Setup!$B$31="","",Setup!$B$31) | BF2: =IF(Setup!$B$32="","",Setup!$B$32) | BH2: =IF(Setup!$B$33="","",Setup!$B$33) | BJ2: =IF(Setup!$B$34="","",Setup!$B$34) | BL2: =IF(Setup!$B$35="","",Setup!$B$35) | BN2: =IF(Setup!$B$36="","",Setup!$B$36)
