Workbook

Sheet Leaderboard
A1: Total | B1: Position | D1: Player | E1: Rd.1 | F1: Position | H1: Rd.2 | I1: Position | K1: Rd.3 | L1: Position | N1: Rd.4 | O1: Position | Q1: Rd.5 | R1: Position
A2: =SUM(E2+H2+K2+N2+Q2) -> #REF! | B2: =RANK(A2, $A$2:$A$10, 0) -> #REF! | E2: ='Daily Scoring'!X25 -> 0 | F2: =RANK(E2,$E$2:$E$10,0) -> #REF! | H2: ='Daily Scoring'!AQ25 -> 0 | I2: =RANK(H2,$H$2:$H$10,0) -> 1 | K2: ='Daily Scoring'!#REF! -> #REF! | L2: =RANK(K2,$K$2:$K$10,0) -> #REF! | N2: ='Daily Scoring'!#REF! -> #REF! | O2: =RANK(N2,$N$2:$N$10,0) -> #REF! | Q2: ='Daily Scoring'!#REF! -> #REF! | R2: =RANK(Q2,$Q$2:$Q$10,0) -> #REF!
A3: =SUM(E3+H3+K3+N3+Q3) -> #REF! | B3: =RANK(A3, $A$2:$A$10, 0) -> #REF! | E3: ='Daily Scoring'!Z25 -> 0 | F3: =RANK(E3,$E$2:$E$10,0) -> #REF! | H3: ='Daily Scoring'!AS25 -> 0 | I3: =RANK(H3,$H$2:$H$10,0) -> 1 | K3: ='Daily Scoring'!#REF! -> #REF! | L3: =RANK(K3,$K$2:$K$10,0) -> #REF! | N3: ='Daily Scoring'!#REF! -> #REF! | O3: =RANK(N3,$N$2:$N$10,0) -> #REF! | Q3: ='Daily Scoring'!#REF! -> #REF! | R3: =RANK(Q3,$Q$2:$Q$10,0) -> #REF!
A4: =SUM(E4+H4+K4+N4+Q4) -> #REF! | B4: =RANK(A4, $A$2:$A$10, 0) -> #REF! | E4: ='Daily Scoring'!AB25 -> 0 | F4: =RANK(E4,$E$2:$E$10,0) -> #REF! | H4: ='Daily Scoring'!AU25 -> 0 | I4: =RANK(H4,$H$2:$H$10,0) -> 1 | K4: ='Daily Scoring'!#REF! -> #REF! | L4: =RANK(K4,$K$2:$K$10,0) -> #REF! | N4: ='Daily Scoring'!#REF! -> #REF! | O4: =RANK(N4,$N$2:$N$10,0) -> #REF! | Q4: ='Daily Scoring'!#REF! -> #REF! | R4: =RANK(Q4,$Q$2:$Q$10,0) -> #REF!
A5: =SUM(E5+H5+K5+N5+Q5) -> #REF! | B5: =RANK(A5, $A$2:$A$10, 0) -> #REF! | E5: ='Daily Scoring'!AE25 -> 0 | F5: =RANK(E5,$E$2:$E$10,0) -> #REF! | H5: ='Daily Scoring'!AW25 -> 0 | I5: =RANK(H5,$H$2:$H$10,0) -> 1 | K5: ='Daily Scoring'!#REF! -> #REF! | L5: =RANK(K5,$K$2:$K$10,0) -> #REF! | N5: ='Daily Scoring'!#REF! -> #REF! | O5: =RANK(N5,$N$2:$N$10,0) -> #REF! | Q5: ='Daily Scoring'!#REF! -> #REF! | R5: =RANK(Q5,$Q$2:$Q$10,0) -> #REF!
A6: =SUM(E6+H6+K6+N6+Q6) -> #REF! | B6: =RANK(A6, $A$2:$A$10, 0) -> #REF! | E6: ='Daily Scoring'!AF25 -> 0 | F6: =RANK(E6,$E$2:$E$10,0) -> #REF! | H6: ='Daily Scoring'!AY25 -> 0 | I6: =RANK(H6,$H$2:$H$10,0) -> 1 | K6: ='Daily Scoring'!#REF! -> #REF! | L6: =RANK(K6,$K$2:$K$10,0) -> #REF! | N6: ='Daily Scoring'!#REF! -> #REF! | O6: =RANK(N6,$N$2:$N$10,0) -> #REF! | Q6: ='Daily Scoring'!#REF! -> #REF! | R6: =RANK(Q6,$Q$2:$Q$10,0) -> #REF!
A7: =SUM(E7+H7+K7+N7+Q7) -> #REF! | B7: =RANK(A7, $A$2:$A$10, 0) -> #REF! | E7: ='Daily Scoring'!AH25 -> 0 | F7: =RANK(E7,$E$2:$E$10,0) -> #REF! | H7: ='Daily Scoring'!BA25 -> 0 | I7: =RANK(H7,$H$2:$H$10,0) -> 1 | K7: ='Daily Scoring'!#REF! -> #REF! | L7: =RANK(K7,$K$2:$K$10,0) -> #REF! | N7: ='Daily Scoring'!#REF! -> #REF! | O7: =RANK(N7,$N$2:$N$10,0) -> #REF! | Q7: ='Daily Scoring'!#REF! -> #REF! | R7: =RANK(Q7,$Q$2:$Q$10,0) -> #REF!
A8: =SUM(E8+H8+K8+N8+Q8) -> #REF! | B8: =RANK(A8, $A$2:$A$10, 0) -> #REF! | E8: ='Daily Scoring'!#REF! -> #REF! | F8: =RANK(E8,$E$2:$E$10,0) -> #REF! | H8: ='Daily Scoring'!BC25 -> 0 | I8: =RANK(H8,$H$2:$H$10,0) -> 1 | K8: ='Daily Scoring'!#REF! -> #REF! | L8: =RANK(K8,$K$2:$K$10,0) -> #REF! | N8: ='Daily Scoring'!#REF! -> #REF! | O8: =RANK(N8,$N$2:$N$10,0) -> #REF! | Q8: ='Daily Scoring'!#REF! -> #REF! | R8: =RANK(Q8,$Q$2:$Q$10,0) -> #REF!
A9: =SUM(E9+H9+K9+N9+Q9) -> #REF! | B9: =RANK(A9, $A$2:$A$10, 0) -> #REF! | E9: ='Daily Scoring'!#REF! -> #REF! | F9: =RANK(E9,$E$2:$E$10,0) -> #REF! | H9: ='Daily Scoring'!BE25 -> 0 | I9: =RANK(H9,$H$2:$H$10,0) -> 1 | K9: ='Daily Scoring'!#REF! -> #REF! | L9: =RANK(K9,$K$2:$K$10,0) -> #REF! | N9: ='Daily Scoring'!#REF! -> #REF! | O9: =RANK(N9,$N$2:$N$10,0) -> #REF! | Q9: ='Daily Scoring'!#REF! -> #REF! | R9: =RANK(Q9,$Q$2:$Q$10,0) -> #REF!
A10: =SUM(E10+H10+K10+N10+Q10) -> #REF! | B10: =RANK(A10, $A$2:$A$10, 0) -> #REF! | E10: ='Daily Scoring'!#REF! -> #REF! | F10: =RANK(E10,$E$2:$E$10,0) -> #REF! | H10: ='Daily Scoring'!BG25 -> 0 | I10: =RANK(H10,$H$2:$H$10,0) -> 1 | K10: ='Daily Scoring'!#REF! -> #REF! | L10: =RANK(K10,$K$2:$K$10,0) -> #REF! | N10: ='Daily Scoring'!#REF! -> #REF! | O10: =RANK(N10,$N$2:$N$10,0) -> #REF! | Q10: ='Daily Scoring'!#REF! -> #REF! | R10: =RANK(Q10,$Q$2:$Q$10,0) -> #REF!
A11: =SUM(E11+H11+K11+N11+Q11) -> #REF! | B11: =RANK(A11, $A$2:$A$10, 0) -> #REF! | E11: ='Daily Scoring'!#REF! -> #REF! | F11: =RANK(E11,$E$2:$E$10,0) -> #REF! | H11: ='Daily Scoring'!AQ34 -> 0 | I11: =RANK(H11,$H$2:$H$10,0) -> 1 | K11: ='Daily Scoring'!#REF! -> #REF! | L11: =RANK(K11,$K$2:$K$10,0) -> #REF! | N11: ='Daily Scoring'!#REF! -> #REF! | O11: =RANK(N11,$N$2:$N$10,0) -> #REF! | Q11: ='Daily Scoring'!#REF! -> #REF! | R11: =RANK(Q11,$Q$2:$Q$10,0) -> #REF!
A12: =SUM(E12+H12+K12+N12+Q12) -> #REF! | B12: =RANK(A12, $A$2:$A$10, 0) -> #REF! | E12: ='Daily Scoring'!#REF! -> #REF! | F12: =RANK(E12,$E$2:$E$10,0) -> #REF! | H12: ='Daily Scoring'!AS34 -> 0 | I12: =RANK(H12,$H$2:$H$10,0) -> 1 | K12: ='Daily Scoring'!#REF! -> #REF! | L12: =RANK(K12,$K$2:$K$10,0) -> #REF! | N12: ='Daily Scoring'!#REF! -> #REF! | O12: =RANK(N12,$N$2:$N$10,0) -> #REF! | Q12: ='Daily Scoring'!#REF! -> #REF! | R12: =RANK(Q12,$Q$2:$Q$10,0) -> #REF!
A13: =SUM(E13+H13+K13+N13+Q13) -> #REF! | B13: =RANK(A13, $A$2:$A$10, 0) -> #REF! | E13: ='Daily Scoring'!#REF! -> #REF! | F13: =RANK(E13,$E$2:$E$10,0) -> #REF! | H13: ='Daily Scoring'!AU34 -> 0 | I13: =RANK(H13,$H$2:$H$10,0) -> 1 | K13: ='Daily Scoring'!#REF! -> #REF! | L13: =RANK(K13,$K$2:$K$10,0) -> #REF! | N13: ='Daily Scoring'!#REF! -> #REF! | O13: =RANK(N13,$N$2:$N$10,0) -> #REF! | Q13: ='Daily Scoring'!#REF! -> #REF! | R13: =RANK(Q13,$Q$2:$Q$10,0) -> #REF!
A14: =SUM(E14+H14+K14+N14+Q14) -> #REF! | B14: =RANK(A14, $A$2:$A$10, 0) -> #REF! | E14: ='Daily Scoring'!#REF! -> #REF! | F14: =RANK(E14,$E$2:$E$10,0) -> #REF! | H14: ='Daily Scoring'!AW34 -> 0 | I14: =RANK(H14,$H$2:$H$10,0) -> 1 | K14: ='Daily Scoring'!#REF! -> #REF! | L14: =RANK(K14,$K$2:$K$10,0) -> #REF! | N14: ='Daily Scoring'!#REF! -> #REF! | O14: =RANK(N14,$N$2:$N$10,0) -> #REF! | Q14: ='Daily Scoring'!#REF! -> #REF! | R14: =RANK(Q14,$Q$2:$Q$10,0) -> #REF!
A15: =SUM(E15+H15+K15+N15+Q15) -> #REF! | B15: =RANK(A15, $A$2:$A$10, 0) -> #REF! | E15: ='Daily Scoring'!#REF! -> #REF! | F15: =RANK(E15,$E$2:$E$10,0) -> #REF! | H15: ='Daily Scoring'!AY34 -> 0 | I15: =RANK(H15,$H$2:$H$10,0) -> 1 | K15: ='Daily Scoring'!#REF! -> #REF! | L15: =RANK(K15,$K$2:$K$10,0) -> #REF! | N15: ='Daily Scoring'!#REF! -> #REF! | O15: =RANK(N15,$N$2:$N$10,0) -> #REF! | Q15: ='Daily Scoring'!#REF! -> #REF! | R15: =RANK(Q15,$Q$2:$Q$10,0) -> #REF!
A16: =SUM(E16+H16+K16+N16+Q16) -> #REF! | B16: =RANK(A16, $A$2:$A$10, 0) -> #REF! | E16: ='Daily Scoring'!#REF! -> #REF! | F16: =RANK(E16,$E$2:$E$10,0) -> #REF! | H16: ='Daily Scoring'!BA34 -> 0 | I16: =RANK(H16,$H$2:$H$10,0) -> 1 | K16: ='Daily Scoring'!#REF! -> #REF! | L16: =RANK(K16,$K$2:$K$10,0) -> #REF! | N16: ='Daily Scoring'!#REF! -> #REF! | O16: =RANK(N16,$N$2:$N$10,0) -> #REF! | Q16: ='Daily Scoring'!#REF! -> #REF! | R16: =RANK(Q16,$Q$2:$Q$10,0) -> #REF!
A17: =SUM(E17+H17+K17+N17+Q17) -> #REF! | B17: =RANK(A17, $A$2:$A$10, 0) -> #REF! | E17: ='Daily Scoring'!#REF! -> #REF! | F17: =RANK(E17,$E$2:$E$10,0) -> #REF! | H17: ='Daily Scoring'!BC34 -> 0 | I17: =RANK(H17,$H$2:$H$10,0) -> 1 | K17: ='Daily Scoring'!#REF! -> #REF! | L17: =RANK(K17,$K$2:$K$10,0) -> #REF! | N17: ='Daily Scoring'!#REF! -> #REF! | O17: =RANK(N17,$N$2:$N$10,0) -> #REF! | Q17: ='Daily Scoring'!#REF! -> #REF! | R17: =RANK(Q17,$Q$2:$Q$10,0) -> #REF!

Sheet Handicapping
A1: Total Rounds: | B1: 5
A2: Golflink No. | B2: Player | C2: Leaderboard | D2: GA | E2: {=_xlfn.SEQUENCE(1,B1,1,1)} -> 1 | F2: 2 | G2: 3 | H2: 4 | I2: 5 | K2: Total +/-
A3: 4090903820 | B3: Attiwill, Scott | C3: Trawler | D3: 14 | E3: =D3 -> 14 | F3: =_xlfn.XLOOKUP(_xlfn.XLOOKUP($B3,Leaderboard!$D$2:$D$10,Leaderboard!F$2:F$10),$A$23:$A$31,$B$23:$B$31)+E3 -> #N/A | G3: =_xlfn.XLOOKUP(_xlfn.XLOOKUP($B3,Leaderboard!$D$2:$D$10,Leaderboard!I$2:I$10),$A$23:$A$31,$B$23:$B$31)+F3 -> #N/A | H3: =_xlfn.XLOOKUP(_xlfn.XLOOKUP($B3,Leaderboard!$D$2:$D$10,Leaderboard!L$2:L$10),$A$23:$A$31,$B$23:$B$31)+G3 -> #N/A | I3: =_xlfn.XLOOKUP(_xlfn.XLOOKUP($B3,Leaderboard!$D$2:$D$10,Leaderboard!R$2:R$10),$A$23:$A$31,$B$23:$B$31)+H3 -> #N/A
A4: 4090901889 | B4: Hoy, John | C4: Johnny | D4: 8 | E4: =D4 -> 8 | F4: =_xlfn.XLOOKUP(_xlfn.XLOOKUP($B4,Leaderboard!$D$2:$D$10,Leaderboard!F$2:F$10),$A$23:$A$31,$B$23:$B$31)+E4 -> #N/A | G4: =_xlfn.XLOOKUP(_xlfn.XLOOKUP($B4,Leaderboard!$D$2:$D$10,Leaderboard!I$2:I$10),$A$23:$A$31,$B$23:$B$31)+F4 -> #N/A | H4: =_xlfn.XLOOKUP(_xlfn.XLOOKUP($B4,Leaderboard!$D$2:$D$10,Leaderboard!L$2:L$10),$A$23:$A$31,$B$23:$B$31)+G4 -> #N/A | I4: =_xlfn.XLOOKUP(_xlfn.XLOOKUP($B4,Leaderboard!$D$2:$D$10,Leaderboard!R$2:R$10),$A$23:$A$31,$B$23:$B$31)+H4 -> #N/A
A5: 4140302911 | B5: Ireland, Kev | C5: Kebbie | D5: 12 | E5: =D5 -> 12 | F5: =_xlfn.XLOOKUP(_xlfn.XLOOKUP($B5,Leaderboard!$D$2:$D$10,Leaderboard!F$2:F$10),$A$23:$A$31,$B$23:$B$31)+E5 -> #N/A | G5: =_xlfn.XLOOKUP(_xlfn.XLOOKUP($B5,Leaderboard!$D$2:$D$10,Leaderboard!I$2:I$10),$A$23:$A$31,$B$23:$B$31)+F5 -> #N/A | H5: =_xlfn.XLOOKUP(_xlfn.XLOOKUP($B5,Leaderboard!$D$2:$D$10,Leaderboard!L$2:L$10),$A$23:$A$31,$B$23:$B$31)+G5 -> #N/A | I5: =_xlfn.XLOOKUP(_xlfn.XLOOKUP($B5,Leaderboard!$D$2:$D$10,Leaderboard!R$2:R$10),$A$23:$A$31,$B$23:$B$31)+H5 -> #N/A
A6: 4090904266 | B6: Lay, Greg | C6: Greg | D6: 12 | E6: =D6 -> 12 | F6: =_xlfn.XLOOKUP(_xlfn.XLOOKUP($B6,Leaderboard!$D$2:$D$10,Leaderboard!F$2:F$10),$A$23:$A$31,$B$23:$B$31)+E6 -> #N/A | G6: =_xlfn.XLOOKUP(_xlfn.XLOOKUP($B6,Leaderboard!$D$2:$D$10,Leaderboard!I$2:I$10),$A$23:$A$31,$B$23:$B$31)+F6 -> #N/A | H6: =_xlfn.XLOOKUP(_xlfn.XLOOKUP($B6,Leaderboard!$D$2:$D$10,Leaderboard!L$2:L$10),$A$23:$A$31,$B$23:$B$31)+G6 -> #N/A | I6: =_xlfn.XLOOKUP(_xlfn.XLOOKUP($B6,Leaderboard!$D$2:$D$10,Leaderboard!R$2:R$10),$A$23:$A$31,$B$23:$B$31)+H6 -> #N/A
A7: 0 | B7: Leeson, Chris | C7: Leeso | D7: 25 | E7: =D7 -> 25 | F7: =_xlfn.XLOOKUP(_xlfn.XLOOKUP($B7,Leaderboard!$D$2:$D$10,Leaderboard!F$2:F$10),$A$23:$A$31,$B$23:$B$31)+E7 -> #N/A | G7: =_xlfn.XLOOKUP(_xlfn.XLOOKUP($B7,Leaderboard!$D$2:$D$10,Leaderboard!I$2:I$10),$A$23:$A$31,$B$23:$B$31)+F7 -> #N/A | H7: =_xlfn.XLOOKUP(_xlfn.XLOOKUP($B7,Leaderboard!$D$2:$D$10,Leaderboard!L$2:L$10),$A$23:$A$31,$B$23:$B$31)+G7 -> #N/A | I7: =_xlfn.XLOOKUP(_xlfn.XLOOKUP($B7,Leaderboard!$D$2:$D$10,Leaderboard!R$2:R$10),$A$23:$A$31,$B$23:$B$31)+H7 -> #N/A
A8: 4090904076 | B8: Maher, Joel | C8: Joel | D8: 16 | E8: =D8 -> 16 | F8: =_xlfn.XLOOKUP(_xlfn.XLOOKUP($B8,Leaderboard!$D$2:$D$10,Leaderboard!F$2:F$10),$A$23:$A$31,$B$23:$B$31)+E8 -> #N/A | G8: =_xlfn.XLOOKUP(_xlfn.XLOOKUP($B8,Leaderboard!$D$2:$D$10,Leaderboard!I$2:I$10),$A$23:$A$31,$B$23:$B$31)+F8 -> #N/A | H8: =_xlfn.XLOOKUP(_xlfn.XLOOKUP($B8,Leaderboard!$D$2:$D$10,Leaderboard!L$2:L$10),$A$23:$A$31,$B$23:$B$31)+G8 -> #N/A | I8: =_xlfn.XLOOKUP(_xlfn.XLOOKUP($B8,Leaderboard!$D$2:$D$10,Leaderboard!R$2:R$10),$A$23:$A$31,$B$23:$B$31)+H8 -> #N/A
A9: 4090905296 | B9: Marshall, Jayme | C9: Jamy | D9: 27 | E9: =D9 -> 27 | F9: =_xlfn.XLOOKUP(_xlfn.XLOOKUP($B9,Leaderboard!$D$2:$D$10,Leaderboard!F$2:F$10),$A$23:$A$31,$B$23:$B$31)+E9 -> #N/A | G9: =_xlfn.XLOOKUP(_xlfn.XLOOKUP($B9,Leaderboard!$D$2:$D$10,Leaderboard!I$2:I$10),$A$23:$A$31,$B$23:$B$31)+F9 -> #N/A | H9: =_xlfn.XLOOKUP(_xlfn.XLOOKUP($B9,Leaderboard!$D$2:$D$10,Leaderboard!L$2:L$10),$A$23:$A$31,$B$23:$B$31)+G9 -> #N/A | I9: =_xlfn.XLOOKUP(_xlfn.XLOOKUP($B9,Leaderboard!$D$2:$D$10,Leaderboard!R$2:R$10),$A$23:$A$31,$B$23:$B$31)+H9 -> #N/A
A10: 4090900096 | B10: McDowell, Steve | C10: Steve | D10: 12 | E10: =D10 -> 12 | F10: =_xlfn.XLOOKUP(_xlfn.XLOOKUP($B10,Leaderboard!$D$2:$D$10,Leaderboard!F$2:F$10),$A$23:$A$31,$B$23:$B$31)+E10 -> #N/A | G10: =_xlfn.XLOOKUP(_xlfn.XLOOKUP($B10,Leaderboard!$D$2:$D$10,Leaderboard!I$2:I$10),$A$23:$A$31,$B$23:$B$31)+F10 -> #N/A | H10: =_xlfn.XLOOKUP(_xlfn.XLOOKUP($B10,Leaderboard!$D$2:$D$10,Leaderboard!L$2:L$10),$A$23:$A$31,$B$23:$B$31)+G10 -> #N/A | I10: =_xlfn.XLOOKUP(_xlfn.XLOOKUP($B10,Leaderboard!$D$2:$D$10,Leaderboard!R$2:R$10),$A$23:$A$31,$B$23:$B$31)+H10 -> #N/A
A11: 4090904495 | B11: McEwan, Paul | C11: Wormy | D11: 21 | E11: =D11 -> 21 | F11: =_xlfn.XLOOKUP(_xlfn.XLOOKUP($B11,Leaderboard!$D$2:$D$10,Leaderboard!F$2:F$10),$A$23:$A$31,$B$23:$B$31)+E11 -> #N/A | G11: =_xlfn.XLOOKUP(_xlfn.XLOOKUP($B11,Leaderboard!$D$2:$D$10,Leaderboard!I$2:I$10),$A$23:$A$31,$B$23:$B$31)+F11 -> #N/A | H11: =_xlfn.XLOOKUP(_xlfn.XLOOKUP($B11,Leaderboard!$D$2:$D$10,Leaderboard!L$2:L$10),$A$23:$A$31,$B$23:$B$31)+G11 -> #N/A | I11: =_xlfn.XLOOKUP(_xlfn.XLOOKUP($B11,Leaderboard!$D$2:$D$10,Leaderboard!R$2:R$10),$A$23:$A$31,$B$23:$B$31)+H11 -> #N/A
A12: 4090903571 | B12: O'Callaghan. Joc | C12: Joc | D12: 14 | E12: =D12 -> 14 | F12: =_xlfn.XLOOKUP(_xlfn.XLOOKUP($B12,Leaderboard!$D$2:$D$10,Leaderboard!F$2:F$10),$A$23:$A$31,$B$23:$B$31)+E12 -> #N/A | G12: =_xlfn.XLOOKUP(_xlfn.XLOOKUP($B12,Leaderboard!$D$2:$D$10,Leaderboard!I$2:I$10),$A$23:$A$31,$B$23:$B$31)+F12 -> #N/A | H12: =_xlfn.XLOOKUP(_xlfn.XLOOKUP($B12,Leaderboard!$D$2:$D$10,Leaderboard!L$2:L$10),$A$23:$A$31,$B$23:$B$31)+G12 -> #N/A | I12: =_xlfn.XLOOKUP(_xlfn.XLOOKUP($B12,Leaderboard!$D$2:$D$10,Leaderboard!R$2:R$10),$A$23:$A$31,$B$23:$B$31)+H12 -> #N/A
A13: 4090901889 | B13: Perre, Anthony | C13: PB | D13: 6 | E13: =D13 -> 6 | F13: =_xlfn.XLOOKUP(_xlfn.XLOOKUP($B13,Leaderboard!$D$2:$D$10,Leaderboard!F$2:F$10),$A$23:$A$31,$B$23:$B$31)+E13 -> #N/A | G13: =_xlfn.XLOOKUP(_xlfn.XLOOKUP($B13,Leaderboard!$D$2:$D$10,Leaderboard!I$2:I$10),$A$23:$A$31,$B$23:$B$31)+F13 -> #N/A | H13: =_xlfn.XLOOKUP(_xlfn.XLOOKUP($B13,Leaderboard!$D$2:$D$10,Leaderboard!L$2:L$10),$A$23:$A$31,$B$23:$B$31)+G13 -> #N/A | I13: =_xlfn.XLOOKUP(_xlfn.XLOOKUP($B13,Leaderboard!$D$2:$D$10,Leaderboard!R$2:R$10),$A$23:$A$31,$B$23:$B$31)+H13 -> #N/A
A14: 4090901143 | B14: Rettke, Butch | C14: Butcher | D14: 18 | E14: =D14 -> 18 | F14: =_xlfn.XLOOKUP(_xlfn.XLOOKUP($B14,Leaderboard!$D$2:$D$10,Leaderboard!F$2:F$10),$A$23:$A$31,$B$23:$B$31)+E14 -> #N/A | G14: =_xlfn.XLOOKUP(_xlfn.XLOOKUP($B14,Leaderboard!$D$2:$D$10,Leaderboard!I$2:I$10),$A$23:$A$31,$B$23:$B$31)+F14 -> #N/A | H14: =_xlfn.XLOOKUP(_xlfn.XLOOKUP($B14,Leaderboard!$D$2:$D$10,Leaderboard!L$2:L$10),$A$23:$A$31,$B$23:$B$31)+G14 -> #N/A | I14: =_xlfn.XLOOKUP(_xlfn.XLOOKUP($B14,Leaderboard!$D$2:$D$10,Leaderboard!R$2:R$10),$A$23:$A$31,$B$23:$B$31)+H14 -> #N/A
... A18: 4090904680 | B18: Zillfleisch, David | C18: Zilly | D18: 8 | E18: =D18 -> 8 | F18: =_xlfn.XLOOKUP(_xlfn.XLOOKUP($B18,Leaderboard!$D$2:$D$10,Leaderboard!F$2:F$10),$A$23:$A$31,$B$23:$B$31)+E18 -> #N/A | G18: =_xlfn.XLOOKUP(_xlfn.XLOOKUP($B18,Leaderboard!$D$2:$D$10,Leaderboard!I$2:I$10),$A$23:$A$31,$B$23:$B$31)+F18 -> #N/A | H18: =_xlfn.XLOOKUP(_xlfn.XLOOKUP($B18,Leaderboard!$D$2:$D$10,Leaderboard!L$2:L$10),$A$23:$A$31,$B$23:$B$31)+G18 -> #N/A | I18: =_xlfn.XLOOKUP(_xlfn.XLOOKUP($B18,Leaderboard!$D$2:$D$10,Leaderboard!R$2:R$10),$A$23:$A$31,$B$23:$B$31)+H18 -> #N/A
A21: Daily Handicap Adjustment
A22: Position | B22: Amount
A23: 1 | B23: -2
A24: 2 | B24: -1.75
A25: 3 | B25: -1.5
A26: 4 | B26: -1.25
A27: 5 | B27: -1
A28: 6 | B28: -0.75
A29: 7 | B29: -0.5
A30: 8 | B30: -0.25
A31: 9 | B31: 0.25
A32: 10 | B32: 0.5
A33: 11 | B33: 0.75
A34: 12 | B34: 1
... A38: 16 | B38: 2

Sheet Daily Scoring
E1: 1 | G1: =E1+1 -> 2 | I1: =G1+1 -> 3 | K1: =I1+1 -> 4 | M1: =K1+1 -> 5 | O1: =M1+1 -> 6 | Q1: =O1+1 -> 7 | S1: =Q1+1 -> 8 | U1: =S1+1 -> 9 | W1: 1 | Y1: =W1+1 -> 2 | AA1: =Y1+1 -> 3 | AC1: =AA1+1 -> 4 | AE1: =AC1+1 -> 5 | AG1: =AE1+1 -> 6 | AI1: =AG1+1 -> 7 | AP1: 1 | AR1: =AP1+1 -> 2 | AT1: =AR1+1 -> 3 | AV1: =AT1+1 -> 4 | AX1: =AV1+1 -> 5 | AZ1: =AX1+1 -> 6 | BB1: =AZ1+1 -> 7 | BD1: =BB1+1 -> 8 | BF1: =BD1+1 -> 9 | BH1: 1 | BJ1: =BH1+1 -> 2 | BL1: =BJ1+1 -> 3 | BN1: =BL1+1 -> 4 | BP1: =BN1+1 -> 5 | BR1: =BP1+1 -> 6 | BT1: =BR1+1 -> 7 | CA1: 1 | CC1: =CA1+1 -> 2 | CE1: =CC1+1 -> 3 | CG1: =CE1+1 -> 4 | CI1: =CG1+1 -> 5 | CK1: =CI1+1 -> 6 | CM1: =CK1+1 -> 7 | CO1: =CM1+1 -> 8 | CQ1: =CO1+1 -> 9 | CS1: 1 | CU1: =CS1+1 -> 2 | CW1: =CU1+1 -> 3 | CY1: =CW1+1 -> 4 | DA1: =CY1+1 -> 5 | DC1: =DA1+1 -> 6 | DE1: =DC1+1 -> 7 | DL1: 1 | DN1: =DL1+1 -> 2 | DP1: =DN1+1 -> 3 | DR1: =DP1+1 -> 4 | DT1: =DR1+1 -> 5 | DV1: =DT1+1 -> 6 | DX1: =DV1+1 -> 7 | DZ1: =DX1+1 -> 8 | EB1: =DZ1+1 -> 9 | ED1: 1 | EF1: =ED1+1 -> 2 | EH1: =EF1+1 -> 3 | EJ1: =EH1+1 -> 4 | EL1: =EJ1+1 -> 5 | EN1: =EL1+1 -> 6 | EP1: =EN1+1 -> 7 | EW1: 1 | EY1: =EW1+1 -> 2 | FA1: =EY1+1 -> 3 | FC1: =FA1+1 -> 4 | FE1: =FC1+1 -> 5 | FG1: =FE1+1 -> 6 | FI1: =FG1+1 -> 7 | FK1: =FI1+1 -> 8 | FM1: =FK1+1 -> 9 | FO1: 1 | FQ1: =FO1+1 -> 2 | FS1: =FQ1+1 -> 3 | FU1: =FS1+1 -> 4 | FW1: =FU1+1 -> 5 | FY1: =FW1+1 -> 6 | GA1: =FY1+1 -> 7
A2: Eagle Ridge Golf Course | AL2: Moonah Links - Open Course | BW2: Monrington Golf Club | DH2: The Dunes Golf Links | ES2: St Andrew Beach Golf Course
A3: 1 | B3: Par | C3: SI | E3: Attiwill, Scott | F3: Result | G3: {=OFFSET(Handicapping!$B$2,G$1,,)} -> Hoy, John | H3: Result | I3: {=OFFSET(Handicapping!$B$2,I$1,,)} -> Ireland, Kev | J3: Result | K3: {=OFFSET(Handicapping!$B$2,K$1,,)} -> Lay, Greg | L3: Result | M3: {=OFFSET(Handicapping!$B$2,M$1,,)} -> Leeson, Chris | N3: Result | O3: {=OFFSET(Handicapping!$B$2,O$1,,)} -> Maher, Joel | P3: Result | Q3: {=OFFSET(Handicapping!$B$2,Q$1,,)} -> Marshall, Jayme | R3: Result | S3: {=OFFSET(Handicapping!$B$2,S$1,,)} -> McDowell, Steve | T3: Result | U3: {=OFFSET(Handicapping!$B$2,U$1,,)} -> McEwan, Paul | V3: Result | W3: O'Callaghan. Joc | X3: Result | Y3: Perre, Anthony | Z3: Result | AA3: Rettke, Butch | AB3: Result | AC3: Royan, Damien | AD3: Result | AE3: Tompkins, Lawrie | AF3: Result | AG3: Wesche, Gavin | AH3: Result | AI3: Zillfleisch, David | AJ3: Result | AL3: 1 | AM3: Par | AN3: SI | AP3: Attiwill, Scott | AQ3: Result | AR3: {=OFFSET(Handicapping!$B$2,AR$1,,)} -> Hoy, John | AS3: Result | AT3: {=OFFSET(Handicapping!$B$2,AT$1,,)} -> Ireland, Kev | AU3: Result | AV3: {=OFFSET(Handicapping!$B$2,AV$1,,)} -> Lay, Greg | AW3: Result | AX3: {=OFFSET(Handicapping!$B$2,AX$1,,)} -> Leeson, Chris | AY3: Result | AZ3: {=OFFSET(Handicapping!$B$2,AZ$1,,)} -> Maher, Joel | BA3: Result | BB3: {=OFFSET(Handicapping!$B$2,BB$1,,)} -> Marshall, Jayme | BC3: Result | BD3: {=OFFSET(Handicapping!$B$2,BD$1,,)} -> McDowell, Steve | BE3: Result | BF3: {=OFFSET(Handicapping!$B$2,BF$1,,)} -> McEwan, Paul | BG3: Result | BH3: O'Callaghan. Joc | BI3: Result | BJ3: Perre, Anthony | BK3: Result | BL3: Rettke, Butch | BM3: Result | BN3: Royan, Damien | BO3: Result | BP3: Tompkins, Lawrie | BQ3: Result | BR3: Wesche, Gavin | BS3: Result | BT3: Zillfleisch, David | BU3: Result | BW3: 1 | BX3: Par | BY3: SI | CA3: Attiwill, Scott | CB3: Result | CC3: {=OFFSET(Handicapping!$B$2,CC$1,,)} -> Hoy, John | CD3: Result | CE3: {=OFFSET(Handicapping!$B$2,CE$1,,)} -> Ireland, Kev | CF3: Result | CG3: {=OFFSET(Handicapping!$B$2,CG$1,,)} -> Lay, Greg | CH3: Result | CI3: {=OFFSET(Handicapping!$B$2,CI$1,,)} -> Leeson, Chris | CJ3: Result | CK3: {=OFFSET(Handicapping!$B$2,CK$1,,)} -> Maher, Joel | CL3: Result | CM3: {=OFFSET(Handicapping!$B$2,CM$1,,)} -> Marshall, Jayme | CN3: Result | CO3: {=OFFSET(Handicapping!$B$2,CO$1,,)} -> McDowell, Steve | CP3: Result | CQ3: {=OFFSET(Handicapping!$B$2,CQ$1,,)} -> McEwan, Paul | CR3: Result | CS3: O'Callaghan. Joc | CT3: Result | CU3: Perre, Anthony | CV3: Result | CW3: Rettke, Butch | CX3: Result | CY3: Royan, Damien | CZ3: Result | DA3: Tompkins, Lawrie | DB3: Result | DC3: Wesche, Gavin | DD3: Result | DE3: Zillfleisch, David | DF3: Result | DH3: 1 | DI3: Par | DJ3: SI | DL3: Attiwill, Scott | DM3: Result | DN3: {=OFFSET(Handicapping!$B$2,DN$1,,)} -> Hoy, John | DO3: Result | DP3: {=OFFSET(Handicapping!$B$2,DP$1,,)} -> Ireland, Kev | DQ3: Result | DR3: {=OFFSET(Handicapping!$B$2,DR$1,,)} -> Lay, Greg | DS3: Result | DT3: {=OFFSET(Handicapping!$B$2,DT$1,,)} -> Leeson, Chris | DU3: Result | DV3: {=OFFSET(Handicapping!$B$2,DV$1,,)} -> Maher, Joel | DW3: Result | DX3: {=OFFSET(Handicapping!$B$2,DX$1,,)} -> Marshall, Jayme | DY3: Result | DZ3: {=OFFSET(Handicapping!$B$2,DZ$1,,)} -> McDowell, Steve | EA3: Result | EB3: {=OFFSET(Handicapping!$B$2,EB$1,,)} -> McEwan, Paul | EC3: Result | ED3: O'Callaghan. Joc | EE3: Result | EF3: Perre, Anthony | EG3: Result | EH3: Rettke, Butch | EI3: Result | EJ3: Royan, Damien | EK3: Result | EL3: Tompkins, Lawrie | EM3: Result | EN3: Wesche, Gavin | EO3: Result | EP3: Zillfleisch, David | EQ3: Result | ES3: 1 | ET3: Par | EU3: SI | EW3: Attiwill, Scott | EX3: Result | EY3: {=OFFSET(Handicapping!$B$2,EY$1,,)} -> Hoy, John | EZ3: Result | FA3: {=OFFSET(Handicapping!$B$2,FA$1,,)} -> Ireland, Kev | FB3: Result | FC3: {=OFFSET(Handicapping!$B$2,FC$1,,)} -> Lay, Greg | FD3: Result | FE3: {=OFFSET(Handicapping!$B$2,FE$1,,)} -> Leeson, Chris | FF3: Result | FG3: {=OFFSET(Handicapping!$B$2,FG$1,,)} -> Maher, Joel | FH3: Result | FI3: {=OFFSET(Handicapping!$B$2,FI$1,,)} -> Marshall, Jayme | FJ3: Result | FK3: {=OFFSET(Handicapping!$B$2,FK$1,,)} -> McDowell, Steve | FL3: Result | FM3: {=OFFSET(Handicapping!$B$2,FM$1,,)} -> McEwan, Paul | FN3: Result | FO3: O'Callaghan. Joc | FP3: Result | FQ3: Perre, Anthony | FR3: Result | FS3: Rettke, Butch | FT3: Result | FU3: Royan, Damien | FV3: Result | FW3: Tompkins, Lawrie | FX3: Result | FY3: Wesche, Gavin | FZ3: Result | GA3: Zillfleisch, David | GB3: Result
A4: Daily H'Cap | E4: =ROUND(_xlfn.XLOOKUP(E3,Handicapping!$B$3:$B$18,Handicapping!$E$3:$E$18),0) -> 14 | G4: =ROUND(_xlfn.XLOOKUP(G3,Handicapping!$B$3:$B$18,Handicapping!$E$3:$E$18),0) -> 8 | I4: =ROUND(_xlfn.XLOOKUP(I3,Handicapping!$B$3:$B$18,Handicapping!$E$3:$E$18),0) -> 12 | K4: =ROUND(_xlfn.XLOOKUP(K3,Handicapping!$B$3:$B$18,Handicapping!$E$3:$E$18),0) -> 12 | M4: =ROUND(_xlfn.XLOOKUP(M3,Handicapping!$B$3:$B$18,Handicapping!$E$3:$E$18),0) -> 25 | O4: =ROUND(_xlfn.XLOOKUP(O3,Handicapping!$B$3:$B$18,Handicapping!$E$3:$E$18),0) -> 16 | Q4: =ROUND(_xlfn.XLOOKUP(Q3,Handicapping!$B$3:$B$18,Handicapping!$E$3:$E$18),0) -> 27 | S4: =ROUND(_xlfn.XLOOKUP(S3,Handicapping!$B$3:$B$18,Handicapping!$E$3:$E$18),0) -> 12 | U4: =ROUND(_xlfn.XLOOKUP(U3,Handicapping!$B$3:$B$18,Handicapping!$E$3:$E$18),0) -> 21 | W4: =ROUND(_xlfn.XLOOKUP(W3,Handicapping!$B$3:$B$18,Handicapping!$E$3:$E$18),0) -> 14 | Y4: =ROUND(_xlfn.XLOOKUP(Y3,Handicapping!$B$3:$B$18,Handicapping!$E$3:$E$18),0) -> 6 | AA4: =ROUND(_xlfn.XLOOKUP(AA3,Handicapping!$B$3:$B$18,Handicapping!$E$3:$E$18),0) -> 18 | AC4: =ROUND(_xlfn.XLOOKUP(AC3,Handicapping!$B$3:$B$18,Handicapping!$E$3:$E$18),0) -> 8 | AE4: =ROUND(_xlfn.XLOOKUP(AE3,Handicapping!$B$3:$B$18,Handicapping!$E$3:$E$18),0) -> 15 | AG4: =ROUND(_xlfn.XLOOKUP(AG3,Handicapping!$B$3:$B$18,Handicapping!$E$3:$E$18),0) -> 8 | AI4: =ROUND(_xlfn.XLOOKUP(AI3,Handicapping!$B$3:$B$18,Handicapping!$E$3:$E$18),0) -> 8 | AL4: Daily H'Cap | AP4: =ROUND(_xlfn.XLOOKUP(AP3,Handicapping!$B$3:$B$18,Handicapping!$E$3:$E$18),0) -> 14 | AR4: =ROUND(_xlfn.XLOOKUP(AR3,Handicapping!$B$3:$B$18,Handicapping!$E$3:$E$18),0) -> 8 | AT4: =ROUND(_xlfn.XLOOKUP(AT3,Handicapping!$B$3:$B$18,Handicapping!$E$3:$E$18),0) -> 12 | AV4: =ROUND(_xlfn.XLOOKUP(AV3,Handicapping!$B$3:$B$18,Handicapping!$E$3:$E$18),0) -> 12 | AX4: =ROUND(_xlfn.XLOOKUP(AX3,Handicapping!$B$3:$B$18,Handicapping!$E$3:$E$18),0) -> 25 | AZ4: =ROUND(_xlfn.XLOOKUP(AZ3,Handicapping!$B$3:$B$18,Handicapping!$E$3:$E$18),0) -> 16 | BB4: =ROUND(_xlfn.XLOOKUP(BB3,Handicapping!$B$3:$B$18,Handicapping!$E$3:$E$18),0) -> 27 | BD4: =ROUND(_xlfn.XLOOKUP(BD3,Handicapping!$B$3:$B$18,Handicapping!$E$3:$E$18),0) -> 12 | BF4: =ROUND(_xlfn.XLOOKUP(BF3,Handicapping!$B$3:$B$18,Handicapping!$E$3:$E$18),0) -> 21 | BH4: =ROUND(_xlfn.XLOOKUP(BH3,Handicapping!$B$3:$B$18,Handicapping!$E$3:$E$18),0) -> 14 | BJ4: =ROUND(_xlfn.XLOOKUP(BJ3,Handicapping!$B$3:$B$18,Handicapping!$E$3:$E$18),0) -> 6 | BL4: =ROUND(_xlfn.XLOOKUP(BL3,Handicapping!$B$3:$B$18,Handicapping!$E$3:$E$18),0) -> 18 | BN4: =ROUND(_xlfn.XLOOKUP(BN3,Handicapping!$B$3:$B$18,Handicapping!$E$3:$E$18),0) -> 8 | BP4: =ROUND(_xlfn.XLOOKUP(BP3,Handicapping!$B$3:$B$18,Handicapping!$E$3:$E$18),0) -> 15 | BR4: =ROUND(_xlfn.XLOOKUP(BR3,Handicapping!$B$3:$B$18,Handicapping!$E$3:$E$18),0) -> 8 | BT4: =ROUND(_xlfn.XLOOKUP(BT3,Handicapping!$B$3:$B$18,Handicapping!$E$3:$E$18),0) -> 8 | BW4: Daily H'Cap | CA4: =ROUND(_xlfn.XLOOKUP(CA3,Handicapping!$B$3:$B$18,Handicapping!$E$3:$E$18),0) -> 14 | CC4: =ROUND(_xlfn.XLOOKUP(CC3,Handicapping!$B$3:$B$18,Handicapping!$E$3:$E$18),0) -> 8 | CE4: =ROUND(_xlfn.XLOOKUP(CE3,Handicapping!$B$3:$B$18,Handicapping!$E$3:$E$18),0) -> 12 | CG4: =ROUND(_xlfn.XLOOKUP(CG3,Handicapping!$B$3:$B$18,Handicapping!$E$3:$E$18),0) -> 12 | CI4: =ROUND(_xlfn.XLOOKUP(CI3,Handicapping!$B$3:$B$18,Handicapping!$E$3:$E$18),0) -> 25 | CK4: =ROUND(_xlfn.XLOOKUP(CK3,Handicapping!$B$3:$B$18,Handicapping!$E$3:$E$18),0) -> 16 | CM4: =ROUND(_xlfn.XLOOKUP(CM3,Handicapping!$B$3:$B$18,Handicapping!$E$3:$E$18),0) -> 27 | CO4: =ROUND(_xlfn.XLOOKUP(CO3,Handicapping!$B$3:$B$18,Handicapping!$E$3:$E$18),0) -> 12 | CQ4: =ROUND(_xlfn.XLOOKUP(CQ3,Handicapping!$B$3:$B$18,Handicapping!$E$3:$E$18),0) -> 21 | CS4: =ROUND(_xlfn.XLOOKUP(CS3,Handicapping!$B$3:$B$18,Handicapping!$E$3:$E$18),0) -> 14 | CU4: =ROUND(_xlfn.XLOOKUP(CU3,Handicapping!$B$3:$B$18,Handicapping!$E$3:$E$18),0) -> 6 | CW4: =ROUND(_xlfn.XLOOKUP(CW3,Handicapping!$B$3:$B$18,Handicapping!$E$3:$E$18),0) -> 18 | CY4: =ROUND(_xlfn.XLOOKUP(CY3,Handicapping!$B$3:$B$18,Handicapping!$E$3:$E$18),0) -> 8 | DA4: =ROUND(_xlfn.XLOOKUP(DA3,Handicapping!$B$3:$B$18,Handicapping!$E$3:$E$18),0) -> 15 | DC4: =ROUND(_xlfn.XLOOKUP(DC3,Handicapping!$B$3:$B$18,Handicapping!$E$3:$E$18),0) -> 8 | DE4: =ROUND(_xlfn.XLOOKUP(DE3,Handicapping!$B$3:$B$18,Handicapping!$E$3:$E$18),0) -> 8 | DH4: Daily H'Cap | DL4: =ROUND(_xlfn.XLOOKUP(DL3,Handicapping!$B$3:$B$18,Handicapping!$E$3:$E$18),0) -> 14 | DN4: =ROUND(_xlfn.XLOOKUP(DN3,Handicapping!$B$3:$B$18,Handicapping!$E$3:$E$18),0) -> 8 | DP4: =ROUND(_xlfn.XLOOKUP(DP3,Handicapping!$B$3:$B$18,Handicapping!$E$3:$E$18),0) -> 12 | DR4: =ROUND(_xlfn.XLOOKUP(DR3,Handicapping!$B$3:$B$18,Handicapping!$E$3:$E$18),0) -> 12 | DT4: =ROUND(_xlfn.XLOOKUP(DT3,Handicapping!$B$3:$B$18,Handicapping!$E$3:$E$18),0) -> 25 | DV4: =ROUND(_xlfn.XLOOKUP(DV3,Handicapping!$B$3:$B$18,Handicapping!$E$3:$E$18),0) -> 16 | DX4: =ROUND(_xlfn.XLOOKUP(DX3,Handicapping!$B$3:$B$18,Handicapping!$E$3:$E$18),0) -> 27 | DZ4: =ROUND(_xlfn.XLOOKUP(DZ3,Handicapping!$B$3:$B$18,Handicapping!$E$3:$E$18),0) -> 12 | EB4: =ROUND(_xlfn.XLOOKUP(EB3,Handicapping!$B$3:$B$18,Handicapping!$E$3:$E$18),0) -> 21 | ED4: =ROUND(_xlfn.XLOOKUP(ED3,Handicapping!$B$3:$B$18,Handicapping!$E$3:$E$18),0) -> 14 | EF4: =ROUND(_xlfn.XLOOKUP(EF3,Handicapping!$B$3:$B$18,Handicapping!$E$3:$E$18),0) -> 6 | EH4: =ROUND(_xlfn.XLOOKUP(EH3,Handicapping!$B$3:$B$18,Handicapping!$E$3:$E$18),0) -> 18 | EJ4: =ROUND(_xlfn.XLOOKUP(EJ3,Handicapping!$B$3:$B$18,Handicapping!$E$3:$E$18),0) -> 8 | EL4: =ROUND(_xlfn.XLOOKUP(EL3,Handicapping!$B$3:$B$18,Handicapping!$E$3:$E$18),0) -> 15 | EN4: =ROUND(_xlfn.XLOOKUP(EN3,Handicapping!$B$3:$B$18,Handicapping!$E$3:$E$18),0) -> 8 | EP4: =ROUND(_xlfn.XLOOKUP(EP3,Handicapping!$B$3:$B$18,Handicapping!$E$3:$E$18),0) -> 8 | ES4: Daily H'Cap | EW4: =ROUND(_xlfn.XLOOKUP(EW3,Handicapping!$B$3:$B$18,Handicapping!$E$3:$E$18),0) -> 14 | EY4: =ROUND(_xlfn.XLOOKUP(EY3,Handicapping!$B$3:$B$18,Handicapping!$E$3:$E$18),0) -> 8 | FA4: =ROUND(_xlfn.XLOOKUP(FA3,Handicapping!$B$3:$B$18,Handicapping!$E$3:$E$18),0) -> 12 | FC4: =ROUND(_xlfn.XLOOKUP(FC3,Handicapping!$B$3:$B$18,Handicapping!$E$3:$E$18),0) -> 12 | FE4: =ROUND(_xlfn.XLOOKUP(FE3,Handicapping!$B$3:$B$18,Handicapping!$E$3:$E$18),0) -> 25 | FG4: =ROUND(_xlfn.XLOOKUP(FG3,Handicapping!$B$3:$B$18,Handicapping!$E$3:$E$18),0) -> 16 | FI4: =ROUND(_xlfn.XLOOKUP(FI3,Handicapping!$B$3:$B$18,Handicapping!$E$3:$E$18),0) -> 27 | FK4: =ROUND(_xlfn.XLOOKUP(FK3,Handicapping!$B$3:$B$18,Handicapping!$E$3:$E$18),0) -> 12 | FM4: =ROUND(_xlfn.XLOOKUP(FM3,Handicapping!$B$3:$B$18,Handicapping!$E$3:$E$18),0) -> 21 | FO4: =ROUND(_xlfn.XLOOKUP(FO3,Handicapping!$B$3:$B$18,Handicapping!$E$3:$E$18),0) -> 14 | FQ4: =ROUND(_xlfn.XLOOKUP(FQ3,Handicapping!$B$3:$B$18,Handicapping!$E$3:$E$18),0) -> 6 | FS4: =ROUND(_xlfn.XLOOKUP(FS3,Handicapping!$B$3:$B$18,Handicapping!$E$3:$E$18),0) -> 18 | FU4: =ROUND(_xlfn.XLOOKUP(FU3,Handicapping!$B$3:$B$18,Handicapping!$E$3:$E$18),0) -> 8 | FW4: =ROUND(_xlfn.XLOOKUP(FW3,Handicapping!$B$3:$B$18,Handicapping!$E$3:$E$18),0) -> 15 | FY4: =ROUND(_xlfn.XLOOKUP(FY3,Handicapping!$B$3:$B$18,Handicapping!$E$3:$E$18),0) -> 8 | GA4: =ROUND(_xlfn.XLOOKUP(GA3,Handicapping!$B$3:$B$18,Handicapping!$E$3:$E$18),0) -> 8
A5: 1 | B5: 4 | C5: 16 | D5: =C5+18 -> 34 | F5: =IF(E5=0,0,MAX(0,IF(E$4>18,IF($D5<=E$4,2,1),IF($C5<=E$4,1,0))-E5+$B5+2)) -> 0 | H5: =IF(G5=0,0,MAX(0,IF(G$4>18,IF($D5<=G$4,2,1),IF($C5<=G$4,1,0))-G5+$B5+2)) -> 0 | J5: =IF(I5=0,0,MAX(0,IF(I$4>18,IF($D5<=I$4,2,1),IF($C5<=I$4,1,0))-I5+$B5+2)) -> 0 | L5: =IF(K5=0,0,MAX(0,IF(K$4>18,IF($D5<=K$4,2,1),IF($C5<=K$4,1,0))-K5+$B5+2)) -> 0 | N5: =IF(M5=0,0,MAX(0,IF(M$4>18,IF($D5<=M$4,2,1),IF($C5<=M$4,1,0))-M5+$B5+2)) -> 0 | P5: =IF(O5=0,0,MAX(0,IF(O$4>18,IF($D5<=O$4,2,1),IF($C5<=O$4,1,0))-O5+$B5+2)) -> 0 | R5: =IF(Q5=0,0,MAX(0,IF(Q$4>18,IF($D5<=Q$4,2,1),IF($C5<=Q$4,1,0))-Q5+$B5+2)) -> 0 | T5: =IF(S5=0,0,MAX(0,IF(S$4>18,IF($D5<=S$4,2,1),IF($C5<=S$4,1,0))-S5+$B5+2)) -> 0 | V5: =IF(U5=0,0,MAX(0,IF(U$4>18,IF($D5<=U$4,2,1),IF($C5<=U$4,1,0))-U5+$B5+2)) -> 0 | X5: =IF(W5=0,0,MAX(0,IF(W$4>18,IF($D5<=W$4,2,1),IF($C5<=W$4,1,0))-W5+$B5+2)) -> 0 | Z5: =IF(Y5=0,0,MAX(0,IF(Y$4>18,IF($D5<=Y$4,2,1),IF($C5<=Y$4,1,0))-Y5+$B5+2)) -> 0 | AB5: =IF(AA5=0,0,MAX(0,IF(AA$4>18,IF($D5<=AA$4,2,1),IF($C5<=AA$4,1,0))-AA5+$B5+2)) -> 0 | AD5: =IF(AC5=0,0,MAX(0,IF(AC$4>18,IF($D5<=AC$4,2,1),IF($C5<=AC$4,1,0))-AC5+$B5+2)) -> 0 | AF5: =IF(AE5=0,0,MAX(0,IF(AE$4>18,IF($D5<=AE$4,2,1),IF($C5<=AE$4,1,0))-AE5+$B5+2)) -> 0 | AH5: =IF(AG5=0,0,MAX(0,IF(AG$4>18,IF($D5<=AG$4,2,1),IF($C5<=AG$4,1,0))-AG5+$B5+2)) -> 0 | AJ5: =IF(AI5=0,0,MAX(0,IF(AI$4>18,IF($D5<=AI$4,2,1),IF($C5<=AI$4,1,0))-AI5+$B5+2)) -> 0 | AL5: 1 | AM5: 4 | AN5: 16 | AO5: =AN5+18 -> 34 | AQ5: =IF(AP5=0,0,MAX(0,IF(AP$4>18,IF($D5<=AP$4,2,1),IF($C5<=AP$4,1,0))-AP5+$B5+2)) -> 0 | AS5: =IF(AR5=0,0,MAX(0,IF(AR$4>18,IF($D5<=AR$4,2,1),IF($C5<=AR$4,1,0))-AR5+$B5+2)) -> 0 | AU5: =IF(AT5=0,0,MAX(0,IF(AT$4>18,IF($D5<=AT$4,2,1),IF($C5<=AT$4,1,0))-AT5+$B5+2)) -> 0 | AW5: =IF(AV5=0,0,MAX(0,IF(AV$4>18,IF($D5<=AV$4,2,1),IF($C5<=AV$4,1,0))-AV5+$B5+2)) -> 0 | AY5: =IF(AX5=0,0,MAX(0,IF(AX$4>18,IF($D5<=AX$4,2,1),IF($C5<=AX$4,1,0))-AX5+$B5+2)) -> 0 | BA5: =IF(AZ5=0,0,MAX(0,IF(AZ$4>18,IF($D5<=AZ$4,2,1),IF($C5<=AZ$4,1,0))-AZ5+$B5+2)) -> 0 | BC5: =IF(BB5=0,0,MAX(0,IF(BB$4>18,IF($D5<=BB$4,2,1),IF($C5<=BB$4,1,0))-BB5+$B5+2)) -> 0 | BE5: =IF(BD5=0,0,MAX(0,IF(BD$4>18,IF($D5<=BD$4,2,1),IF($C5<=BD$4,1,0))-BD5+$B5+2)) -> 0 | BG5: =IF(BF5=0,0,MAX(0,IF(BF$4>18,IF($D5<=BF$4,2,1),IF($C5<=BF$4,1,0))-BF5+$B5+2)) -> 0 | BI5: =IF(BH5=0,0,MAX(0,IF(BH$4>18,IF($D5<=BH$4,2,1),IF($C5<=BH$4,1,0))-BH5+$B5+2)) -> 0 | BK5: =IF(BJ5=0,0,MAX(0,IF(BJ$4>18,IF($D5<=BJ$4,2,1),IF($C5<=BJ$4,1,0))-BJ5+$B5+2)) -> 0 | BM5: =IF(BL5=0,0,MAX(0,IF(BL$4>18,IF($D5<=BL$4,2,1),IF($C5<=BL$4,1,0))-BL5+$B5+2)) -> 0 | BO5: =IF(BN5=0,0,MAX(0,IF(BN$4>18,IF($D5<=BN$4,2,1),IF($C5<=BN$4,1,0))-BN5+$B5+2)) -> 0 | BQ5: =IF(BP5=0,0,MAX(0,IF(BP$4>18,IF($D5<=BP$4,2,1),IF($C5<=BP$4,1,0))-BP5+$B5+2)) -> 0 | BS5: =IF(BR5=0,0,MAX(0,IF(BR$4>18,IF($D5<=BR$4,2,1),IF($C5<=BR$4,1,0))-BR5+$B5+2)) -> 0 | BU5: =IF(BT5=0,0,MAX(0,IF(BT$4>18,IF($D5<=BT$4,2,1),IF($C5<=BT$4,1,0))-BT5+$B5+2)) -> 0 | BW5: 1 | BX5: 4 | BY5: 16 | BZ5: =BY5+18 -> 34 | CB5: =IF(CA5=0,0,MAX(0,IF(CA$4>18,IF($D5<=CA$4,2,1),IF($C5<=CA$4,1,0))-CA5+$B5+2)) -> 0 | CD5: =IF(CC5=0,0,MAX(0,IF(CC$4>18,IF($D5<=CC$4,2,1),IF($C5<=CC$4,1,0))-CC5+$B5+2)) -> 0 | CF5: =IF(CE5=0,0,MAX(0,IF(CE$4>18,IF($D5<=CE$4,2,1),IF($C5<=CE$4,1,0))-CE5+$B5+2)) -> 0 | CH5: =IF(CG5=0,0,MAX(0,IF(CG$4>18,IF($D5<=CG$4,2,1),IF($C5<=CG$4,1,0))-CG5+$B5+2)) -> 0 | CJ5: =IF(CI5=0,0,MAX(0,IF(CI$4>18,IF($D5<=CI$4,2,1),IF($C5<=CI$4,1,0))-CI5+$B5+2)) -> 0 | CL5: =IF(CK5=0,0,MAX(0,IF(CK$4>18,IF($D5<=CK$4,2,1),IF($C5<=CK$4,1,0))-CK5+$B5+2)) -> 0 | CN5: =IF(CM5=0,0,MAX(0,IF(CM$4>18,IF($D5<=CM$4,2,1),IF($C5<=CM$4,1,0))-CM5+$B5+2)) -> 0 | CP5: =IF(CO5=0,0,MAX(0,IF(CO$4>18,IF($D5<=CO$4,2,1),IF($C5<=CO$4,1,0))-CO5+$B5+2)) -> 0 | CR5: =IF(CQ5=0,0,MAX(0,IF(CQ$4>18,IF($D5<=CQ$4,2,1),IF($C5<=CQ$4,1,0))-CQ5+$B5+2)) -> 0 | CT5: =IF(CS5=0,0,MAX(0,IF(CS$4>18,IF($D5<=CS$4,2,1),IF($C5<=CS$4,1,0))-CS5+$B5+2)) -> 0 | CV5: =IF(CU5=0,0,MAX(0,IF(CU$4>18,IF($D5<=CU$4,2,1),IF($C5<=CU$4,1,0))-CU5+$B5+2)) -> 0 | CX5: =IF(CW5=0,0,MAX(0,IF(CW$4>18,IF($D5<=CW$4,2,1),IF($C5<=CW$4,1,0))-CW5+$B5+2)) -> 0 | CZ5: =IF(CY5=0,0,MAX(0,IF(CY$4>18,IF($D5<=CY$4,2,1),IF($C5<=CY$4,1,0))-CY5+$B5+2)) -> 0 | DB5: =IF(DA5=0,0,MAX(0,IF(DA$4>18,IF($D5<=DA$4,2,1),IF($C5<=DA$4,1,0))-DA5+$B5+2)) -> 0 | DD5: =IF(DC5=0,0,MAX(0,IF(DC$4>18,IF($D5<=DC$4,2,1),IF($C5<=DC$4,1,0))-DC5+$B5+2)) -> 0 | DF5: =IF(DE5=0,0,MAX(0,IF(DE$4>18,IF($D5<=DE$4,2,1),IF($C5<=DE$4,1,0))-DE5+$B5+2)) -> 0 | DH5: 1 | DI5: 4 | DJ5: 16 | DK5: =DJ5+18 -> 34 | DM5: =IF(DL5=0,0,MAX(0,IF(DL$4>18,IF($D5<=DL$4,2,1),IF($C5<=DL$4,1,0))-DL5+$B5+2)) -> 0 | DO5: =IF(DN5=0,0,MAX(0,IF(DN$4>18,IF($D5<=DN$4,2,1),IF($C5<=DN$4,1,0))-DN5+$B5+2)) -> 0 | DQ5: =IF(DP5=0,0,MAX(0,IF(DP$4>18,IF($D5<=DP$4,2,1),IF($C5<=DP$4,1,0))-DP5+$B5+2)) -> 0 | DS5: =IF(DR5=0,0,MAX(0,IF(DR$4>18,IF($D5<=DR$4,2,1),IF($C5<=DR$4,1,0))-DR5+$B5+2)) -> 0 | DU5: =IF(DT5=0,0,MAX(0,IF(DT$4>18,IF($D5<=DT$4,2,1),IF($C5<=DT$4,1,0))-DT5+$B5+2)) -> 0 | DW5: =IF(DV5=0,0,MAX(0,IF(DV$4>18,IF($D5<=DV$4,2,1),IF($C5<=DV$4,1,0))-DV5+$B5+2)) -> 0 | DY5: =IF(DX5=0,0,MAX(0,IF(DX$4>18,IF($D5<=DX$4,2,1),IF($C5<=DX$4,1,0))-DX5+$B5+2)) -> 0 | EA5: =IF(DZ5=0,0,MAX(0,IF(DZ$4>18,IF($D5<=DZ$4,2,1),IF($C5<=DZ$4,1,0))-DZ5+$B5+2)) -> 0 | EC5: =IF(EB5=0,0,MAX(0,IF(EB$4>18,IF($D5<=EB$4,2,1),IF($C5<=EB$4,1,0))-EB5+$B5+2)) -> 0 | EE5: =IF(ED5=0,0,MAX(0,IF(ED$4>18,IF($D5<=ED$4,2,1),IF($C5<=ED$4,1,0))-ED5+$B5+2)) -> 0 | EG5: =IF(EF5=0,0,MAX(0,IF(EF$4>18,IF($D5<=EF$4,2,1),IF($C5<=EF$4,1,0))-EF5+$B5+2)) -> 0 | EI5: =IF(EH5=0,0,MAX(0,IF(EH$4>18,IF($D5<=EH$4,2,1),IF($C5<=EH$4,1,0))-EH5+$B5+2)) -> 0 | EK5: =IF(EJ5=0,0,MAX(0,IF(EJ$4>18,IF($D5<=EJ$4,2,1),IF($C5<=EJ$4,1,0))-EJ5+$B5+2)) -> 0 | EM5: =IF(EL5=0,0,MAX(0,IF(EL$4>18,IF($D5<=EL$4,2,1),IF($C5<=EL$4,1,0))-EL5+$B5+2)) -> 0 | EO5: =IF(EN5=0,0,MAX(0,IF(EN$4>18,IF($D5<=EN$4,2,1),IF($C5<=EN$4,1,0))-EN5+$B5+2)) -> 0 | EQ5: =IF(EP5=0,0,MAX(0,IF(EP$4>18,IF($D5<=EP$4,2,1),IF($C5<=EP$4,1,0))-EP5+$B5+2)) -> 0 | ES5: 1 | ET5: 4 | EU5: 16 | EV5: =EU5+18 -> 34 | EX5: =IF(EW5=0,0,MAX(0,IF(EW$4>18,IF($D5<=EW$4,2,1),IF($C5<=EW$4,1,0))-EW5+$B5+2)) -> 0 | EZ5: =IF(EY5=0,0,MAX(0,IF(EY$4>18,IF($D5<=EY$4,2,1),IF($C5<=EY$4,1,0))-EY5+$B5+2)) -> 0 | FB5: =IF(FA5=0,0,MAX(0,IF(FA$4>18,IF($D5<=FA$4,2,1),IF($C5<=FA$4,1,0))-FA5+$B5+2)) -> 0 | FD5: =IF(FC5=0,0,MAX(0,IF(FC$4>18,IF($D5<=FC$4,2,1),IF($C5<=FC$4,1,0))-FC5+$B5+2)) -> 0 | FF5: =IF(FE5=0,0,MAX(0,IF(FE$4>18,IF($D5<=FE$4,2,1),IF($C5<=FE$4,1,0))-FE5+$B5+2)) -> 0 | FH5: =IF(FG5=0,0,MAX(0,IF(FG$4>18,IF($D5<=FG$4,2,1),IF($C5<=FG$4,1,0))-FG5+$B5+2)) -> 0 | FJ5: =IF(FI5=0,0,MAX(0,IF(FI$4>18,IF($D5<=FI$4,2,1),IF($C5<=FI$4,1,0))-FI5+$B5+2)) -> 0 | FL5: =IF(FK5=0,0,MAX(0,IF(FK$4>18,IF($D5<=FK$4,2,1),IF($C5<=FK$4,1,0))-FK5+$B5+2)) -> 0 | FN5: =IF(FM5=0,0,MAX(0,IF(FM$4>18,IF($D5<=FM$4,2,1),IF($C5<=FM$4,1,0))-FM5+$B5+2)) -> 0 | FP5: =IF(FO5=0,0,MAX(0,IF(FO$4>18,IF($D5<=FO$4,2,1),IF($C5<=FO$4,1,0))-FO5+$B5+2)) -> 0 | FR5: =IF(FQ5=0,0,MAX(0,IF(FQ$4>18,IF($D5<=FQ$4,2,1),IF($C5<=FQ$4,1,0))-FQ5+$B5+2)) -> 0 | FT5: =IF(FS5=0,0,MAX(0,IF(FS$4>18,IF($D5<=FS$4,2,1),IF($C5<=FS$4,1,0))-FS5+$B5+2)) -> 0 | FV5: =IF(FU5=0,0,MAX(0,IF(FU$4>18,IF($D5<=FU$4,2,1),IF($C5<=FU$4,1,0))-FU5+$B5+2)) -> 0 | FX5: =IF(FW5=0,0,MAX(0,IF(FW$4>18,IF($D5<=FW$4,2,1),IF($C5<=FW$4,1,0))-FW5+$B5+2)) -> 0 | FZ5: =IF(FY5=0,0,MAX(0,IF(FY$4>18,IF($D5<=FY$4,2,1),IF($C5<=FY$4,1,0))-FY5+$B5+2)) -> 0 | GB5: =IF(GA5=0,0,MAX(0,IF(GA$4>18,IF($D5<=GA$4,2,1),IF($C5<=GA$4,1,0))-GA5+$B5+2)) -> 0
A6: 2 | B6: 4 | C6: 10 | D6: =C6+18 -> 28 | F6: =IF(E6=0,0,MAX(0,IF(E$4>18,IF($D6<=E$4,2,1),IF($C6<=E$4,1,0))-E6+$B6+2)) -> 0 | H6: =IF(G6=0,0,MAX(0,IF(G$4>18,IF($D6<=G$4,2,1),IF($C6<=G$4,1,0))-G6+$B6+2)) -> 0 | J6: =IF(I6=0,0,MAX(0,IF(I$4>18,IF($D6<=I$4,2,1),IF($C6<=I$4,1,0))-I6+$B6+2)) -> 0 | L6: =IF(K6=0,0,MAX(0,IF(K$4>18,IF($D6<=K$4,2,1),IF($C6<=K$4,1,0))-K6+$B6+2)) -> 0 | N6: =IF(M6=0,0,MAX(0,IF(M$4>18,IF($D6<=M$4,2,1),IF($C6<=M$4,1,0))-M6+$B6+2)) -> 0 | P6: =IF(O6=0,0,MAX(0,IF(O$4>18,IF($D6<=O$4,2,1),IF($C6<=O$4,1,0))-O6+$B6+2)) -> 0 | R6: =IF(Q6=0,0,MAX(0,IF(Q$4>18,IF($D6<=Q$4,2,1),IF($C6<=Q$4,1,0))-Q6+$B6+2)) -> 0 | T6: =IF(S6=0,0,MAX(0,IF(S$4>18,IF($D6<=S$4,2,1),IF($C6<=S$4,1,0))-S6+$B6+2)) -> 0 | V6: =IF(U6=0,0,MAX(0,IF(U$4>18,IF($D6<=U$4,2,1),IF($C6<=U$4,1,0))-U6+$B6+2)) -> 0 | X6: =IF(W6=0,0,MAX(0,IF(W$4>18,IF($D6<=W$4,2,1),IF($C6<=W$4,1,0))-W6+$B6+2)) -> 0 | Z6: =IF(Y6=0,0,MAX(0,IF(Y$4>18,IF($D6<=Y$4,2,1),IF($C6<=Y$4,1,0))-Y6+$B6+2)) -> 0 | AB6: =IF(AA6=0,0,MAX(0,IF(AA$4>18,IF($D6<=AA$4,2,1),IF($C6<=AA$4,1,0))-AA6+$B6+2)) -> 0 | AD6: =IF(AC6=0,0,MAX(0,IF(AC$4>18,IF($D6<=AC$4,2,1),IF($C6<=AC$4,1,0))-AC6+$B6+2)) -> 0 | AF6: =IF(AE6=0,0,MAX(0,IF(AE$4>18,IF($D6<=AE$4,2,1),IF($C6<=AE$4,1,0))-AE6+$B6+2)) -> 0 | AH6: =IF(AG6=0,0,MAX(0,IF(AG$4>18,IF($D6<=AG$4,2,1),IF($C6<=AG$4,1,0))-AG6+$B6+2)) -> 0 | AJ6: =IF(AI6=0,0,MAX(0,IF(AI$4>18,IF($D6<=AI$4,2,1),IF($C6<=AI$4,1,0))-AI6+$B6+2)) -> 0 | AL6: 2 | AM6: 4 | AN6: 10 | AO6: =AN6+18 -> 28 | AQ6: =IF(AP6=0,0,MAX(0,IF(AP$4>18,IF($D6<=AP$4,2,1),IF($C6<=AP$4,1,0))-AP6+$B6+2)) -> 0 | AS6: =IF(AR6=0,0,MAX(0,IF(AR$4>18,IF($D6<=AR$4,2,1),IF($C6<=AR$4,1,0))-AR6+$B6+2)) -> 0 | AU6: =IF(AT6=0,0,MAX(0,IF(AT$4>18,IF($D6<=AT$4,2,1),IF($C6<=AT$4,1,0))-AT6+$B6+2)) -> 0 | AW6: =IF(AV6=0,0,MAX(0,IF(AV$4>18,IF($D6<=AV$4,2,1),IF($C6<=AV$4,1,0))-AV6+$B6+2)) -> 0 | AY6: =IF(AX6=0,0,MAX(0,IF(AX$4>18,IF($D6<=AX$4,2,1),IF($C6<=AX$4,1,0))-AX6+$B6+2)) -> 0 | BA6: =IF(AZ6=0,0,MAX(0,IF(AZ$4>18,IF($D6<=AZ$4,2,1),IF($C6<=AZ$4,1,0))-AZ6+$B6+2)) -> 0 | BC6: =IF(BB6=0,0,MAX(0,IF(BB$4>18,IF($D6<=BB$4,2,1),IF($C6<=BB$4,1,0))-BB6+$B6+2)) -> 0 | BE6: =IF(BD6=0,0,MAX(0,IF(BD$4>18,IF($D6<=BD$4,2,1),IF($C6<=BD$4,1,0))-BD6+$B6+2)) -> 0 | BG6: =IF(BF6=0,0,MAX(0,IF(BF$4>18,IF($D6<=BF$4,2,1),IF($C6<=BF$4,1,0))-BF6+$B6+2)) -> 0 | BI6: =IF(BH6=0,0,MAX(0,IF(BH$4>18,IF($D6<=BH$4,2,1),IF($C6<=BH$4,1,0))-BH6+$B6+2)) -> 0 | BK6: =IF(BJ6=0,0,MAX(0,IF(BJ$4>18,IF($D6<=BJ$4,2,1),IF($C6<=BJ$4,1,0))-BJ6+$B6+2)) -> 0 | BM6: =IF(BL6=0,0,MAX(0,IF(BL$4>18,IF($D6<=BL$4,2,1),IF($C6<=BL$4,1,0))-BL6+$B6+2)) -> 0 | BO6: =IF(BN6=0,0,MAX(0,IF(BN$4>18,IF($D6<=BN$4,2,1),IF($C6<=BN$4,1,0))-BN6+$B6+2)) -> 0 | BQ6: =IF(BP6=0,0,MAX(0,IF(BP$4>18,IF($D6<=BP$4,2,1),IF($C6<=BP$4,1,0))-BP6+$B6+2)) -> 0 | BS6: =IF(BR6=0,0,MAX(0,IF(BR$4>18,IF($D6<=BR$4,2,1),IF($C6<=BR$4,1,0))-BR6+$B6+2)) -> 0 | BU6: =IF(BT6=0,0,MAX(0,IF(BT$4>18,IF($D6<=BT$4,2,1),IF($C6<=BT$4,1,0))-BT6+$B6+2)) -> 0 | BW6: 2 | BX6: 4 | BY6: 10 | BZ6: =BY6+18 -> 28 | CB6: =IF(CA6=0,0,MAX(0,IF(CA$4>18,IF($D6<=CA$4,2,1),IF($C6<=CA$4,1,0))-CA6+$B6+2)) -> 0 | CD6: =IF(CC6=0,0,MAX(0,IF(CC$4>18,IF($D6<=CC$4,2,1),IF($C6<=CC$4,1,0))-CC6+$B6+2)) -> 0 | CF6: =IF(CE6=0,0,MAX(0,IF(CE$4>18,IF($D6<=CE$4,2,1),IF($C6<=CE$4,1,0))-CE6+$B6+2)) -> 0 | CH6: =IF(CG6=0,0,MAX(0,IF(CG$4>18,IF($D6<=CG$4,2,1),IF($C6<=CG$4,1,0))-CG6+$B6+2)) -> 0 | CJ6: =IF(CI6=0,0,MAX(0,IF(CI$4>18,IF($D6<=CI$4,2,1),IF($C6<=CI$4,1,0))-CI6+$B6+2)) -> 0 | CL6: =IF(CK6=0,0,MAX(0,IF(CK$4>18,IF($D6<=CK$4,2,1),IF($C6<=CK$4,1,0))-CK6+$B6+2)) -> 0 | CN6: =IF(CM6=0,0,MAX(0,IF(CM$4>18,IF($D6<=CM$4,2,1),IF($C6<=CM$4,1,0))-CM6+$B6+2)) -> 0 | CP6: =IF(CO6=0,0,MAX(0,IF(CO$4>18,IF($D6<=CO$4,2,1),IF($C6<=CO$4,1,0))-CO6+$B6+2)) -> 0 | CR6: =IF(CQ6=0,0,MAX(0,IF(CQ$4>18,IF($D6<=CQ$4,2,1),IF($C6<=CQ$4,1,0))-CQ6+$B6+2)) -> 0 | CT6: =IF(CS6=0,0,MAX(0,IF(CS$4>18,IF($D6<=CS$4,2,1),IF($C6<=CS$4,1,0))-CS6+$B6+2)) -> 0 | CV6: =IF(CU6=0,0,MAX(0,IF(CU$4>18,IF($D6<=CU$4,2,1),IF($C6<=CU$4,1,0))-CU6+$B6+2)) -> 0 | CX6: =IF(CW6=0,0,MAX(0,IF(CW$4>18,IF($D6<=CW$4,2,1),IF($C6<=CW$4,1,0))-CW6+$B6+2)) -> 0 | CZ6: =IF(CY6=0,0,MAX(0,IF(CY$4>18,IF($D6<=CY$4,2,1),IF($C6<=CY$4,1,0))-CY6+$B6+2)) -> 0 | DB6: =IF(DA6=0,0,MAX(0,IF(DA$4>18,IF($D6<=DA$4,2,1),IF($C6<=DA$4,1,0))-DA6+$B6+2)) -> 0 | DD6: =IF(DC6=0,0,MAX(0,IF(DC$4>18,IF($D6<=DC$4,2,1),IF($C6<=DC$4,1,0))-DC6+$B6+2)) -> 0 | DF6: =IF(DE6=0,0,MAX(0,IF(DE$4>18,IF($D6<=DE$4,2,1),IF($C6<=DE$4,1,0))-DE6+$B6+2)) -> 0 | DH6: 2 | DI6: 4 | DJ6: 10 | DK6: =DJ6+18 -> 28 | DM6: =IF(DL6=0,0,MAX(0,IF(DL$4>18,IF($D6<=DL$4,2,1),IF($C6<=DL$4,1,0))-DL6+$B6+2)) -> 0 | DO6: =IF(DN6=0,0,MAX(0,IF(DN$4>18,IF($D6<=DN$4,2,1),IF($C6<=DN$4,1,0))-DN6+$B6+2)) -> 0 | DQ6: =IF(DP6=0,0,MAX(0,IF(DP$4>18,IF($D6<=DP$4,2,1),IF($C6<=DP$4,1,0))-DP6+$B6+2)) -> 0 | DS6: =IF(DR6=0,0,MAX(0,IF(DR$4>18,IF($D6<=DR$4,2,1),IF($C6<=DR$4,1,0))-DR6+$B6+2)) -> 0 | DU6: =IF(DT6=0,0,MAX(0,IF(DT$4>18,IF($D6<=DT$4,2,1),IF($C6<=DT$4,1,0))-DT6+$B6+2)) -> 0 | DW6: =IF(DV6=0,0,MAX(0,IF(DV$4>18,IF($D6<=DV$4,2,1),IF($C6<=DV$4,1,0))-DV6+$B6+2)) -> 0 | DY6: =IF(DX6=0,0,MAX(0,IF(DX$4>18,IF($D6<=DX$4,2,1),IF($C6<=DX$4,1,0))-DX6+$B6+2)) -> 0 | EA6: =IF(DZ6=0,0,MAX(0,IF(DZ$4>18,IF($D6<=DZ$4,2,1),IF($C6<=DZ$4,1,0))-DZ6+$B6+2)) -> 0 | EC6: =IF(EB6=0,0,MAX(0,IF(EB$4>18,IF($D6<=EB$4,2,1),IF($C6<=EB$4,1,0))-EB6+$B6+2)) -> 0 | EE6: =IF(ED6=0,0,MAX(0,IF(ED$4>18,IF($D6<=ED$4,2,1),IF($C6<=ED$4,1,0))-ED6+$B6+2)) -> 0 | EG6: =IF(EF6=0,0,MAX(0,IF(EF$4>18,IF($D6<=EF$4,2,1),IF($C6<=EF$4,1,0))-EF6+$B6+2)) -> 0 | EI6: =IF(EH6=0,0,MAX(0,IF(EH$4>18,IF($D6<=EH$4,2,1),IF($C6<=EH$4,1,0))-EH6+$B6+2)) -> 0 | EK6: =IF(EJ6=0,0,MAX(0,IF(EJ$4>18,IF($D6<=EJ$4,2,1),IF($C6<=EJ$4,1,0))-EJ6+$B6+2)) -> 0 | EM6: =IF(EL6=0,0,MAX(0,IF(EL$4>18,IF($D6<=EL$4,2,1),IF($C6<=EL$4,1,0))-EL6+$B6+2)) -> 0 | EO6: =IF(EN6=0,0,MAX(0,IF(EN$4>18,IF($D6<=EN$4,2,1),IF($C6<=EN$4,1,0))-EN6+$B6+2)) -> 0 | EQ6: =IF(EP6=0,0,MAX(0,IF(EP$4>18,IF($D6<=EP$4,2,1),IF($C6<=EP$4,1,0))-EP6+$B6+2)) -> 0 | ES6: 2 | ET6: 4 | EU6: 10 | EV6: =EU6+18 -> 28 | EX6: =IF(EW6=0,0,MAX(0,IF(EW$4>18,IF($D6<=EW$4,2,1),IF($C6<=EW$4,1,0))-EW6+$B6+2)) -> 0 | EZ6: =IF(EY6=0,0,MAX(0,IF(EY$4>18,IF($D6<=EY$4,2,1),IF($C6<=EY$4,1,0))-EY6+$B6+2)) -> 0 | FB6: =IF(FA6=0,0,MAX(0,IF(FA$4>18,IF($D6<=FA$4,2,1),IF($C6<=FA$4,1,0))-FA6+$B6+2)) -> 0 | FD6: =IF(FC6=0,0,MAX(0,IF(FC$4>18,IF($D6<=FC$4,2,1),IF($C6<=FC$4,1,0))-FC6+$B6+2)) -> 0 | FF6: =IF(FE6=0,0,MAX(0,IF(FE$4>18,IF($D6<=FE$4,2,1),IF($C6<=FE$4,1,0))-FE6+$B6+2)) -> 0 | FH6: =IF(FG6=0,0,MAX(0,IF(FG$4>18,IF($D6<=FG$4,2,1),IF($C6<=FG$4,1,0))-FG6+$B6+2)) -> 0 | FJ6: =IF(FI6=0,0,MAX(0,IF(FI$4>18,IF($D6<=FI$4,2,1),IF($C6<=FI$4,1,0))-FI6+$B6+2)) -> 0 | FL6: =IF(FK6=0,0,MAX(0,IF(FK$4>18,IF($D6<=FK$4,2,1),IF($C6<=FK$4,1,0))-FK6+$B6+2)) -> 0 | FN6: =IF(FM6=0,0,MAX(0,IF(FM$4>18,IF($D6<=FM$4,2,1),IF($C6<=FM$4,1,0))-FM6+$B6+2)) -> 0 | FP6: =IF(FO6=0,0,MAX(0,IF(FO$4>18,IF($D6<=FO$4,2,1),IF($C6<=FO$4,1,0))-FO6+$B6+2)) -> 0 | FR6: =IF(FQ6=0,0,MAX(0,IF(FQ$4>18,IF($D6<=FQ$4,2,1),IF($C6<=FQ$4,1,0))-FQ6+$B6+2)) -> 0 | FT6: =IF(FS6=0,0,MAX(0,IF(FS$4>18,IF($D6<=FS$4,2,1),IF($C6<=FS$4,1,0))-FS6+$B6+2)) -> 0 | FV6: =IF(FU6=0,0,MAX(0,IF(FU$4>18,IF($D6<=FU$4,2,1),IF($C6<=FU$4,1,0))-FU6+$B6+2)) -> 0 | FX6: =IF(FW6=0,0,MAX(0,IF(FW$4>18,IF($D6<=FW$4,2,1),IF($C6<=FW$4,1,0))-FW6+$B6+2)) -> 0 | FZ6: =IF(FY6=0,0,MAX(0,IF(FY$4>18,IF($D6<=FY$4,2,1),IF($C6<=FY$4,1,0))-FY6+$B6+2)) -> 0 | GB6: =IF(GA6=0,0,MAX(0,IF(GA$4>18,IF($D6<=GA$4,2,1),IF($C6<=GA$4,1,0))-GA6+$B6+2)) -> 0
A7: 3 | B7: 4 | C7: 2 | D7: =C7+18 -> 20 | F7: =IF(E7=0,0,MAX(0,IF(E$4>18,IF($D7<=E$4,2,1),IF($C7<=E$4,1,0))-E7+$B7+2)) -> 0 | H7: =IF(G7=0,0,MAX(0,IF(G$4>18,IF($D7<=G$4,2,1),IF($C7<=G$4,1,0))-G7+$B7+2)) -> 0 | J7: =IF(I7=0,0,MAX(0,IF(I$4>18,IF($D7<=I$4,2,1),IF($C7<=I$4,1,0))-I7+$B7+2)) -> 0 | L7: =IF(K7=0,0,MAX(0,IF(K$4>18,IF($D7<=K$4,2,1),IF($C7<=K$4,1,0))-K7+$B7+2)) -> 0 | N7: =IF(M7=0,0,MAX(0,IF(M$4>18,IF($D7<=M$4,2,1),IF($C7<=M$4,1,0))-M7+$B7+2)) -> 0 | P7: =IF(O7=0,0,MAX(0,IF(O$4>18,IF($D7<=O$4,2,1),IF($C7<=O$4,1,0))-O7+$B7+2)) -> 0 | R7: =IF(Q7=0,0,MAX(0,IF(Q$4>18,IF($D7<=Q$4,2,1),IF($C7<=Q$4,1,0))-Q7+$B7+2)) -> 0 | T7: =IF(S7=0,0,MAX(0,IF(S$4>18,IF($D7<=S$4,2,1),IF($C7<=S$4,1,0))-S7+$B7+2)) -> 0 | V7: =IF(U7=0,0,MAX(0,IF(U$4>18,IF($D7<=U$4,2,1),IF($C7<=U$4,1,0))-U7+$B7+2)) -> 0 | X7: =IF(W7=0,0,MAX(0,IF(W$4>18,IF($D7<=W$4,2,1),IF($C7<=W$4,1,0))-W7+$B7+2)) -> 0 | Z7: =IF(Y7=0,0,MAX(0,IF(Y$4>18,IF($D7<=Y$4,2,1),IF($C7<=Y$4,1,0))-Y7+$B7+2)) -> 0 | AB7: =IF(AA7=0,0,MAX(0,IF(AA$4>18,IF($D7<=AA$4,2,1),IF($C7<=AA$4,1,0))-AA7+$B7+2)) -> 0 | AD7: =IF(AC7=0,0,MAX(0,IF(AC$4>18,IF($D7<=AC$4,2,1),IF($C7<=AC$4,1,0))-AC7+$B7+2)) -> 0 | AF7: =IF(AE7=0,0,MAX(0,IF(AE$4>18,IF($D7<=AE$4,2,1),IF($C7<=AE$4,1,0))-AE7+$B7+2)) -> 0 | AH7: =IF(AG7=0,0,MAX(0,IF(AG$4>18,IF($D7<=AG$4,2,1),IF($C7<=AG$4,1,0))-AG7+$B7+2)) -> 0 | AJ7: =IF(AI7=0,0,MAX(0,IF(AI$4>18,IF($D7<=AI$4,2,1),IF($C7<=AI$4,1,0))-AI7+$B7+2)) -> 0 | AL7: 3 | AM7: 4 | AN7: 2 | AO7: =AN7+18 -> 20 | AQ7: =IF(AP7=0,0,MAX(0,IF(AP$4>18,IF($D7<=AP$4,2,1),IF($C7<=AP$4,1,0))-AP7+$B7+2)) -> 0 | AS7: =IF(AR7=0,0,MAX(0,IF(AR$4>18,IF($D7<=AR$4,2,1),IF($C7<=AR$4,1,0))-AR7+$B7+2)) -> 0 | AU7: =IF(AT7=0,0,MAX(0,IF(AT$4>18,IF($D7<=AT$4,2,1),IF($C7<=AT$4,1,0))-AT7+$B7+2)) -> 0 | AW7: =IF(AV7=0,0,MAX(0,IF(AV$4>18,IF($D7<=AV$4,2,1),IF($C7<=AV$4,1,0))-AV7+$B7+2)) -> 0 | AY7: =IF(AX7=0,0,MAX(0,IF(AX$4>18,IF($D7<=AX$4,2,1),IF($C7<=AX$4,1,0))-AX7+$B7+2)) -> 0 | BA7: =IF(AZ7=0,0,MAX(0,IF(AZ$4>18,IF($D7<=AZ$4,2,1),IF($C7<=AZ$4,1,0))-AZ7+$B7+2)) -> 0 | BC7: =IF(BB7=0,0,MAX(0,IF(BB$4>18,IF($D7<=BB$4,2,1),IF($C7<=BB$4,1,0))-BB7+$B7+2)) -> 0 | BE7: =IF(BD7=0,0,MAX(0,IF(BD$4>18,IF($D7<=BD$4,2,1),IF($C7<=BD$4,1,0))-BD7+$B7+2)) -> 0 | BG7: =IF(BF7=0,0,MAX(0,IF(BF$4>18,IF($D7<=BF$4,2,1),IF($C7<=BF$4,1,0))-BF7+$B7+2)) -> 0 | BI7: =IF(BH7=0,0,MAX(0,IF(BH$4>18,IF($D7<=BH$4,2,1),IF($C7<=BH$4,1,0))-BH7+$B7+2)) -> 0 | BK7: =IF(BJ7=0,0,MAX(0,IF(BJ$4>18,IF($D7<=BJ$4,2,1),IF($C7<=BJ$4,1,0))-BJ7+$B7+2)) -> 0 | BM7: =IF(BL7=0,0,MAX(0,IF(BL$4>18,IF($D7<=BL$4,2,1),IF($C7<=BL$4,1,0))-BL7+$B7+2)) -> 0 | BO7: =IF(BN7=0,0,MAX(0,IF(BN$4>18,IF($D7<=BN$4,2,1),IF($C7<=BN$4,1,0))-BN7+$B7+2)) -> 0 | BQ7: =IF(BP7=0,0,MAX(0,IF(BP$4>18,IF($D7<=BP$4,2,1),IF($C7<=BP$4,1,0))-BP7+$B7+2)) -> 0 | BS7: =IF(BR7=0,0,MAX(0,IF(BR$4>18,IF($D7<=BR$4,2,1),IF($C7<=BR$4,1,0))-BR7+$B7+2)) -> 0 | BU7: =IF(BT7=0,0,MAX(0,IF(BT$4>18,IF($D7<=BT$4,2,1),IF($C7<=BT$4,1,0))-BT7+$B7+2)) -> 0 | BW7: 3 | BX7: 4 | BY7: 2 | BZ7: =BY7+18 -> 20 | CB7: =IF(CA7=0,0,MAX(0,IF(CA$4>18,IF($D7<=CA$4,2,1),IF($C7<=CA$4,1,0))-CA7+$B7+2)) -> 0 | CD7: =IF(CC7=0,0,MAX(0,IF(CC$4>18,IF($D7<=CC$4,2,1),IF($C7<=CC$4,1,0))-CC7+$B7+2)) -> 0 | CF7: =IF(CE7=0,0,MAX(0,IF(CE$4>18,IF($D7<=CE$4,2,1),IF($C7<=CE$4,1,0))-CE7+$B7+2)) -> 0 | CH7: =IF(CG7=0,0,MAX(0,IF(CG$4>18,IF($D7<=CG$4,2,1),IF($C7<=CG$4,1,0))-CG7+$B7+2)) -> 0 | CJ7: =IF(CI7=0,0,MAX(0,IF(CI$4>18,IF($D7<=CI$4,2,1),IF($C7<=CI$4,1,0))-CI7+$B7+2)) -> 0 | CL7: =IF(CK7=0,0,MAX(0,IF(CK$4>18,IF($D7<=CK$4,2,1),IF($C7<=CK$4,1,0))-CK7+$B7+2)) -> 0 | CN7: =IF(CM7=0,0,MAX(0,IF(CM$4>18,IF($D7<=CM$4,2,1),IF($C7<=CM$4,1,0))-CM7+$B7+2)) -> 0 | CP7: =IF(CO7=0,0,MAX(0,IF(CO$4>18,IF($D7<=CO$4,2,1),IF($C7<=CO$4,1,0))-CO7+$B7+2)) -> 0 | CR7: =IF(CQ7=0,0,MAX(0,IF(CQ$4>18,IF($D7<=CQ$4,2,1),IF($C7<=CQ$4,1,0))-CQ7+$B7+2)) -> 0 | CT7: =IF(CS7=0,0,MAX(0,IF(CS$4>18,IF($D7<=CS$4,2,1),IF($C7<=CS$4,1,0))-CS7+$B7+2)) -> 0 | CV7: =IF(CU7=0,0,MAX(0,IF(CU$4>18,IF($D7<=CU$4,2,1),IF($C7<=CU$4,1,0))-CU7+$B7+2)) -> 0 | CX7: =IF(CW7=0,0,MAX(0,IF(CW$4>18,IF($D7<=CW$4,2,1),IF($C7<=CW$4,1,0))-CW7+$B7+2)) -> 0 | CZ7: =IF(CY7=0,0,MAX(0,IF(CY$4>18,IF($D7<=CY$4,2,1),IF($C7<=CY$4,1,0))-CY7+$B7+2)) -> 0 | DB7: =IF(DA7=0,0,MAX(0,IF(DA$4>18,IF($D7<=DA$4,2,1),IF($C7<=DA$4,1,0))-DA7+$B7+2)) -> 0 | DD7: =IF(DC7=0,0,MAX(0,IF(DC$4>18,IF($D7<=DC$4,2,1),IF($C7<=DC$4,1,0))-DC7+$B7+2)) -> 0 | DF7: =IF(DE7=0,0,MAX(0,IF(DE$4>18,IF($D7<=DE$4,2,1),IF($C7<=DE$4,1,0))-DE7+$B7+2)) -> 0 | DH7: 3 | DI7: 4 | DJ7: 2 | DK7: =DJ7+18 -> 20 | DM7: =IF(DL7=0,0,MAX(0,IF(DL$4>18,IF($D7<=DL$4,2,1),IF($C7<=DL$4,1,0))-DL7+$B7+2)) -> 0 | DO7: =IF(DN7=0,0,MAX(0,IF(DN$4>18,IF($D7<=DN$4,2,1),IF($C7<=DN$4,1,0))-DN7+$B7+2)) -> 0 | DQ7: =IF(DP7=0,0,MAX(0,IF(DP$4>18,IF($D7<=DP$4,2,1),IF($C7<=DP$4,1,0))-DP7+$B7+2)) -> 0 | DS7: =IF(DR7=0,0,MAX(0,IF(DR$4>18,IF($D7<=DR$4,2,1),IF($C7<=DR$4,1,0))-DR7+$B7+2)) -> 0 | DU7: =IF(DT7=0,0,MAX(0,IF(DT$4>18,IF($D7<=DT$4,2,1),IF($C7<=DT$4,1,0))-DT7+$B7+2)) -> 0 | DW7: =IF(DV7=0,0,MAX(0,IF(DV$4>18,IF($D7<=DV$4,2,1),IF($C7<=DV$4,1,0))-DV7+$B7+2)) -> 0 | DY7: =IF(DX7=0,0,MAX(0,IF(DX$4>18,IF($D7<=DX$4,2,1),IF($C7<=DX$4,1,0))-DX7+$B7+2)) -> 0 | EA7: =IF(DZ7=0,0,MAX(0,IF(DZ$4>18,IF($D7<=DZ$4,2,1),IF($C7<=DZ$4,1,0))-DZ7+$B7+2)) -> 0 | EC7: =IF(EB7=0,0,MAX(0,IF(EB$4>18,IF($D7<=EB$4,2,1),IF($C7<=EB$4,1,0))-EB7+$B7+2)) -> 0 | EE7: =IF(ED7=0,0,MAX(0,IF(ED$4>18,IF($D7<=ED$4,2,1),IF($C7<=ED$4,1,0))-ED7+$B7+2)) -> 0 | EG7: =IF(EF7=0,0,MAX(0,IF(EF$4>18,IF($D7<=EF$4,2,1),IF($C7<=EF$4,1,0))-EF7+$B7+2)) -> 0 | EI7: =IF(EH7=0,0,MAX(0,IF(EH$4>18,IF($D7<=EH$4,2,1),IF($C7<=EH$4,1,0))-EH7+$B7+2)) -> 0 | EK7: =IF(EJ7=0,0,MAX(0,IF(EJ$4>18,IF($D7<=EJ$4,2,1),IF($C7<=EJ$4,1,0))-EJ7+$B7+2)) -> 0 | EM7: =IF(EL7=0,0,MAX(0,IF(EL$4>18,IF($D7<=EL$4,2,1),IF($C7<=EL$4,1,0))-EL7+$B7+2)) -> 0 | EO7: =IF(EN7=0,0,MAX(0,IF(EN$4>18,IF($D7<=EN$4,2,1),IF($C7<=EN$4,1,0))-EN7+$B7+2)) -> 0 | EQ7: =IF(EP7=0,0,MAX(0,IF(EP$4>18,IF($D7<=EP$4,2,1),IF($C7<=EP$4,1,0))-EP7+$B7+2)) -> 0 | ES7: 3 | ET7: 4 | EU7: 2 | EV7: =EU7+18 -> 20 | EX7: =IF(EW7=0,0,MAX(0,IF(EW$4>18,IF($D7<=EW$4,2,1),IF($C7<=EW$4,1,0))-EW7+$B7+2)) -> 0 | EZ7: =IF(EY7=0,0,MAX(0,IF(EY$4>18,IF($D7<=EY$4,2,1),IF($C7<=EY$4,1,0))-EY7+$B7+2)) -> 0 | FB7: =IF(FA7=0,0,MAX(0,IF(FA$4>18,IF($D7<=FA$4,2,1),IF($C7<=FA$4,1,0))-FA7+$B7+2)) -> 0 | FD7: =IF(FC7=0,0,MAX(0,IF(FC$4>18,IF($D7<=FC$4,2,1),IF($C7<=FC$4,1,0))-FC7+$B7+2)) -> 0 | FF7: =IF(FE7=0,0,MAX(0,IF(FE$4>18,IF($D7<=FE$4,2,1),IF($C7<=FE$4,1,0))-FE7+$B7+2)) -> 0 | FH7: =IF(FG7=0,0,MAX(0,IF(FG$4>18,IF($D7<=FG$4,2,1),IF($C7<=FG$4,1,0))-FG7+$B7+2)) -> 0 | FJ7: =IF(FI7=0,0,MAX(0,IF(FI$4>18,IF($D7<=FI$4,2,1),IF($C7<=FI$4,1,0))-FI7+$B7+2)) -> 0 | FL7: =IF(FK7=0,0,MAX(0,IF(FK$4>18,IF($D7<=FK$4,2,1),IF($C7<=FK$4,1,0))-FK7+$B7+2)) -> 0 | FN7: =IF(FM7=0,0,MAX(0,IF(FM$4>18,IF($D7<=FM$4,2,1),IF($C7<=FM$4,1,0))-FM7+$B7+2)) -> 0 | FP7: =IF(FO7=0,0,MAX(0,IF(FO$4>18,IF($D7<=FO$4,2,1),IF($C7<=FO$4,1,0))-FO7+$B7+2)) -> 0 | FR7: =IF(FQ7=0,0,MAX(0,IF(FQ$4>18,IF($D7<=FQ$4,2,1),IF($C7<=FQ$4,1,0))-FQ7+$B7+2)) -> 0 | FT7: =IF(FS7=0,0,MAX(0,IF(FS$4>18,IF($D7<=FS$4,2,1),IF($C7<=FS$4,1,0))-FS7+$B7+2)) -> 0 | FV7: =IF(FU7=0,0,MAX(0,IF(FU$4>18,IF($D7<=FU$4,2,1),IF($C7<=FU$4,1,0))-FU7+$B7+2)) -> 0 | FX7: =IF(FW7=0,0,MAX(0,IF(FW$4>18,IF($D7<=FW$4,2,1),IF($C7<=FW$4,1,0))-FW7+$B7+2)) -> 0 | FZ7: =IF(FY7=0,0,MAX(0,IF(FY$4>18,IF($D7<=FY$4,2,1),IF($C7<=FY$4,1,0))-FY7+$B7+2)) -> 0 | GB7: =IF(GA7=0,0,MAX(0,IF(GA$4>18,IF($D7<=GA$4,2,1),IF($C7<=GA$4,1,0))-GA7+$B7+2)) -> 0
A8: 4 | B8: 4 | C8: 4 | D8: =C8+18 -> 22 | F8: =IF(E8=0,0,MAX(0,IF(E$4>18,IF($D8<=E$4,2,1),IF($C8<=E$4,1,0))-E8+$B8+2)) -> 0 | H8: =IF(G8=0,0,MAX(0,IF(G$4>18,IF($D8<=G$4,2,1),IF($C8<=G$4,1,0))-G8+$B8+2)) -> 0 | J8: =IF(I8=0,0,MAX(0,IF(I$4>18,IF($D8<=I$4,2,1),IF($C8<=I$4,1,0))-I8+$B8+2)) -> 0 | L8: =IF(K8=0,0,MAX(0,IF(K$4>18,IF($D8<=K$4,2,1),IF($C8<=K$4,1,0))-K8+$B8+2)) -> 0 | N8: =IF(M8=0,0,MAX(0,IF(M$4>18,IF($D8<=M$4,2,1),IF($C8<=M$4,1,0))-M8+$B8+2)) -> 0 | P8: =IF(O8=0,0,MAX(0,IF(O$4>18,IF($D8<=O$4,2,1),IF($C8<=O$4,1,0))-O8+$B8+2)) -> 0 | R8: =IF(Q8=0,0,MAX(0,IF(Q$4>18,IF($D8<=Q$4,2,1),IF($C8<=Q$4,1,0))-Q8+$B8+2)) -> 0 | T8: =IF(S8=0,0,MAX(0,IF(S$4>18,IF($D8<=S$4,2,1),IF($C8<=S$4,1,0))-S8+$B8+2)) -> 0 | V8: =IF(U8=0,0,MAX(0,IF(U$4>18,IF($D8<=U$4,2,1),IF($C8<=U$4,1,0))-U8+$B8+2)) -> 0 | X8: =IF(W8=0,0,MAX(0,IF(W$4>18,IF($D8<=W$4,2,1),IF($C8<=W$4,1,0))-W8+$B8+2)) -> 0 | Z8: =IF(Y8=0,0,MAX(0,IF(Y$4>18,IF($D8<=Y$4,2,1),IF($C8<=Y$4,1,0))-Y8+$B8+2)) -> 0 | AB8: =IF(AA8=0,0,MAX(0,IF(AA$4>18,IF($D8<=AA$4,2,1),IF($C8<=AA$4,1,0))-AA8+$B8+2)) -> 0 | AD8: =IF(AC8=0,0,MAX(0,IF(AC$4>18,IF($D8<=AC$4,2,1),IF($C8<=AC$4,1,0))-AC8+$B8+2)) -> 0 | AF8: =IF(AE8=0,0,MAX(0,IF(AE$4>18,IF($D8<=AE$4,2,1),IF($C8<=AE$4,1,0))-AE8+$B8+2)) -> 0 | AH8: =IF(AG8=0,0,MAX(0,IF(AG$4>18,IF($D8<=AG$4,2,1),IF($C8<=AG$4,1,0))-AG8+$B8+2)) -> 0 | AJ8: =IF(AI8=0,0,MAX(0,IF(AI$4>18,IF($D8<=AI$4,2,1),IF($C8<=AI$4,1,0))-AI8+$B8+2)) -> 0 | AL8: 4 | AM8: 4 | AN8: 4 | AO8: =AN8+18 -> 22 | AQ8: =IF(AP8=0,0,MAX(0,IF(AP$4>18,IF($D8<=AP$4,2,1),IF($C8<=AP$4,1,0))-AP8+$B8+2)) -> 0 | AS8: =IF(AR8=0,0,MAX(0,IF(AR$4>18,IF($D8<=AR$4,2,1),IF($C8<=AR$4,1,0))-AR8+$B8+2)) -> 0 | AU8: =IF(AT8=0,0,MAX(0,IF(AT$4>18,IF($D8<=AT$4,2,1),IF($C8<=AT$4,1,0))-AT8+$B8+2)) -> 0 | AW8: =IF(AV8=0,0,MAX(0,IF(AV$4>18,IF($D8<=AV$4,2,1),IF($C8<=AV$4,1,0))-AV8+$B8+2)) -> 0 | AY8: =IF(AX8=0,0,MAX(0,IF(AX$4>18,IF($D8<=AX$4,2,1),IF($C8<=AX$4,1,0))-AX8+$B8+2)) -> 0 | BA8: =IF(AZ8=0,0,MAX(0,IF(AZ$4>18,IF($D8<=AZ$4,2,1),IF($C8<=AZ$4,1,0))-AZ8+$B8+2)) -> 0 | BC8: =IF(BB8=0,0,MAX(0,IF(BB$4>18,IF($D8<=BB$4,2,1),IF($C8<=BB$4,1,0))-BB8+$B8+2)) -> 0 | BE8: =IF(BD8=0,0,MAX(0,IF(BD$4>18,IF($D8<=BD$4,2,1),IF($C8<=BD$4,1,0))-BD8+$B8+2)) -> 0 | BG8: =IF(BF8=0,0,MAX(0,IF(BF$4>18,IF($D8<=BF$4,2,1),IF($C8<=BF$4,1,0))-BF8+$B8+2)) -> 0 | BI8: =IF(BH8=0,0,MAX(0,IF(BH$4>18,IF($D8<=BH$4,2,1),IF($C8<=BH$4,1,0))-BH8+$B8+2)) -> 0 | BK8: =IF(BJ8=0,0,MAX(0,IF(BJ$4>18,IF($D8<=BJ$4,2,1),IF($C8<=BJ$4,1,0))-BJ8+$B8+2)) -> 0 | BM8: =IF(BL8=0,0,MAX(0,IF(BL$4>18,IF($D8<=BL$4,2,1),IF($C8<=BL$4,1,0))-BL8+$B8+2)) -> 0 | BO8: =IF(BN8=0,0,MAX(0,IF(BN$4>18,IF($D8<=BN$4,2,1),IF($C8<=BN$4,1,0))-BN8+$B8+2)) -> 0 | BQ8: =IF(BP8=0,0,MAX(0,IF(BP$4>18,IF($D8<=BP$4,2,1),IF($C8<=BP$4,1,0))-BP8+$B8+2)) -> 0 | BS8: =IF(BR8=0,0,MAX(0,IF(BR$4>18,IF($D8<=BR$4,2,1),IF($C8<=BR$4,1,0))-BR8+$B8+2)) -> 0 | BU8: =IF(BT8=0,0,MAX(0,IF(BT$4>18,IF($D8<=BT$4,2,1),IF($C8<=BT$4,1,0))-BT8+$B8+2)) -> 0 | BW8: 4 | BX8: 4 | BY8: 4 | BZ8: =BY8+18 -> 22 | CB8: =IF(CA8=0,0,MAX(0,IF(CA$4>18,IF($D8<=CA$4,2,1),IF($C8<=CA$4,1,0))-CA8+$B8+2)) -> 0 | CD8: =IF(CC8=0,0,MAX(0,IF(CC$4>18,IF($D8<=CC$4,2,1),IF($C8<=CC$4,1,0))-CC8+$B8+2)) -> 0 | CF8: =IF(CE8=0,0,MAX(0,IF(CE$4>18,IF($D8<=CE$4,2,1),IF($C8<=CE$4,1,0))-CE8+$B8+2)) -> 0 | CH8: =IF(CG8=0,0,MAX(0,IF(CG$4>18,IF($D8<=CG$4,2,1),IF($C8<=CG$4,1,0))-CG8+$B8+2)) -> 0 | CJ8: =IF(CI8=0,0,MAX(0,IF(CI$4>18,IF($D8<=CI$4,2,1),IF($C8<=CI$4,1,0))-CI8+$B8+2)) -> 0 | CL8: =IF(CK8=0,0,MAX(0,IF(CK$4>18,IF($D8<=CK$4,2,1),IF($C8<=CK$4,1,0))-CK8+$B8+2)) -> 0 | CN8: =IF(CM8=0,0,MAX(0,IF(CM$4>18,IF($D8<=CM$4,2,1),IF($C8<=CM$4,1,0))-CM8+$B8+2)) -> 0 | CP8: =IF(CO8=0,0,MAX(0,IF(CO$4>18,IF($D8<=CO$4,2,1),IF($C8<=CO$4,1,0))-CO8+$B8+2)) -> 0 | CR8: =IF(CQ8=0,0,MAX(0,IF(CQ$4>18,IF($D8<=CQ$4,2,1),IF($C8<=CQ$4,1,0))-CQ8+$B8+2)) -> 0 | CT8: =IF(CS8=0,0,MAX(0,IF(CS$4>18,IF($D8<=CS$4,2,1),IF($C8<=CS$4,1,0))-CS8+$B8+2)) -> 0 | CV8: =IF(CU8=0,0,MAX(0,IF(CU$4>18,IF($D8<=CU$4,2,1),IF($C8<=CU$4,1,0))-CU8+$B8+2)) -> 0 | CX8: =IF(CW8=0,0,MAX(0,IF(CW$4>18,IF($D8<=CW$4,2,1),IF($C8<=CW$4,1,0))-CW8+$B8+2)) -> 0 | CZ8: =IF(CY8=0,0,MAX(0,IF(CY$4>18,IF($D8<=CY$4,2,1),IF($C8<=CY$4,1,0))-CY8+$B8+2)) -> 0 | DB8: =IF(DA8=0,0,MAX(0,IF(DA$4>18,IF($D8<=DA$4,2,1),IF($C8<=DA$4,1,0))-DA8+$B8+2)) -> 0 | DD8: =IF(DC8=0,0,MAX(0,IF(DC$4>18,IF($D8<=DC$4,2,1),IF($C8<=DC$4,1,0))-DC8+$B8+2)) -> 0 | DF8: =IF(DE8=0,0,MAX(0,IF(DE$4>18,IF($D8<=DE$4,2,1),IF($C8<=DE$4,1,0))-DE8+$B8+2)) -> 0 | DH8: 4 | DI8: 4 | DJ8: 4 | DK8: =DJ8+18 -> 22 | DM8: =IF(DL8=0,0,MAX(0,IF(DL$4>18,IF($D8<=DL$4,2,1),IF($C8<=DL$4,1,0))-DL8+$B8+2)) -> 0 | DO8: =IF(DN8=0,0,MAX(0,IF(DN$4>18,IF($D8<=DN$4,2,1),IF($C8<=DN$4,1,0))-DN8+$B8+2)) -> 0 | DQ8: =IF(DP8=0,0,MAX(0,IF(DP$4>18,IF($D8<=DP$4,2,1),IF($C8<=DP$4,1,0))-DP8+$B8+2)) -> 0 | DS8: =IF(DR8=0,0,MAX(0,IF(DR$4>18,IF($D8<=DR$4,2,1),IF($C8<=DR$4,1,0))-DR8+$B8+2)) -> 0 | DU8: =IF(DT8=0,0,MAX(0,IF(DT$4>18,IF($D8<=DT$4,2,1),IF($C8<=DT$4,1,0))-DT8+$B8+2)) -> 0 | DW8: =IF(DV8=0,0,MAX(0,IF(DV$4>18,IF($D8<=DV$4,2,1),IF($C8<=DV$4,1,0))-DV8+$B8+2)) -> 0 | DY8: =IF(DX8=0,0,MAX(0,IF(DX$4>18,IF($D8<=DX$4,2,1),IF($C8<=DX$4,1,0))-DX8+$B8+2)) -> 0 | EA8: =IF(DZ8=0,0,MAX(0,IF(DZ$4>18,IF($D8<=DZ$4,2,1),IF($C8<=DZ$4,1,0))-DZ8+$B8+2)) -> 0 | EC8: =IF(EB8=0,0,MAX(0,IF(EB$4>18,IF($D8<=EB$4,2,1),IF($C8<=EB$4,1,0))-EB8+$B8+2)) -> 0 | EE8: =IF(ED8=0,0,MAX(0,IF(ED$4>18,IF($D8<=ED$4,2,1),IF($C8<=ED$4,1,0))-ED8+$B8+2)) -> 0 | EG8: =IF(EF8=0,0,MAX(0,IF(EF$4>18,IF($D8<=EF$4,2,1),IF($C8<=EF$4,1,0))-EF8+$B8+2)) -> 0 | EI8: =IF(EH8=0,0,MAX(0,IF(EH$4>18,IF($D8<=EH$4,2,1),IF($C8<=EH$4,1,0))-EH8+$B8+2)) -> 0 | EK8: =IF(EJ8=0,0,MAX(0,IF(EJ$4>18,IF($D8<=EJ$4,2,1),IF($C8<=EJ$4,1,0))-EJ8+$B8+2)) -> 0 | EM8: =IF(EL8=0,0,MAX(0,IF(EL$4>18,IF($D8<=EL$4,2,1),IF($C8<=EL$4,1,0))-EL8+$B8+2)) -> 0 | EO8: =IF(EN8=0,0,MAX(0,IF(EN$4>18,IF($D8<=EN$4,2,1),IF($C8<=EN$4,1,0))-EN8+$B8+2)) -> 0 | EQ8: =IF(EP8=0,0,MAX(0,IF(EP$4>18,IF($D8<=EP$4,2,1),IF($C8<=EP$4,1,0))-EP8+$B8+2)) -> 0 | ES8: 4 | ET8: 4 | EU8: 4 | EV8: =EU8+18 -> 22 | EX8: =IF(EW8=0,0,MAX(0,IF(EW$4>18,IF($D8<=EW$4,2,1),IF($C8<=EW$4,1,0))-EW8+$B8+2)) -> 0 | EZ8: =IF(EY8=0,0,MAX(0,IF(EY$4>18,IF($D8<=EY$4,2,1),IF($C8<=EY$4,1,0))-EY8+$B8+2)) -> 0 | FB8: =IF(FA8=0,0,MAX(0,IF(FA$4>18,IF($D8<=FA$4,2,1),IF($C8<=FA$4,1,0))-FA8+$B8+2)) -> 0 | FD8: =IF(FC8=0,0,MAX(0,IF(FC$4>18,IF($D8<=FC$4,2,1),IF($C8<=FC$4,1,0))-FC8+$B8+2)) -> 0 | FF8: =IF(FE8=0,0,MAX(0,IF(FE$4>18,IF($D8<=FE$4,2,1),IF($C8<=FE$4,1,0))-FE8+$B8+2)) -> 0 | FH8: =IF(FG8=0,0,MAX(0,IF(FG$4>18,IF($D8<=FG$4,2,1),IF($C8<=FG$4,1,0))-FG8+$B8+2)) -> 0 | FJ8: =IF(FI8=0,0,MAX(0,IF(FI$4>18,IF($D8<=FI$4,2,1),IF($C8<=FI$4,1,0))-FI8+$B8+2)) -> 0 | FL8: =IF(FK8=0,0,MAX(0,IF(FK$4>18,IF($D8<=FK$4,2,1),IF($C8<=FK$4,1,0))-FK8+$B8+2)) -> 0 | FN8: =IF(FM8=0,0,MAX(0,IF(FM$4>18,IF($D8<=FM$4,2,1),IF($C8<=FM$4,1,0))-FM8+$B8+2)) -> 0 | FP8: =IF(FO8=0,0,MAX(0,IF(FO$4>18,IF($D8<=FO$4,2,1),IF($C8<=FO$4,1,0))-FO8+$B8+2)) -> 0 | FR8: =IF(FQ8=0,0,MAX(0,IF(FQ$4>18,IF($D8<=FQ$4,2,1),IF($C8<=FQ$4,1,0))-FQ8+$B8+2)) -> 0 | FT8: =IF(FS8=0,0,MAX(0,IF(FS$4>18,IF($D8<=FS$4,2,1),IF($C8<=FS$4,1,0))-FS8+$B8+2)) -> 0 | FV8: =IF(FU8=0,0,MAX(0,IF(FU$4>18,IF($D8<=FU$4,2,1),IF($C8<=FU$4,1,0))-FU8+$B8+2)) -> 0 | FX8: =IF(FW8=0,0,MAX(0,IF(FW$4>18,IF($D8<=FW$4,2,1),IF($C8<=FW$4,1,0))-FW8+$B8+2)) -> 0 | FZ8: =IF(FY8=0,0,MAX(0,IF(FY$4>18,IF($D8<=FY$4,2,1),IF($C8<=FY$4,1,0))-FY8+$B8+2)) -> 0 | GB8: =IF(GA8=0,0,MAX(0,IF(GA$4>18,IF($D8<=GA$4,2,1),IF($C8<=GA$4,1,0))-GA8+$B8+2)) -> 0
A9: 5 | B9: 4 | C9: 6 | D9: =C9+18 -> 24 | F9: =IF(E9=0,0,MAX(0,IF(E$4>18,IF($D9<=E$4,2,1),IF($C9<=E$4,1,0))-E9+$B9+2)) -> 0 | H9: =IF(G9=0,0,MAX(0,IF(G$4>18,IF($D9<=G$4,2,1),IF($C9<=G$4,1,0))-G9+$B9+2)) -> 0 | J9: =IF(I9=0,0,MAX(0,IF(I$4>18,IF($D9<=I$4,2,1),IF($C9<=I$4,1,0))-I9+$B9+2)) -> 0 | L9: =IF(K9=0,0,MAX(0,IF(K$4>18,IF($D9<=K$4,2,1),IF($C9<=K$4,1,0))-K9+$B9+2)) -> 0 | N9: =IF(M9=0,0,MAX(0,IF(M$4>18,IF($D9<=M$4,2,1),IF($C9<=M$4,1,0))-M9+$B9+2)) -> 0 | P9: =IF(O9=0,0,MAX(0,IF(O$4>18,IF($D9<=O$4,2,1),IF($C9<=O$4,1,0))-O9+$B9+2)) -> 0 | R9: =IF(Q9=0,0,MAX(0,IF(Q$4>18,IF($D9<=Q$4,2,1),IF($C9<=Q$4,1,0))-Q9+$B9+2)) -> 0 | T9: =IF(S9=0,0,MAX(0,IF(S$4>18,IF($D9<=S$4,2,1),IF($C9<=S$4,1,0))-S9+$B9+2)) -> 0 | V9: =IF(U9=0,0,MAX(0,IF(U$4>18,IF($D9<=U$4,2,1),IF($C9<=U$4,1,0))-U9+$B9+2)) -> 0 | X9: =IF(W9=0,0,MAX(0,IF(W$4>18,IF($D9<=W$4,2,1),IF($C9<=W$4,1,0))-W9+$B9+2)) -> 0 | Z9: =IF(Y9=0,0,MAX(0,IF(Y$4>18,IF($D9<=Y$4,2,1),IF($C9<=Y$4,1,0))-Y9+$B9+2)) -> 0 | AB9: =IF(AA9=0,0,MAX(0,IF(AA$4>18,IF($D9<=AA$4,2,1),IF($C9<=AA$4,1,0))-AA9+$B9+2)) -> 0 | AD9: =IF(AC9=0,0,MAX(0,IF(AC$4>18,IF($D9<=AC$4,2,1),IF($C9<=AC$4,1,0))-AC9+$B9+2)) -> 0 | AF9: =IF(AE9=0,0,MAX(0,IF(AE$4>18,IF($D9<=AE$4,2,1),IF($C9<=AE$4,1,0))-AE9+$B9+2)) -> 0 | AH9: =IF(AG9=0,0,MAX(0,IF(AG$4>18,IF($D9<=AG$4,2,1),IF($C9<=AG$4,1,0))-AG9+$B9+2)) -> 0 | AJ9: =IF(AI9=0,0,MAX(0,IF(AI$4>18,IF($D9<=AI$4,2,1),IF($C9<=AI$4,1,0))-AI9+$B9+2)) -> 0 | AL9: 5 | AM9: 4 | AN9: 6 | AO9: =AN9+18 -> 24 | AQ9: =IF(AP9=0,0,MAX(0,IF(AP$4>18,IF($D9<=AP$4,2,1),IF($C9<=AP$4,1,0))-AP9+$B9+2)) -> 0 | AS9: =IF(AR9=0,0,MAX(0,IF(AR$4>18,IF($D9<=AR$4,2,1),IF($C9<=AR$4,1,0))-AR9+$B9+2)) -> 0 | AU9: =IF(AT9=0,0,MAX(0,IF(AT$4>18,IF($D9<=AT$4,2,1),IF($C9<=AT$4,1,0))-AT9+$B9+2)) -> 0 | AW9: =IF(AV9=0,0,MAX(0,IF(AV$4>18,IF($D9<=AV$4,2,1),IF($C9<=AV$4,1,0))-AV9+$B9+2)) -> 0 | AY9: =IF(AX9=0,0,MAX(0,IF(AX$4>18,IF($D9<=AX$4,2,1),IF($C9<=AX$4,1,0))-AX9+$B9+2)) -> 0 | BA9: =IF(AZ9=0,0,MAX(0,IF(AZ$4>18,IF($D9<=AZ$4,2,1),IF($C9<=AZ$4,1,0))-AZ9+$B9+2)) -> 0 | BC9: =IF(BB9=0,0,MAX(0,IF(BB$4>18,IF($D9<=BB$4,2,1),IF($C9<=BB$4,1,0))-BB9+$B9+2)) -> 0 | BE9: =IF(BD9=0,0,MAX(0,IF(BD$4>18,IF($D9<=BD$4,2,1),IF($C9<=BD$4,1,0))-BD9+$B9+2)) -> 0 | BG9: =IF(BF9=0,0,MAX(0,IF(BF$4>18,IF($D9<=BF$4,2,1),IF($C9<=BF$4,1,0))-BF9+$B9+2)) -> 0 | BI9: =IF(BH9=0,0,MAX(0,IF(BH$4>18,IF($D9<=BH$4,2,1),IF($C9<=BH$4,1,0))-BH9+$B9+2)) -> 0 | BK9: =IF(BJ9=0,0,MAX(0,IF(BJ$4>18,IF($D9<=BJ$4,2,1),IF($C9<=BJ$4,1,0))-BJ9+$B9+2)) -> 0 | BM9: =IF(BL9=0,0,MAX(0,IF(BL$4>18,IF($D9<=BL$4,2,1),IF($C9<=BL$4,1,0))-BL9+$B9+2)) -> 0 | BO9: =IF(BN9=0,0,MAX(0,IF(BN$4>18,IF($D9<=BN$4,2,1),IF($C9<=BN$4,1,0))-BN9+$B9+2)) -> 0 | BQ9: =IF(BP9=0,0,MAX(0,IF(BP$4>18,IF($D9<=BP$4,2,1),IF($C9<=BP$4,1,0))-BP9+$B9+2)) -> 0 | BS9: =IF(BR9=0,0,MAX(0,IF(BR$4>18,IF($D9<=BR$4,2,1),IF($C9<=BR$4,1,0))-BR9+$B9+2)) -> 0 | BU9: =IF(BT9=0,0,MAX(0,IF(BT$4>18,IF($D9<=BT$4,2,1),IF($C9<=BT$4,1,0))-BT9+$B9+2)) -> 0 | BW9: 5 | BX9: 4 | BY9: 6 | BZ9: =BY9+18 -> 24 | CB9: =IF(CA9=0,0,MAX(0,IF(CA$4>18,IF($D9<=CA$4,2,1),IF($C9<=CA$4,1,0))-CA9+$B9+2)) -> 0 | CD9: =IF(CC9=0,0,MAX(0,IF(CC$4>18,IF($D9<=CC$4,2,1),IF($C9<=CC$4,1,0))-CC9+$B9+2)) -> 0 | CF9: =IF(CE9=0,0,MAX(0,IF(CE$4>18,IF($D9<=CE$4,2,1),IF($C9<=CE$4,1,0))-CE9+$B9+2)) -> 0 | CH9: =IF(CG9=0,0,MAX(0,IF(CG$4>18,IF($D9<=CG$4,2,1),IF($C9<=CG$4,1,0))-CG9+$B9+2)) -> 0 | CJ9: =IF(CI9=0,0,MAX(0,IF(CI$4>18,IF($D9<=CI$4,2,1),IF($C9<=CI$4,1,0))-CI9+$B9+2)) -> 0 | CL9: =IF(CK9=0,0,MAX(0,IF(CK$4>18,IF($D9<=CK$4,2,1),IF($C9<=CK$4,1,0))-CK9+$B9+2)) -> 0 | CN9: =IF(CM9=0,0,MAX(0,IF(CM$4>18,IF($D9<=CM$4,2,1),IF($C9<=CM$4,1,0))-CM9+$B9+2)) -> 0 | CP9: =IF(CO9=0,0,MAX(0,IF(CO$4>18,IF($D9<=CO$4,2,1),IF($C9<=CO$4,1,0))-CO9+$B9+2)) -> 0 | CR9: =IF(CQ9=0,0,MAX(0,IF(CQ$4>18,IF($D9<=CQ$4,2,1),IF($C9<=CQ$4,1,0))-CQ9+$B9+2)) -> 0 | CT9: =IF(CS9=0,0,MAX(0,IF(CS$4>18,IF($D9<=CS$4,2,1),IF($C9<=CS$4,1,0))-CS9+$B9+2)) -> 0 | CV9: =IF(CU9=0,0,MAX(0,IF(CU$4>18,IF($D9<=CU$4,2,1),IF($C9<=CU$4,1,0))-CU9+$B9+2)) -> 0 | CX9: =IF(CW9=0,0,MAX(0,IF(CW$4>18,IF($D9<=CW$4,2,1),IF($C9<=CW$4,1,0))-CW9+$B9+2)) -> 0 | CZ9: =IF(CY9=0,0,MAX(0,IF(CY$4>18,IF($D9<=CY$4,2,1),IF($C9<=CY$4,1,0))-CY9+$B9+2)) -> 0 | DB9: =IF(DA9=0,0,MAX(0,IF(DA$4>18,IF($D9<=DA$4,2,1),IF($C9<=DA$4,1,0))-DA9+$B9+2)) -> 0 | DD9: =IF(DC9=0,0,MAX(0,IF(DC$4>18,IF($D9<=DC$4,2,1),IF($C9<=DC$4,1,0))-DC9+$B9+2)) -> 0 | DF9: =IF(DE9=0,0,MAX(0,IF(DE$4>18,IF($D9<=DE$4,2,1),IF($C9<=DE$4,1,0))-DE9+$B9+2)) -> 0 | DH9: 5 | DI9: 4 | DJ9: 6 | DK9: =DJ9+18 -> 24 | DM9: =IF(DL9=0,0,MAX(0,IF(DL$4>18,IF($D9<=DL$4,2,1),IF($C9<=DL$4,1,0))-DL9+$B9+2)) -> 0 | DO9: =IF(DN9=0,0,MAX(0,IF(DN$4>18,IF($D9<=DN$4,2,1),IF($C9<=DN$4,1,0))-DN9+$B9+2)) -> 0 | DQ9: =IF(DP9=0,0,MAX(0,IF(DP$4>18,IF($D9<=DP$4,2,1),IF($C9<=DP$4,1,0))-DP9+$B9+2)) -> 0 | DS9: =IF(DR9=0,0,MAX(0,IF(DR$4>18,IF($D9<=DR$4,2,1),IF($C9<=DR$4,1,0))-DR9+$B9+2)) -> 0 | DU9: =IF(DT9=0,0,MAX(0,IF(DT$4>18,IF($D9<=DT$4,2,1),IF($C9<=DT$4,1,0))-DT9+$B9+2)) -> 0 | DW9: =IF(DV9=0,0,MAX(0,IF(DV$4>18,IF($D9<=DV$4,2,1),IF($C9<=DV$4,1,0))-DV9+$B9+2)) -> 0 | DY9: =IF(DX9=0,0,MAX(0,IF(DX$4>18,IF($D9<=DX$4,2,1),IF($C9<=DX$4,1,0))-DX9+$B9+2)) -> 0 | EA9: =IF(DZ9=0,0,MAX(0,IF(DZ$4>18,IF($D9<=DZ$4,2,1),IF($C9<=DZ$4,1,0))-DZ9+$B9+2)) -> 0 | EC9: =IF(EB9=0,0,MAX(0,IF(EB$4>18,IF($D9<=EB$4,2,1),IF($C9<=EB$4,1,0))-EB9+$B9+2)) -> 0 | EE9: =IF(ED9=0,0,MAX(0,IF(ED$4>18,IF($D9<=ED$4,2,1),IF($C9<=ED$4,1,0))-ED9+$B9+2)) -> 0 | EG9: =IF(EF9=0,0,MAX(0,IF(EF$4>18,IF($D9<=EF$4,2,1),IF($C9<=EF$4,1,0))-EF9+$B9+2)) -> 0 | EI9: =IF(EH9=0,0,MAX(0,IF(EH$4>18,IF($D9<=EH$4,2,1),IF($C9<=EH$4,1,0))-EH9+$B9+2)) -> 0 | EK9: =IF(EJ9=0,0,MAX(0,IF(EJ$4>18,IF($D9<=EJ$4,2,1),IF($C9<=EJ$4,1,0))-EJ9+$B9+2)) -> 0 | EM9: =IF(EL9=0,0,MAX(0,IF(EL$4>18,IF($D9<=EL$4,2,1),IF($C9<=EL$4,1,0))-EL9+$B9+2)) -> 0 | EO9: =IF(EN9=0,0,MAX(0,IF(EN$4>18,IF($D9<=EN$4,2,1),IF($C9<=EN$4,1,0))-EN9+$B9+2)) -> 0 | EQ9: =IF(EP9=0,0,MAX(0,IF(EP$4>18,IF($D9<=EP$4,2,1),IF($C9<=EP$4,1,0))-EP9+$B9+2)) -> 0 | ES9: 5 | ET9: 4 | EU9: 6 | EV9: =EU9+18 -> 24 | EX9: =IF(EW9=0,0,MAX(0,IF(EW$4>18,IF($D9<=EW$4,2,1),IF($C9<=EW$4,1,0))-EW9+$B9+2)) -> 0 | EZ9: =IF(EY9=0,0,MAX(0,IF(EY$4>18,IF($D9<=EY$4,2,1),IF($C9<=EY$4,1,0))-EY9+$B9+2)) -> 0 | FB9: =IF(FA9=0,0,MAX(0,IF(FA$4>18,IF($D9<=FA$4,2,1),IF($C9<=FA$4,1,0))-FA9+$B9+2)) -> 0 | FD9: =IF(FC9=0,0,MAX(0,IF(FC$4>18,IF($D9<=FC$4,2,1),IF($C9<=FC$4,1,0))-FC9+$B9+2)) -> 0 | FF9: =IF(FE9=0,0,MAX(0,IF(FE$4>18,IF($D9<=FE$4,2,1),IF($C9<=FE$4,1,0))-FE9+$B9+2)) -> 0 | FH9: =IF(FG9=0,0,MAX(0,IF(FG$4>18,IF($D9<=FG$4,2,1),IF($C9<=FG$4,1,0))-FG9+$B9+2)) -> 0 | FJ9: =IF(FI9=0,0,MAX(0,IF(FI$4>18,IF($D9<=FI$4,2,1),IF($C9<=FI$4,1,0))-FI9+$B9+2)) -> 0 | FL9: =IF(FK9=0,0,MAX(0,IF(FK$4>18,IF($D9<=FK$4,2,1),IF($C9<=FK$4,1,0))-FK9+$B9+2)) -> 0 | FN9: =IF(FM9=0,0,MAX(0,IF(FM$4>18,IF($D9<=FM$4,2,1),IF($C9<=FM$4,1,0))-FM9+$B9+2)) -> 0 | FP9: =IF(FO9=0,0,MAX(0,IF(FO$4>18,IF($D9<=FO$4,2,1),IF($C9<=FO$4,1,0))-FO9+$B9+2)) -> 0 | FR9: =IF(FQ9=0,0,MAX(0,IF(FQ$4>18,IF($D9<=FQ$4,2,1),IF($C9<=FQ$4,1,0))-FQ9+$B9+2)) -> 0 | FT9: =IF(FS9=0,0,MAX(0,IF(FS$4>18,IF($D9<=FS$4,2,1),IF($C9<=FS$4,1,0))-FS9+$B9+2)) -> 0 | FV9: =IF(FU9=0,0,MAX(0,IF(FU$4>18,IF($D9<=FU$4,2,1),IF($C9<=FU$4,1,0))-FU9+$B9+2)) -> 0 | FX9: =IF(FW9=0,0,MAX(0,IF(FW$4>18,IF($D9<=FW$4,2,1),IF($C9<=FW$4,1,0))-FW9+$B9+2)) -> 0 | FZ9: =IF(FY9=0,0,MAX(0,IF(FY$4>18,IF($D9<=FY$4,2,1),IF($C9<=FY$4,1,0))-FY9+$B9+2)) -> 0 | GB9: =IF(GA9=0,0,MAX(0,IF(GA$4>18,IF($D9<=GA$4,2,1),IF($C9<=GA$4,1,0))-GA9+$B9+2)) -> 0
A10: 6 | B10: 3 | C10: 8 | D10: =C10+18 -> 26 | F10: =IF(E10=0,0,MAX(0,IF(E$4>18,IF($D10<=E$4,2,1),IF($C10<=E$4,1,0))-E10+$B10+2)) -> 0 | H10: =IF(G10=0,0,MAX(0,IF(G$4>18,IF($D10<=G$4,2,1),IF($C10<=G$4,1,0))-G10+$B10+2)) -> 0 | J10: =IF(I10=0,0,MAX(0,IF(I$4>18,IF($D10<=I$4,2,1),IF($C10<=I$4,1,0))-I10+$B10+2)) -> 0 | L10: =IF(K10=0,0,MAX(0,IF(K$4>18,IF($D10<=K$4,2,1),IF($C10<=K$4,1,0))-K10+$B10+2)) -> 0 | N10: =IF(M10=0,0,MAX(0,IF(M$4>18,IF($D10<=M$4,2,1),IF($C10<=M$4,1,0))-M10+$B10+2)) -> 0 | P10: =IF(O10=0,0,MAX(0,IF(O$4>18,IF($D10<=O$4,2,1),IF($C10<=O$4,1,0))-O10+$B10+2)) -> 0 | R10: =IF(Q10=0,0,MAX(0,IF(Q$4>18,IF($D10<=Q$4,2,1),IF($C10<=Q$4,1,0))-Q10+$B10+2)) -> 0 | T10: =IF(S10=0,0,MAX(0,IF(S$4>18,IF($D10<=S$4,2,1),IF($C10<=S$4,1,0))-S10+$B10+2)) -> 0 | V10: =IF(U10=0,0,MAX(0,IF(U$4>18,IF($D10<=U$4,2,1),IF($C10<=U$4,1,0))-U10+$B10+2)) -> 0 | X10: =IF(W10=0,0,MAX(0,IF(W$4>18,IF($D10<=W$4,2,1),IF($C10<=W$4,1,0))-W10+$B10+2)) -> 0 | Z10: =IF(Y10=0,0,MAX(0,IF(Y$4>18,IF($D10<=Y$4,2,1),IF($C10<=Y$4,1,0))-Y10+$B10+2)) -> 0 | AB10: =IF(AA10=0,0,MAX(0,IF(AA$4>18,IF($D10<=AA$4,2,1),IF($C10<=AA$4,1,0))-AA10+$B10+2)) -> 0 | AD10: =IF(AC10=0,0,MAX(0,IF(AC$4>18,IF($D10<=AC$4,2,1),IF($C10<=AC$4,1,0))-AC10+$B10+2)) -> 0 | AF10: =IF(AE10=0,0,MAX(0,IF(AE$4>18,IF($D10<=AE$4,2,1),IF($C10<=AE$4,1,0))-AE10+$B10+2)) -> 0 | AH10: =IF(AG10=0,0,MAX(0,IF(AG$4>18,IF($D10<=AG$4,2,1),IF($C10<=AG$4,1,0))-AG10+$B10+2)) -> 0 | AJ10: =IF(AI10=0,0,MAX(0,IF(AI$4>18,IF($D10<=AI$4,2,1),IF($C10<=AI$4,1,0))-AI10+$B10+2)) -> 0 | AL10: 6 | AM10: 3 | AN10: 8 | AO10: =AN10+18 -> 26 | AQ10: =IF(AP10=0,0,MAX(0,IF(AP$4>18,IF($D10<=AP$4,2,1),IF($C10<=AP$4,1,0))-AP10+$B10+2)) -> 0 | AS10: =IF(AR10=0,0,MAX(0,IF(AR$4>18,IF($D10<=AR$4,2,1),IF($C10<=AR$4,1,0))-AR10+$B10+2)) -> 0 | AU10: =IF(AT10=0,0,MAX(0,IF(AT$4>18,IF($D10<=AT$4,2,1),IF($C10<=AT$4,1,0))-AT10+$B10+2)) -> 0 | AW10: =IF(AV10=0,0,MAX(0,IF(AV$4>18,IF($D10<=AV$4,2,1),IF($C10<=AV$4,1,0))-AV10+$B10+2)) -> 0 | AY10: =IF(AX10=0,0,MAX(0,IF(AX$4>18,IF($D10<=AX$4,2,1),IF($C10<=AX$4,1,0))-AX10+$B10+2)) -> 0 | BA10: =IF(AZ10=0,0,MAX(0,IF(AZ$4>18,IF($D10<=AZ$4,2,1),IF($C10<=AZ$4,1,0))-AZ10+$B10+2)) -> 0 | BC10: =IF(BB10=0,0,MAX(0,IF(BB$4>18,IF($D10<=BB$4,2,1),IF($C10<=BB$4,1,0))-BB10+$B10+2)) -> 0 | BE10: =IF(BD10=0,0,MAX(0,IF(BD$4>18,IF($D10<=BD$4,2,1),IF($C10<=BD$4,1,0))-BD10+$B10+2)) -> 0 | BG10: =IF(BF10=0,0,MAX(0,IF(BF$4>18,IF($D10<=BF$4,2,1),IF($C10<=BF$4,1,0))-BF10+$B10+2)) -> 0 | BI10: =IF(BH10=0,0,MAX(0,IF(BH$4>18,IF($D10<=BH$4,2,1),IF($C10<=BH$4,1,0))-BH10+$B10+2)) -> 0 | BK10: =IF(BJ10=0,0,MAX(0,IF(BJ$4>18,IF($D10<=BJ$4,2,1),IF($C10<=BJ$4,1,0))-BJ10+$B10+2)) -> 0 | BM10: =IF(BL10=0,0,MAX(0,IF(BL$4>18,IF($D10<=BL$4,2,1),IF($C10<=BL$4,1,0))-BL10+$B10+2)) -> 0 | BO10: =IF(BN10=0,0,MAX(0,IF(BN$4>18,IF($D10<=BN$4,2,1),IF($C10<=BN$4,1,0))-BN10+$B10+2)) -> 0 | BQ10: =IF(BP10=0,0,MAX(0,IF(BP$4>18,IF($D10<=BP$4,2,1),IF($C10<=BP$4,1,0))-BP10+$B10+2)) -> 0 | BS10: =IF(BR10=0,0,MAX(0,IF(BR$4>18,IF($D10<=BR$4,2,1),IF($C10<=BR$4,1,0))-BR10+$B10+2)) -> 0 | BU10: =IF(BT10=0,0,MAX(0,IF(BT$4>18,IF($D10<=BT$4,2,1),IF($C10<=BT$4,1,0))-BT10+$B10+2)) -> 0 | BW10: 6 | BX10: 3 | BY10: 8 | BZ10: =BY10+18 -> 26 | CB10: =IF(CA10=0,0,MAX(0,IF(CA$4>18,IF($D10<=CA$4,2,1),IF($C10<=CA$4,1,0))-CA10+$B10+2)) -> 0 | CD10: =IF(CC10=0,0,MAX(0,IF(CC$4>18,IF($D10<=CC$4,2,1),IF($C10<=CC$4,1,0))-CC10+$B10+2)) -> 0 | CF10: =IF(CE10=0,0,MAX(0,IF(CE$4>18,IF($D10<=CE$4,2,1),IF($C10<=CE$4,1,0))-CE10+$B10+2)) -> 0 | CH10: =IF(CG10=0,0,MAX(0,IF(CG$4>18,IF($D10<=CG$4,2,1),IF($C10<=CG$4,1,0))-CG10+$B10+2)) -> 0 | CJ10: =IF(CI10=0,0,MAX(0,IF(CI$4>18,IF($D10<=CI$4,2,1),IF($C10<=CI$4,1,0))-CI10+$B10+2)) -> 0 | CL10: =IF(CK10=0,0,MAX(0,IF(CK$4>18,IF($D10<=CK$4,2,1),IF($C10<=CK$4,1,0))-CK10+$B10+2)) -> 0 | CN10: =IF(CM10=0,0,MAX(0,IF(CM$4>18,IF($D10<=CM$4,2,1),IF($C10<=CM$4,1,0))-CM10+$B10+2)) -> 0 | CP10: =IF(CO10=0,0,MAX(0,IF(CO$4>18,IF($D10<=CO$4,2,1),IF($C10<=CO$4,1,0))-CO10+$B10+2)) -> 0 | CR10: =IF(CQ10=0,0,MAX(0,IF(CQ$4>18,IF($D10<=CQ$4,2,1),IF($C10<=CQ$4,1,0))-CQ10+$B10+2)) -> 0 | CT10: =IF(CS10=0,0,MAX(0,IF(CS$4>18,IF($D10<=CS$4,2,1),IF($C10<=CS$4,1,0))-CS10+$B10+2)) -> 0 | CV10: =IF(CU10=0,0,MAX(0,IF(CU$4>18,IF($D10<=CU$4,2,1),IF($C10<=CU$4,1,0))-CU10+$B10+2)) -> 0 | CX10: =IF(CW10=0,0,MAX(0,IF(CW$4>18,IF($D10<=CW$4,2,1),IF($C10<=CW$4,1,0))-CW10+$B10+2)) -> 0 | CZ10: =IF(CY10=0,0,MAX(0,IF(CY$4>18,IF($D10<=CY$4,2,1),IF($C10<=CY$4,1,0))-CY10+$B10+2)) -> 0 | DB10: =IF(DA10=0,0,MAX(0,IF(DA$4>18,IF($D10<=DA$4,2,1),IF($C10<=DA$4,1,0))-DA10+$B10+2)) -> 0 | DD10: =IF(DC10=0,0,MAX(0,IF(DC$4>18,IF($D10<=DC$4,2,1),IF($C10<=DC$4,1,0))-DC10+$B10+2)) -> 0 | DF10: =IF(DE10=0,0,MAX(0,IF(DE$4>18,IF($D10<=DE$4,2,1),IF($C10<=DE$4,1,0))-DE10+$B10+2)) -> 0 | DH10: 6 | DI10: 3 | DJ10: 8 | DK10: =DJ10+18 -> 26 | DM10: =IF(DL10=0,0,MAX(0,IF(DL$4>18,IF($D10<=DL$4,2,1),IF($C10<=DL$4,1,0))-DL10+$B10+2)) -> 0 | DO10: =IF(DN10=0,0,MAX(0,IF(DN$4>18,IF($D10<=DN$4,2,1),IF($C10<=DN$4,1,0))-DN10+$B10+2)) -> 0 | DQ10: =IF(DP10=0,0,MAX(0,IF(DP$4>18,IF($D10<=DP$4,2,1),IF($C10<=DP$4,1,0))-DP10+$B10+2)) -> 0 | DS10: =IF(DR10=0,0,MAX(0,IF(DR$4>18,IF($D10<=DR$4,2,1),IF($C10<=DR$4,1,0))-DR10+$B10+2)) -> 0 | DU10: =IF(DT10=0,0,MAX(0,IF(DT$4>18,IF($D10<=DT$4,2,1),IF($C10<=DT$4,1,0))-DT10+$B10+2)) -> 0 | DW10: =IF(DV10=0,0,MAX(0,IF(DV$4>18,IF($D10<=DV$4,2,1),IF($C10<=DV$4,1,0))-DV10+$B10+2)) -> 0 | DY10: =IF(DX10=0,0,MAX(0,IF(DX$4>18,IF($D10<=DX$4,2,1),IF($C10<=DX$4,1,0))-DX10+$B10+2)) -> 0 | EA10: =IF(DZ10=0,0,MAX(0,IF(DZ$4>18,IF($D10<=DZ$4,2,1),IF($C10<=DZ$4,1,0))-DZ10+$B10+2)) -> 0 | EC10: =IF(EB10=0,0,MAX(0,IF(EB$4>18,IF($D10<=EB$4,2,1),IF($C10<=EB$4,1,0))-EB10+$B10+2)) -> 0 | EE10: =IF(ED10=0,0,MAX(0,IF(ED$4>18,IF($D10<=ED$4,2,1),IF($C10<=ED$4,1,0))-ED10+$B10+2)) -> 0 | EG10: =IF(EF10=0,0,MAX(0,IF(EF$4>18,IF($D10<=EF$4,2,1),IF($C10<=EF$4,1,0))-EF10+$B10+2)) -> 0 | EI10: =IF(EH10=0,0,MAX(0,IF(EH$4>18,IF($D10<=EH$4,2,1),IF($C10<=EH$4,1,0))-EH10+$B10+2)) -> 0 | EK10: =IF(EJ10=0,0,MAX(0,IF(EJ$4>18,IF($D10<=EJ$4,2,1),IF($C10<=EJ$4,1,0))-EJ10+$B10+2)) -> 0 | EM10: =IF(EL10=0,0,MAX(0,IF(EL$4>18,IF($D10<=EL$4,2,1),IF($C10<=EL$4,1,0))-EL10+$B10+2)) -> 0 | EO10: =IF(EN10=0,0,MAX(0,IF(EN$4>18,IF($D10<=EN$4,2,1),IF($C10<=EN$4,1,0))-EN10+$B10+2)) -> 0 | EQ10: =IF(EP10=0,0,MAX(0,IF(EP$4>18,IF($D10<=EP$4,2,1),IF($C10<=EP$4,1,0))-EP10+$B10+2)) -> 0 | ES10: 6 | ET10: 3 | EU10: 8 | EV10: =EU10+18 -> 26 | EX10: =IF(EW10=0,0,MAX(0,IF(EW$4>18,IF($D10<=EW$4,2,1),IF($C10<=EW$4,1,0))-EW10+$B10+2)) -> 0 | EZ10: =IF(EY10=0,0,MAX(0,IF(EY$4>18,IF($D10<=EY$4,2,1),IF($C10<=EY$4,1,0))-EY10+$B10+2)) -> 0 | FB10: =IF(FA10=0,0,MAX(0,IF(FA$4>18,IF($D10<=FA$4,2,1),IF($C10<=FA$4,1,0))-FA10+$B10+2)) -> 0 | FD10: =IF(FC10=0,0,MAX(0,IF(FC$4>18,IF($D10<=FC$4,2,1),IF($C10<=FC$4,1,0))-FC10+$B10+2)) -> 0 | FF10: =IF(FE10=0,0,MAX(0,IF(FE$4>18,IF($D10<=FE$4,2,1),IF($C10<=FE$4,1,0))-FE10+$B10+2)) -> 0 | FH10: =IF(FG10=0,0,MAX(0,IF(FG$4>18,IF($D10<=FG$4,2,1),IF($C10<=FG$4,1,0))-FG10+$B10+2)) -> 0 | FJ10: =IF(FI10=0,0,MAX(0,IF(FI$4>18,IF($D10<=FI$4,2,1),IF($C10<=FI$4,1,0))-FI10+$B10+2)) -> 0 | FL10: =IF(FK10=0,0,MAX(0,IF(FK$4>18,IF($D10<=FK$4,2,1),IF($C10<=FK$4,1,0))-FK10+$B10+2)) -> 0 | FN10: =IF(FM10=0,0,MAX(0,IF(FM$4>18,IF($D10<=FM$4,2,1),IF($C10<=FM$4,1,0))-FM10+$B10+2)) -> 0 | FP10: =IF(FO10=0,0,MAX(0,IF(FO$4>18,IF($D10<=FO$4,2,1),IF($C10<=FO$4,1,0))-FO10+$B10+2)) -> 0 | FR10: =IF(FQ10=0,0,MAX(0,IF(FQ$4>18,IF($D10<=FQ$4,2,1),IF($C10<=FQ$4,1,0))-FQ10+$B10+2)) -> 0 | FT10: =IF(FS10=0,0,MAX(0,IF(FS$4>18,IF($D10<=FS$4,2,1),IF($C10<=FS$4,1,0))-FS10+$B10+2)) -> 0 | FV10: =IF(FU10=0,0,MAX(0,IF(FU$4>18,IF($D10<=FU$4,2,1),IF($C10<=FU$4,1,0))-FU10+$B10+2)) -> 0 | FX10: =IF(FW10=0,0,MAX(0,IF(FW$4>18,IF($D10<=FW$4,2,1),IF($C10<=FW$4,1,0))-FW10+$B10+2)) -> 0 | FZ10: =IF(FY10=0,0,MAX(0,IF(FY$4>18,IF($D10<=FY$4,2,1),IF($C10<=FY$4,1,0))-FY10+$B10+2)) -> 0 | GB10: =IF(GA10=0,0,MAX(0,IF(GA$4>18,IF($D10<=GA$4,2,1),IF($C10<=GA$4,1,0))-GA10+$B10+2)) -> 0
A11: 7 | B11: 5 | C11: 12 | D11: =C11+18 -> 30 | F11: =IF(E11=0,0,MAX(0,IF(E$4>18,IF($D11<=E$4,2,1),IF($C11<=E$4,1,0))-E11+$B11+2)) -> 0 | H11: =IF(G11=0,0,MAX(0,IF(G$4>18,IF($D11<=G$4,2,1),IF($C11<=G$4,1,0))-G11+$B11+2)) -> 0 | J11: =IF(I11=0,0,MAX(0,IF(I$4>18,IF($D11<=I$4,2,1),IF($C11<=I$4,1,0))-I11+$B11+2)) -> 0 | L11: =IF(K11=0,0,MAX(0,IF(K$4>18,IF($D11<=K$4,2,1),IF($C11<=K$4,1,0))-K11+$B11+2)) -> 0 | N11: =IF(M11=0,0,MAX(0,IF(M$4>18,IF($D11<=M$4,2,1),IF($C11<=M$4,1,0))-M11+$B11+2)) -> 0 | P11: =IF(O11=0,0,MAX(0,IF(O$4>18,IF($D11<=O$4,2,1),IF($C11<=O$4,1,0))-O11+$B11+2)) -> 0 | R11: =IF(Q11=0,0,MAX(0,IF(Q$4>18,IF($D11<=Q$4,2,1),IF($C11<=Q$4,1,0))-Q11+$B11+2)) -> 0 | T11: =IF(S11=0,0,MAX(0,IF(S$4>18,IF($D11<=S$4,2,1),IF($C11<=S$4,1,0))-S11+$B11+2)) -> 0 | V11: =IF(U11=0,0,MAX(0,IF(U$4>18,IF($D11<=U$4,2,1),IF($C11<=U$4,1,0))-U11+$B11+2)) -> 0 | X11: =IF(W11=0,0,MAX(0,IF(W$4>18,IF($D11<=W$4,2,1),IF($C11<=W$4,1,0))-W11+$B11+2)) -> 0 | Z11: =IF(Y11=0,0,MAX(0,IF(Y$4>18,IF($D11<=Y$4,2,1),IF($C11<=Y$4,1,0))-Y11+$B11+2)) -> 0 | AB11: =IF(AA11=0,0,MAX(0,IF(AA$4>18,IF($D11<=AA$4,2,1),IF($C11<=AA$4,1,0))-AA11+$B11+2)) -> 0 | AD11: =IF(AC11=0,0,MAX(0,IF(AC$4>18,IF($D11<=AC$4,2,1),IF($C11<=AC$4,1,0))-AC11+$B11+2)) -> 0 | AF11: =IF(AE11=0,0,MAX(0,IF(AE$4>18,IF($D11<=AE$4,2,1),IF($C11<=AE$4,1,0))-AE11+$B11+2)) -> 0 | AH11: =IF(AG11=0,0,MAX(0,IF(AG$4>18,IF($D11<=AG$4,2,1),IF($C11<=AG$4,1,0))-AG11+$B11+2)) -> 0 | AJ11: =IF(AI11=0,0,MAX(0,IF(AI$4>18,IF($D11<=AI$4,2,1),IF($C11<=AI$4,1,0))-AI11+$B11+2)) -> 0 | AL11: 7 | AM11: 5 | AN11: 12 | AO11: =AN11+18 -> 30 | AQ11: =IF(AP11=0,0,MAX(0,IF(AP$4>18,IF($D11<=AP$4,2,1),IF($C11<=AP$4,1,0))-AP11+$B11+2)) -> 0 | AS11: =IF(AR11=0,0,MAX(0,IF(AR$4>18,IF($D11<=AR$4,2,1),IF($C11<=AR$4,1,0))-AR11+$B11+2)) -> 0 | AU11: =IF(AT11=0,0,MAX(0,IF(AT$4>18,IF($D11<=AT$4,2,1),IF($C11<=AT$4,1,0))-AT11+$B11+2)) -> 0 | AW11: =IF(AV11=0,0,MAX(0,IF(AV$4>18,IF($D11<=AV$4,2,1),IF($C11<=AV$4,1,0))-AV11+$B11+2)) -> 0 | AY11: =IF(AX11=0,0,MAX(0,IF(AX$4>18,IF($D11<=AX$4,2,1),IF($C11<=AX$4,1,0))-AX11+$B11+2)) -> 0 | BA11: =IF(AZ11=0,0,MAX(0,IF(AZ$4>18,IF($D11<=AZ$4,2,1),IF($C11<=AZ$4,1,0))-AZ11+$B11+2)) -> 0 | BC11: =IF(BB11=0,0,MAX(0,IF(BB$4>18,IF($D11<=BB$4,2,1),IF($C11<=BB$4,1,0))-BB11+$B11+2)) -> 0 | BE11: =IF(BD11=0,0,MAX(0,IF(BD$4>18,IF($D11<=BD$4,2,1),IF($C11<=BD$4,1,0))-BD11+$B11+2)) -> 0 | BG11: =IF(BF11=0,0,MAX(0,IF(BF$4>18,IF($D11<=BF$4,2,1),IF($C11<=BF$4,1,0))-BF11+$B11+2)) -> 0 | BI11: =IF(BH11=0,0,MAX(0,IF(BH$4>18,IF($D11<=BH$4,2,1),IF($C11<=BH$4,1,0))-BH11+$B11+2)) -> 0 | BK11: =IF(BJ11=0,0,MAX(0,IF(BJ$4>18,IF($D11<=BJ$4,2,1),IF($C11<=BJ$4,1,0))-BJ11+$B11+2)) -> 0 | BM11: =IF(BL11=0,0,MAX(0,IF(BL$4>18,IF($D11<=BL$4,2,1),IF($C11<=BL$4,1,0))-BL11+$B11+2)) -> 0 | BO11: =IF(BN11=0,0,MAX(0,IF(BN$4>18,IF($D11<=BN$4,2,1),IF($C11<=BN$4,1,0))-BN11+$B11+2)) -> 0 | BQ11: =IF(BP11=0,0,MAX(0,IF(BP$4>18,IF($D11<=BP$4,2,1),IF($C11<=BP$4,1,0))-BP11+$B11+2)) -> 0 | BS11: =IF(BR11=0,0,MAX(0,IF(BR$4>18,IF($D11<=BR$4,2,1),IF($C11<=BR$4,1,0))-BR11+$B11+2)) -> 0 | BU11: =IF(BT11=0,0,MAX(0,IF(BT$4>18,IF($D11<=BT$4,2,1),IF($C11<=BT$4,1,0))-BT11+$B11+2)) -> 0 | BW11: 7 | BX11: 5 | BY11: 12 | BZ11: =BY11+18 -> 30 | CB11: =IF(CA11=0,0,MAX(0,IF(CA$4>18,IF($D11<=CA$4,2,1),IF($C11<=CA$4,1,0))-CA11+$B11+2)) -> 0 | CD11: =IF(CC11=0,0,MAX(0,IF(CC$4>18,IF($D11<=CC$4,2,1),IF($C11<=CC$4,1,0))-CC11+$B11+2)) -> 0 | CF11: =IF(CE11=0,0,MAX(0,IF(CE$4>18,IF($D11<=CE$4,2,1),IF($C11<=CE$4,1,0))-CE11+$B11+2)) -> 0 | CH11: =IF(CG11=0,0,MAX(0,IF(CG$4>18,IF($D11<=CG$4,2,1),IF($C11<=CG$4,1,0))-CG11+$B11+2)) -> 0 | CJ11: =IF(CI11=0,0,MAX(0,IF(CI$4>18,IF($D11<=CI$4,2,1),IF($C11<=CI$4,1,0))-CI11+$B11+2)) -> 0 | CL11: =IF(CK11=0,0,MAX(0,IF(CK$4>18,IF($D11<=CK$4,2,1),IF($C11<=CK$4,1,0))-CK11+$B11+2)) -> 0 | CN11: =IF(CM11=0,0,MAX(0,IF(CM$4>18,IF($D11<=CM$4,2,1),IF($C11<=CM$4,1,0))-CM11+$B11+2)) -> 0 | CP11: =IF(CO11=0,0,MAX(0,IF(CO$4>18,IF($D11<=CO$4,2,1),IF($C11<=CO$4,1,0))-CO11+$B11+2)) -> 0 | CR11: =IF(CQ11=0,0,MAX(0,IF(CQ$4>18,IF($D11<=CQ$4,2,1),IF($C11<=CQ$4,1,0))-CQ11+$B11+2)) -> 0 | CT11: =IF(CS11=0,0,MAX(0,IF(CS$4>18,IF($D11<=CS$4,2,1),IF($C11<=CS$4,1,0))-CS11+$B11+2)) -> 0 | CV11: =IF(CU11=0,0,MAX(0,IF(CU$4>18,IF($D11<=CU$4,2,1),IF($C11<=CU$4,1,0))-CU11+$B11+2)) -> 0 | CX11: =IF(CW11=0,0,MAX(0,IF(CW$4>18,IF($D11<=CW$4,2,1),IF($C11<=CW$4,1,0))-CW11+$B11+2)) -> 0 | CZ11: =IF(CY11=0,0,MAX(0,IF(CY$4>18,IF($D11<=CY$4,2,1),IF($C11<=CY$4,1,0))-CY11+$B11+2)) -> 0 | DB11: =IF(DA11=0,0,MAX(0,IF(DA$4>18,IF($D11<=DA$4,2,1),IF($C11<=DA$4,1,0))-DA11+$B11+2)) -> 0 | DD11: =IF(DC11=0,0,MAX(0,IF(DC$4>18,IF($D11<=DC$4,2,1),IF($C11<=DC$4,1,0))-DC11+$B11+2)) -> 0 | DF11: =IF(DE11=0,0,MAX(0,IF(DE$4>18,IF($D11<=DE$4,2,1),IF($C11<=DE$4,1,0))-DE11+$B11+2)) -> 0 | DH11: 7 | DI11: 5 | DJ11: 12 | DK11: =DJ11+18 -> 30 | DM11: =IF(DL11=0,0,MAX(0,IF(DL$4>18,IF($D11<=DL$4,2,1),IF($C11<=DL$4,1,0))-DL11+$B11+2)) -> 0 | DO11: =IF(DN11=0,0,MAX(0,IF(DN$4>18,IF($D11<=DN$4,2,1),IF($C11<=DN$4,1,0))-DN11+$B11+2)) -> 0 | DQ11: =IF(DP11=0,0,MAX(0,IF(DP$4>18,IF($D11<=DP$4,2,1),IF($C11<=DP$4,1,0))-DP11+$B11+2)) -> 0 | DS11: =IF(DR11=0,0,MAX(0,IF(DR$4>18,IF($D11<=DR$4,2,1),IF($C11<=DR$4,1,0))-DR11+$B11+2)) -> 0 | DU11: =IF(DT11=0,0,MAX(0,IF(DT$4>18,IF($D11<=DT$4,2,1),IF($C11<=DT$4,1,0))-DT11+$B11+2)) -> 0 | DW11: =IF(DV11=0,0,MAX(0,IF(DV$4>18,IF($D11<=DV$4,2,1),IF($C11<=DV$4,1,0))-DV11+$B11+2)) -> 0 | DY11: =IF(DX11=0,0,MAX(0,IF(DX$4>18,IF($D11<=DX$4,2,1),IF($C11<=DX$4,1,0))-DX11+$B11+2)) -> 0 | EA11: =IF(DZ11=0,0,MAX(0,IF(DZ$4>18,IF($D11<=DZ$4,2,1),IF($C11<=DZ$4,1,0))-DZ11+$B11+2)) -> 0 | EC11: =IF(EB11=0,0,MAX(0,IF(EB$4>18,IF($D11<=EB$4,2,1),IF($C11<=EB$4,1,0))-EB11+$B11+2)) -> 0 | EE11: =IF(ED11=0,0,MAX(0,IF(ED$4>18,IF($D11<=ED$4,2,1),IF($C11<=ED$4,1,0))-ED11+$B11+2)) -> 0 | EG11: =IF(EF11=0,0,MAX(0,IF(EF$4>18,IF($D11<=EF$4,2,1),IF($C11<=EF$4,1,0))-EF11+$B11+2)) -> 0 | EI11: =IF(EH11=0,0,MAX(0,IF(EH$4>18,IF($D11<=EH$4,2,1),IF($C11<=EH$4,1,0))-EH11+$B11+2)) -> 0 | EK11: =IF(EJ11=0,0,MAX(0,IF(EJ$4>18,IF($D11<=EJ$4,2,1),IF($C11<=EJ$4,1,0))-EJ11+$B11+2)) -> 0 | EM11: =IF(EL11=0,0,MAX(0,IF(EL$4>18,IF($D11<=EL$4,2,1),IF($C11<=EL$4,1,0))-EL11+$B11+2)) -> 0 | EO11: =IF(EN11=0,0,MAX(0,IF(EN$4>18,IF($D11<=EN$4,2,1),IF($C11<=EN$4,1,0))-EN11+$B11+2)) -> 0 | EQ11: =IF(EP11=0,0,MAX(0,IF(EP$4>18,IF($D11<=EP$4,2,1),IF($C11<=EP$4,1,0))-EP11+$B11+2)) -> 0 | ES11: 7 | ET11: 5 | EU11: 12 | EV11: =EU11+18 -> 30 | EX11: =IF(EW11=0,0,MAX(0,IF(EW$4>18,IF($D11<=EW$4,2,1),IF($C11<=EW$4,1,0))-EW11+$B11+2)) -> 0 | EZ11: =IF(EY11=0,0,MAX(0,IF(EY$4>18,IF($D11<=EY$4,2,1),IF($C11<=EY$4,1,0))-EY11+$B11+2)) -> 0 | FB11: =IF(FA11=0,0,MAX(0,IF(FA$4>18,IF($D11<=FA$4,2,1),IF($C11<=FA$4,1,0))-FA11+$B11+2)) -> 0 | FD11: =IF(FC11=0,0,MAX(0,IF(FC$4>18,IF($D11<=FC$4,2,1),IF($C11<=FC$4,1,0))-FC11+$B11+2)) -> 0 | FF11: =IF(FE11=0,0,MAX(0,IF(FE$4>18,IF($D11<=FE$4,2,1),IF($C11<=FE$4,1,0))-FE11+$B11+2)) -> 0 | FH11: =IF(FG11=0,0,MAX(0,IF(FG$4>18,IF($D11<=FG$4,2,1),IF($C11<=FG$4,1,0))-FG11+$B11+2)) -> 0 | FJ11: =IF(FI11=0,0,MAX(0,IF(FI$4>18,IF($D11<=FI$4,2,1),IF($C11<=FI$4,1,0))-FI11+$B11+2)) -> 0 | FL11: =IF(FK11=0,0,MAX(0,IF(FK$4>18,IF($D11<=FK$4,2,1),IF($C11<=FK$4,1,0))-FK11+$B11+2)) -> 0 | FN11: =IF(FM11=0,0,MAX(0,IF(FM$4>18,IF($D11<=FM$4,2,1),IF($C11<=FM$4,1,0))-FM11+$B11+2)) -> 0 | FP11: =IF(FO11=0,0,MAX(0,IF(FO$4>18,IF($D11<=FO$4,2,1),IF($C11<=FO$4,1,0))-FO11+$B11+2)) -> 0 | FR11: =IF(FQ11=0,0,MAX(0,IF(FQ$4>18,IF($D11<=FQ$4,2,1),IF($C11<=FQ$4,1,0))-FQ11+$B11+2)) -> 0 | FT11: =IF(FS11=0,0,MAX(0,IF(FS$4>18,IF($D11<=FS$4,2,1),IF($C11<=FS$4,1,0))-FS11+$B11+2)) -> 0 | FV11: =IF(FU11=0,0,MAX(0,IF(FU$4>18,IF($D11<=FU$4,2,1),IF($C11<=FU$4,1,0))-FU11+$B11+2)) -> 0 | FX11: =IF(FW11=0,0,MAX(0,IF(FW$4>18,IF($D11<=FW$4,2,1),IF($C11<=FW$4,1,0))-FW11+$B11+2)) -> 0 | FZ11: =IF(FY11=0,0,MAX(0,IF(FY$4>18,IF($D11<=FY$4,2,1),IF($C11<=FY$4,1,0))-FY11+$B11+2)) -> 0 | GB11: =IF(GA11=0,0,MAX(0,IF(GA$4>18,IF($D11<=GA$4,2,1),IF($C11<=GA$4,1,0))-GA11+$B11+2)) -> 0
A12: 8 | B12: 3 | C12: 15 | D12: =C12+18 -> 33 | F12: =IF(E12=0,0,MAX(0,IF(E$4>18,IF($D12<=E$4,2,1),IF($C12<=E$4,1,0))-E12+$B12+2)) -> 0 | H12: =IF(G12=0,0,MAX(0,IF(G$4>18,IF($D12<=G$4,2,1),IF($C12<=G$4,1,0))-G12+$B12+2)) -> 0 | J12: =IF(I12=0,0,MAX(0,IF(I$4>18,IF($D12<=I$4,2,1),IF($C12<=I$4,1,0))-I12+$B12+2)) -> 0 | L12: =IF(K12=0,0,MAX(0,IF(K$4>18,IF($D12<=K$4,2,1),IF($C12<=K$4,1,0))-K12+$B12+2)) -> 0 | N12: =IF(M12=0,0,MAX(0,IF(M$4>18,IF($D12<=M$4,2,1),IF($C12<=M$4,1,0))-M12+$B12+2)) -> 0 | P12: =IF(O12=0,0,MAX(0,IF(O$4>18,IF($D12<=O$4,2,1),IF($C12<=O$4,1,0))-O12+$B12+2)) -> 0 | R12: =IF(Q12=0,0,MAX(0,IF(Q$4>18,IF($D12<=Q$4,2,1),IF($C12<=Q$4,1,0))-Q12+$B12+2)) -> 0 | T12: =IF(S12=0,0,MAX(0,IF(S$4>18,IF($D12<=S$4,2,1),IF($C12<=S$4,1,0))-S12+$B12+2)) -> 0 | V12: =IF(U12=0,0,MAX(0,IF(U$4>18,IF($D12<=U$4,2,1),IF($C12<=U$4,1,0))-U12+$B12+2)) -> 0 | X12: =IF(W12=0,0,MAX(0,IF(W$4>18,IF($D12<=W$4,2,1),IF($C12<=W$4,1,0))-W12+$B12+2)) -> 0 | Z12: =IF(Y12=0,0,MAX(0,IF(Y$4>18,IF($D12<=Y$4,2,1),IF($C12<=Y$4,1,0))-Y12+$B12+2)) -> 0 | AB12: =IF(AA12=0,0,MAX(0,IF(AA$4>18,IF($D12<=AA$4,2,1),IF($C12<=AA$4,1,0))-AA12+$B12+2)) -> 0 | AD12: =IF(AC12=0,0,MAX(0,IF(AC$4>18,IF($D12<=AC$4,2,1),IF($C12<=AC$4,1,0))-AC12+$B12+2)) -> 0 | AF12: =IF(AE12=0,0,MAX(0,IF(AE$4>18,IF($D12<=AE$4,2,1),IF($C12<=AE$4,1,0))-AE12+$B12+2)) -> 0 | AH12: =IF(AG12=0,0,MAX(0,IF(AG$4>18,IF($D12<=AG$4,2,1),IF($C12<=AG$4,1,0))-AG12+$B12+2)) -> 0 | AJ12: =IF(AI12=0,0,MAX(0,IF(AI$4>18,IF($D12<=AI$4,2,1),IF($C12<=AI$4,1,0))-AI12+$B12+2)) -> 0 | AL12: 8 | AM12: 3 | AN12: 15 | AO12: =AN12+18 -> 33 | AQ12: =IF(AP12=0,0,MAX(0,IF(AP$4>18,IF($D12<=AP$4,2,1),IF($C12<=AP$4,1,0))-AP12+$B12+2)) -> 0 | AS12: =IF(AR12=0,0,MAX(0,IF(AR$4>18,IF($D12<=AR$4,2,1),IF($C12<=AR$4,1,0))-AR12+$B12+2)) -> 0 | AU12: =IF(AT12=0,0,MAX(0,IF(AT$4>18,IF($D12<=AT$4,2,1),IF($C12<=AT$4,1,0))-AT12+$B12+2)) -> 0 | AW12: =IF(AV12=0,0,MAX(0,IF(AV$4>18,IF($D12<=AV$4,2,1),IF($C12<=AV$4,1,0))-AV12+$B12+2)) -> 0 | AY12: =IF(AX12=0,0,MAX(0,IF(AX$4>18,IF($D12<=AX$4,2,1),IF($C12<=AX$4,1,0))-AX12+$B12+2)) -> 0 | BA12: =IF(AZ12=0,0,MAX(0,IF(AZ$4>18,IF($D12<=AZ$4,2,1),IF($C12<=AZ$4,1,0))-AZ12+$B12+2)) -> 0 | BC12: =IF(BB12=0,0,MAX(0,IF(BB$4>18,IF($D12<=BB$4,2,1),IF($C12<=BB$4,1,0))-BB12+$B12+2)) -> 0 | BE12: =IF(BD12=0,0,MAX(0,IF(BD$4>18,IF($D12<=BD$4,2,1),IF($C12<=BD$4,1,0))-BD12+$B12+2)) -> 0 | BG12: =IF(BF12=0,0,MAX(0,IF(BF$4>18,IF($D12<=BF$4,2,1),IF($C12<=BF$4,1,0))-BF12+$B12+2)) -> 0 | BI12: =IF(BH12=0,0,MAX(0,IF(BH$4>18,IF($D12<=BH$4,2,1),IF($C12<=BH$4,1,0))-BH12+$B12+2)) -> 0 | BK12: =IF(BJ12=0,0,MAX(0,IF(BJ$4>18,IF($D12<=BJ$4,2,1),IF($C12<=BJ$4,1,0))-BJ12+$B12+2)) -> 0 | BM12: =IF(BL12=0,0,MAX(0,IF(BL$4>18,IF($D12<=BL$4,2,1),IF($C12<=BL$4,1,0))-BL12+$B12+2)) -> 0 | BO12: =IF(BN12=0,0,MAX(0,IF(BN$4>18,IF($D12<=BN$4,2,1),IF($C12<=BN$4,1,0))-BN12+$B12+2)) -> 0 | BQ12: =IF(BP12=0,0,MAX(0,IF(BP$4>18,IF($D12<=BP$4,2,1),IF($C12<=BP$4,1,0))-BP12+$B12+2)) -> 0 | BS12: =IF(BR12=0,0,MAX(0,IF(BR$4>18,IF($D12<=BR$4,2,1),IF($C12<=BR$4,1,0))-BR12+$B12+2)) -> 0 | BU12: =IF(BT12=0,0,MAX(0,IF(BT$4>18,IF($D12<=BT$4,2,1),IF($C12<=BT$4,1,0))-BT12+$B12+2)) -> 0 | BW12: 8 | BX12: 3 | BY12: 15 | BZ12: =BY12+18 -> 33 | CB12: =IF(CA12=0,0,MAX(0,IF(CA$4>18,IF($D12<=CA$4,2,1),IF($C12<=CA$4,1,0))-CA12+$B12+2)) -> 0 | CD12: =IF(CC12=0,0,MAX(0,IF(CC$4>18,IF($D12<=CC$4,2,1),IF($C12<=CC$4,1,0))-CC12+$B12+2)) -> 0 | CF12: =IF(CE12=0,0,MAX(0,IF(CE$4>18,IF($D12<=CE$4,2,1),IF($C12<=CE$4,1,0))-CE12+$B12+2)) -> 0 | CH12: =IF(CG12=0,0,MAX(0,IF(CG$4>18,IF($D12<=CG$4,2,1),IF($C12<=CG$4,1,0))-CG12+$B12+2)) -> 0 | CJ12: =IF(CI12=0,0,MAX(0,IF(CI$4>18,IF($D12<=CI$4,2,1),IF($C12<=CI$4,1,0))-CI12+$B12+2)) -> 0 | CL12: =IF(CK12=0,0,MAX(0,IF(CK$4>18,IF($D12<=CK$4,2,1),IF($C12<=CK$4,1,0))-CK12+$B12+2)) -> 0 | CN12: =IF(CM12=0,0,MAX(0,IF(CM$4>18,IF($D12<=CM$4,2,1),IF($C12<=CM$4,1,0))-CM12+$B12+2)) -> 0 | CP12: =IF(CO12=0,0,MAX(0,IF(CO$4>18,IF($D12<=CO$4,2,1),IF($C12<=CO$4,1,0))-CO12+$B12+2)) -> 0 | CR12: =IF(CQ12=0,0,MAX(0,IF(CQ$4>18,IF($D12<=CQ$4,2,1),IF($C12<=CQ$4,1,0))-CQ12+$B12+2)) -> 0 | CT12: =IF(CS12=0,0,MAX(0,IF(CS$4>18,IF($D12<=CS$4,2,1),IF($C12<=CS$4,1,0))-CS12+$B12+2)) -> 0 | CV12: =IF(CU12=0,0,MAX(0,IF(CU$4>18,IF($D12<=CU$4,2,1),IF($C12<=CU$4,1,0))-CU12+$B12+2)) -> 0 | CX12: =IF(CW12=0,0,MAX(0,IF(CW$4>18,IF($D12<=CW$4,2,1),IF($C12<=CW$4,1,0))-CW12+$B12+2)) -> 0 | CZ12: =IF(CY12=0,0,MAX(0,IF(CY$4>18,IF($D12<=CY$4,2,1),IF($C12<=CY$4,1,0))-CY12+$B12+2)) -> 0 | DB12: =IF(DA12=0,0,MAX(0,IF(DA$4>18,IF($D12<=DA$4,2,1),IF($C12<=DA$4,1,0))-DA12+$B12+2)) -> 0 | DD12: =IF(DC12=0,0,MAX(0,IF(DC$4>18,IF($D12<=DC$4,2,1),IF($C12<=DC$4,1,0))-DC12+$B12+2)) -> 0 | DF12: =IF(DE12=0,0,MAX(0,IF(DE$4>18,IF($D12<=DE$4,2,1),IF($C12<=DE$4,1,0))-DE12+$B12+2)) -> 0 | DH12: 8 | DI12: 3 | DJ12: 15 | DK12: =DJ12+18 -> 33 | DM12: =IF(DL12=0,0,MAX(0,IF(DL$4>18,IF($D12<=DL$4,2,1),IF($C12<=DL$4,1,0))-DL12+$B12+2)) -> 0 | DO12: =IF(DN12=0,0,MAX(0,IF(DN$4>18,IF($D12<=DN$4,2,1),IF($C12<=DN$4,1,0))-DN12+$B12+2)) -> 0 | DQ12: =IF(DP12=0,0,MAX(0,IF(DP$4>18,IF($D12<=DP$4,2,1),IF($C12<=DP$4,1,0))-DP12+$B12+2)) -> 0 | DS12: =IF(DR12=0,0,MAX(0,IF(DR$4>18,IF($D12<=DR$4,2,1),IF($C12<=DR$4,1,0))-DR12+$B12+2)) -> 0 | DU12: =IF(DT12=0,0,MAX(0,IF(DT$4>18,IF($D12<=DT$4,2,1),IF($C12<=DT$4,1,0))-DT12+$B12+2)) -> 0 | DW12: =IF(DV12=0,0,MAX(0,IF(DV$4>18,IF($D12<=DV$4,2,1),IF($C12<=DV$4,1,0))-DV12+$B12+2)) -> 0 | DY12: =IF(DX12=0,0,MAX(0,IF(DX$4>18,IF($D12<=DX$4,2,1),IF($C12<=DX$4,1,0))-DX12+$B12+2)) -> 0 | EA12: =IF(DZ12=0,0,MAX(0,IF(DZ$4>18,IF($D12<=DZ$4,2,1),IF($C12<=DZ$4,1,0))-DZ12+$B12+2)) -> 0 | EC12: =IF(EB12=0,0,MAX(0,IF(EB$4>18,IF($D12<=EB$4,2,1),IF($C12<=EB$4,1,0))-EB12+$B12+2)) -> 0 | EE12: =IF(ED12=0,0,MAX(0,IF(ED$4>18,IF($D12<=ED$4,2,1),IF($C12<=ED$4,1,0))-ED12+$B12+2)) -> 0 | EG12: =IF(EF12=0,0,MAX(0,IF(EF$4>18,IF($D12<=EF$4,2,1),IF($C12<=EF$4,1,0))-EF12+$B12+2)) -> 0 | EI12: =IF(EH12=0,0,MAX(0,IF(EH$4>18,IF($D12<=EH$4,2,1),IF($C12<=EH$4,1,0))-EH12+$B12+2)) -> 0 | EK12: =IF(EJ12=0,0,MAX(0,IF(EJ$4>18,IF($D12<=EJ$4,2,1),IF($C12<=EJ$4,1,0))-EJ12+$B12+2)) -> 0 | EM12: =IF(EL12=0,0,MAX(0,IF(EL$4>18,IF($D12<=EL$4,2,1),IF($C12<=EL$4,1,0))-EL12+$B12+2)) -> 0 | EO12: =IF(EN12=0,0,MAX(0,IF(EN$4>18,IF($D12<=EN$4,2,1),IF($C12<=EN$4,1,0))-EN12+$B12+2)) -> 0 | EQ12: =IF(EP12=0,0,MAX(0,IF(EP$4>18,IF($D12<=EP$4,2,1),IF($C12<=EP$4,1,0))-EP12+$B12+2)) -> 0 | ES12: 8 | ET12: 3 | EU12: 15 | EV12: =EU12+18 -> 33 | EX12: =IF(EW12=0,0,MAX(0,IF(EW$4>18,IF($D12<=EW$4,2,1),IF($C12<=EW$4,1,0))-EW12+$B12+2)) -> 0 | EZ12: =IF(EY12=0,0,MAX(0,IF(EY$4>18,IF($D12<=EY$4,2,1),IF($C12<=EY$4,1,0))-EY12+$B12+2)) -> 0 | FB12: =IF(FA12=0,0,MAX(0,IF(FA$4>18,IF($D12<=FA$4,2,1),IF($C12<=FA$4,1,0))-FA12+$B12+2)) -> 0 | FD12: =IF(FC12=0,0,MAX(0,IF(FC$4>18,IF($D12<=FC$4,2,1),IF($C12<=FC$4,1,0))-FC12+$B12+2)) -> 0 | FF12: =IF(FE12=0,0,MAX(0,IF(FE$4>18,IF($D12<=FE$4,2,1),IF($C12<=FE$4,1,0))-FE12+$B12+2)) -> 0 | FH12: =IF(FG12=0,0,MAX(0,IF(FG$4>18,IF($D12<=FG$4,2,1),IF($C12<=FG$4,1,0))-FG12+$B12+2)) -> 0 | FJ12: =IF(FI12=0,0,MAX(0,IF(FI$4>18,IF($D12<=FI$4,2,1),IF($C12<=FI$4,1,0))-FI12+$B12+2)) -> 0 | FL12: =IF(FK12=0,0,MAX(0,IF(FK$4>18,IF($D12<=FK$4,2,1),IF($C12<=FK$4,1,0))-FK12+$B12+2)) -> 0 | FN12: =IF(FM12=0,0,MAX(0,IF(FM$4>18,IF($D12<=FM$4,2,1),IF($C12<=FM$4,1,0))-FM12+$B12+2)) -> 0 | FP12: =IF(FO12=0,0,MAX(0,IF(FO$4>18,IF($D12<=FO$4,2,1),IF($C12<=FO$4,1,0))-FO12+$B12+2)) -> 0 | FR12: =IF(FQ12=0,0,MAX(0,IF(FQ$4>18,IF($D12<=FQ$4,2,1),IF($C12<=FQ$4,1,0))-FQ12+$B12+2)) -> 0 | FT12: =IF(FS12=0,0,MAX(0,IF(FS$4>18,IF($D12<=FS$4,2,1),IF($C12<=FS$4,1,0))-FS12+$B12+2)) -> 0 | FV12: =IF(FU12=0,0,MAX(0,IF(FU$4>18,IF($D12<=FU$4,2,1),IF($C12<=FU$4,1,0))-FU12+$B12+2)) -> 0 | FX12: =IF(FW12=0,0,MAX(0,IF(FW$4>18,IF($D12<=FW$4,2,1),IF($C12<=FW$4,1,0))-FW12+$B12+2)) -> 0 | FZ12: =IF(FY12=0,0,MAX(0,IF(FY$4>18,IF($D12<=FY$4,2,1),IF($C12<=FY$4,1,0))-FY12+$B12+2)) -> 0 | GB12: =IF(GA12=0,0,MAX(0,IF(GA$4>18,IF($D12<=GA$4,2,1),IF($C12<=GA$4,1,0))-GA12+$B12+2)) -> 0
A13: 9 | B13: 5 | C13: 18 | D13: =C13+18 -> 36 | F13: =IF(E13=0,0,MAX(0,IF(E$4>18,IF($D13<=E$4,2,1),IF($C13<=E$4,1,0))-E13+$B13+2)) -> 0 | H13: =IF(G13=0,0,MAX(0,IF(G$4>18,IF($D13<=G$4,2,1),IF($C13<=G$4,1,0))-G13+$B13+2)) -> 0 | J13: =IF(I13=0,0,MAX(0,IF(I$4>18,IF($D13<=I$4,2,1),IF($C13<=I$4,1,0))-I13+$B13+2)) -> 0 | L13: =IF(K13=0,0,MAX(0,IF(K$4>18,IF($D13<=K$4,2,1),IF($C13<=K$4,1,0))-K13+$B13+2)) -> 0 | N13: =IF(M13=0,0,MAX(0,IF(M$4>18,IF($D13<=M$4,2,1),IF($C13<=M$4,1,0))-M13+$B13+2)) -> 0 | P13: =IF(O13=0,0,MAX(0,IF(O$4>18,IF($D13<=O$4,2,1),IF($C13<=O$4,1,0))-O13+$B13+2)) -> 0 | R13: =IF(Q13=0,0,MAX(0,IF(Q$4>18,IF($D13<=Q$4,2,1),IF($C13<=Q$4,1,0))-Q13+$B13+2)) -> 0 | T13: =IF(S13=0,0,MAX(0,IF(S$4>18,IF($D13<=S$4,2,1),IF($C13<=S$4,1,0))-S13+$B13+2)) -> 0 | V13: =IF(U13=0,0,MAX(0,IF(U$4>18,IF($D13<=U$4,2,1),IF($C13<=U$4,1,0))-U13+$B13+2)) -> 0 | X13: =IF(W13=0,0,MAX(0,IF(W$4>18,IF($D13<=W$4,2,1),IF($C13<=W$4,1,0))-W13+$B13+2)) -> 0 | Z13: =IF(Y13=0,0,MAX(0,IF(Y$4>18,IF($D13<=Y$4,2,1),IF($C13<=Y$4,1,0))-Y13+$B13+2)) -> 0 | AB13: =IF(AA13=0,0,MAX(0,IF(AA$4>18,IF($D13<=AA$4,2,1),IF($C13<=AA$4,1,0))-AA13+$B13+2)) -> 0 | AD13: =IF(AC13=0,0,MAX(0,IF(AC$4>18,IF($D13<=AC$4,2,1),IF($C13<=AC$4,1,0))-AC13+$B13+2)) -> 0 | AF13: =IF(AE13=0,0,MAX(0,IF(AE$4>18,IF($D13<=AE$4,2,1),IF($C13<=AE$4,1,0))-AE13+$B13+2)) -> 0 | AH13: =IF(AG13=0,0,MAX(0,IF(AG$4>18,IF($D13<=AG$4,2,1),IF($C13<=AG$4,1,0))-AG13+$B13+2)) -> 0 | AJ13: =IF(AI13=0,0,MAX(0,IF(AI$4>18,IF($D13<=AI$4,2,1),IF($C13<=AI$4,1,0))-AI13+$B13+2)) -> 0 | AL13: 9 | AM13: 5 | AN13: 18 | AO13: =AN13+18 -> 36 | AQ13: =IF(AP13=0,0,MAX(0,IF(AP$4>18,IF($D13<=AP$4,2,1),IF($C13<=AP$4,1,0))-AP13+$B13+2)) -> 0 | AS13: =IF(AR13=0,0,MAX(0,IF(AR$4>18,IF($D13<=AR$4,2,1),IF($C13<=AR$4,1,0))-AR13+$B13+2)) -> 0 | AU13: =IF(AT13=0,0,MAX(0,IF(AT$4>18,IF($D13<=AT$4,2,1),IF($C13<=AT$4,1,0))-AT13+$B13+2)) -> 0 | AW13: =IF(AV13=0,0,MAX(0,IF(AV$4>18,IF($D13<=AV$4,2,1),IF($C13<=AV$4,1,0))-AV13+$B13+2)) -> 0 | AY13: =IF(AX13=0,0,MAX(0,IF(AX$4>18,IF($D13<=AX$4,2,1),IF($C13<=AX$4,1,0))-AX13+$B13+2)) -> 0 | BA13: =IF(AZ13=0,0,MAX(0,IF(AZ$4>18,IF($D13<=AZ$4,2,1),IF($C13<=AZ$4,1,0))-AZ13+$B13+2)) -> 0 | BC13: =IF(BB13=0,0,MAX(0,IF(BB$4>18,IF($D13<=BB$4,2,1),IF($C13<=BB$4,1,0))-BB13+$B13+2)) -> 0 | BE13: =IF(BD13=0,0,MAX(0,IF(BD$4>18,IF($D13<=BD$4,2,1),IF($C13<=BD$4,1,0))-BD13+$B13+2)) -> 0 | BG13: =IF(BF13=0,0,MAX(0,IF(BF$4>18,IF($D13<=BF$4,2,1),IF($C13<=BF$4,1,0))-BF13+$B13+2)) -> 0 | BI13: =IF(BH13=0,0,MAX(0,IF(BH$4>18,IF($D13<=BH$4,2,1),IF($C13<=BH$4,1,0))-BH13+$B13+2)) -> 0 | BK13: =IF(BJ13=0,0,MAX(0,IF(BJ$4>18,IF($D13<=BJ$4,2,1),IF($C13<=BJ$4,1,0))-BJ13+$B13+2)) -> 0 | BM13: =IF(BL13=0,0,MAX(0,IF(BL$4>18,IF($D13<=BL$4,2,1),IF($C13<=BL$4,1,0))-BL13+$B13+2)) -> 0 | BO13: =IF(BN13=0,0,MAX(0,IF(BN$4>18,IF($D13<=BN$4,2,1),IF($C13<=BN$4,1,0))-BN13+$B13+2)) -> 0 | BQ13: =IF(BP13=0,0,MAX(0,IF(BP$4>18,IF($D13<=BP$4,2,1),IF($C13<=BP$4,1,0))-BP13+$B13+2)) -> 0 | BS13: =IF(BR13=0,0,MAX(0,IF(BR$4>18,IF($D13<=BR$4,2,1),IF($C13<=BR$4,1,0))-BR13+$B13+2)) -> 0 | BU13: =IF(BT13=0,0,MAX(0,IF(BT$4>18,IF($D13<=BT$4,2,1),IF($C13<=BT$4,1,0))-BT13+$B13+2)) -> 0 | BW13: 9 | BX13: 5 | BY13: 18 | BZ13: =BY13+18 -> 36 | CB13: =IF(CA13=0,0,MAX(0,IF(CA$4>18,IF($D13<=CA$4,2,1),IF($C13<=CA$4,1,0))-CA13+$B13+2)) -> 0 | CD13: =IF(CC13=0,0,MAX(0,IF(CC$4>18,IF($D13<=CC$4,2,1),IF($C13<=CC$4,1,0))-CC13+$B13+2)) -> 0 | CF13: =IF(CE13=0,0,MAX(0,IF(CE$4>18,IF($D13<=CE$4,2,1),IF($C13<=CE$4,1,0))-CE13+$B13+2)) -> 0 | CH13: =IF(CG13=0,0,MAX(0,IF(CG$4>18,IF($D13<=CG$4,2,1),IF($C13<=CG$4,1,0))-CG13+$B13+2)) -> 0 | CJ13: =IF(CI13=0,0,MAX(0,IF(CI$4>18,IF($D13<=CI$4,2,1),IF($C13<=CI$4,1,0))-CI13+$B13+2)) -> 0 | CL13: =IF(CK13=0,0,MAX(0,IF(CK$4>18,IF($D13<=CK$4,2,1),IF($C13<=CK$4,1,0))-CK13+$B13+2)) -> 0 | CN13: =IF(CM13=0,0,MAX(0,IF(CM$4>18,IF($D13<=CM$4,2,1),IF($C13<=CM$4,1,0))-CM13+$B13+2)) -> 0 | CP13: =IF(CO13=0,0,MAX(0,IF(CO$4>18,IF($D13<=CO$4,2,1),IF($C13<=CO$4,1,0))-CO13+$B13+2)) -> 0 | CR13: =IF(CQ13=0,0,MAX(0,IF(CQ$4>18,IF($D13<=CQ$4,2,1),IF($C13<=CQ$4,1,0))-CQ13+$B13+2)) -> 0 | CT13: =IF(CS13=0,0,MAX(0,IF(CS$4>18,IF($D13<=CS$4,2,1),IF($C13<=CS$4,1,0))-CS13+$B13+2)) -> 0 | CV13: =IF(CU13=0,0,MAX(0,IF(CU$4>18,IF($D13<=CU$4,2,1),IF($C13<=CU$4,1,0))-CU13+$B13+2)) -> 0 | CX13: =IF(CW13=0,0,MAX(0,IF(CW$4>18,IF($D13<=CW$4,2,1),IF($C13<=CW$4,1,0))-CW13+$B13+2)) -> 0 | CZ13: =IF(CY13=0,0,MAX(0,IF(CY$4>18,IF($D13<=CY$4,2,1),IF($C13<=CY$4,1,0))-CY13+$B13+2)) -> 0 | DB13: =IF(DA13=0,0,MAX(0,IF(DA$4>18,IF($D13<=DA$4,2,1),IF($C13<=DA$4,1,0))-DA13+$B13+2)) -> 0 | DD13: =IF(DC13=0,0,MAX(0,IF(DC$4>18,IF($D13<=DC$4,2,1),IF($C13<=DC$4,1,0))-DC13+$B13+2)) -> 0 | DF13: =IF(DE13=0,0,MAX(0,IF(DE$4>18,IF($D13<=DE$4,2,1),IF($C13<=DE$4,1,0))-DE13+$B13+2)) -> 0 | DH13: 9 | DI13: 5 | DJ13: 18 | DK13: =DJ13+18 -> 36 | DM13: =IF(DL13=0,0,MAX(0,IF(DL$4>18,IF($D13<=DL$4,2,1),IF($C13<=DL$4,1,0))-DL13+$B13+2)) -> 0 | DO13: =IF(DN13=0,0,MAX(0,IF(DN$4>18,IF($D13<=DN$4,2,1),IF($C13<=DN$4,1,0))-DN13+$B13+2)) -> 0 | DQ13: =IF(DP13=0,0,MAX(0,IF(DP$4>18,IF($D13<=DP$4,2,1),IF($C13<=DP$4,1,0))-DP13+$B13+2)) -> 0 | DS13: =IF(DR13=0,0,MAX(0,IF(DR$4>18,IF($D13<=DR$4,2,1),IF($C13<=DR$4,1,0))-DR13+$B13+2)) -> 0 | DU13: =IF(DT13=0,0,MAX(0,IF(DT$4>18,IF($D13<=DT$4,2,1),IF($C13<=DT$4,1,0))-DT13+$B13+2)) -> 0 | DW13: =IF(DV13=0,0,MAX(0,IF(DV$4>18,IF($D13<=DV$4,2,1),IF($C13<=DV$4,1,0))-DV13+$B13+2)) -> 0 | DY13: =IF(DX13=0,0,MAX(0,IF(DX$4>18,IF($D13<=DX$4,2,1),IF($C13<=DX$4,1,0))-DX13+$B13+2)) -> 0 | EA13: =IF(DZ13=0,0,MAX(0,IF(DZ$4>18,IF($D13<=DZ$4,2,1),IF($C13<=DZ$4,1,0))-DZ13+$B13+2)) -> 0 | EC13: =IF(EB13=0,0,MAX(0,IF(EB$4>18,IF($D13<=EB$4,2,1),IF($C13<=EB$4,1,0))-EB13+$B13+2)) -> 0 | EE13: =IF(ED13=0,0,MAX(0,IF(ED$4>18,IF($D13<=ED$4,2,1),IF($C13<=ED$4,1,0))-ED13+$B13+2)) -> 0 | EG13: =IF(EF13=0,0,MAX(0,IF(EF$4>18,IF($D13<=EF$4,2,1),IF($C13<=EF$4,1,0))-EF13+$B13+2)) -> 0 | EI13: =IF(EH13=0,0,MAX(0,IF(EH$4>18,IF($D13<=EH$4,2,1),IF($C13<=EH$4,1,0))-EH13+$B13+2)) -> 0 | EK13: =IF(EJ13=0,0,MAX(0,IF(EJ$4>18,IF($D13<=EJ$4,2,1),IF($C13<=EJ$4,1,0))-EJ13+$B13+2)) -> 0 | EM13: =IF(EL13=0,0,MAX(0,IF(EL$4>18,IF($D13<=EL$4,2,1),IF($C13<=EL$4,1,0))-EL13+$B13+2)) -> 0 | EO13: =IF(EN13=0,0,MAX(0,IF(EN$4>18,IF($D13<=EN$4,2,1),IF($C13<=EN$4,1,0))-EN13+$B13+2)) -> 0 | EQ13: =IF(EP13=0,0,MAX(0,IF(EP$4>18,IF($D13<=EP$4,2,1),IF($C13<=EP$4,1,0))-EP13+$B13+2)) -> 0 | ES13: 9 | ET13: 5 | EU13: 18 | EV13: =EU13+18 -> 36 | EX13: =IF(EW13=0,0,MAX(0,IF(EW$4>18,IF($D13<=EW$4,2,1),IF($C13<=EW$4,1,0))-EW13+$B13+2)) -> 0 | EZ13: =IF(EY13=0,0,MAX(0,IF(EY$4>18,IF($D13<=EY$4,2,1),IF($C13<=EY$4,1,0))-EY13+$B13+2)) -> 0 | FB13: =IF(FA13=0,0,MAX(0,IF(FA$4>18,IF($D13<=FA$4,2,1),IF($C13<=FA$4,1,0))-FA13+$B13+2)) -> 0 | FD13: =IF(FC13=0,0,MAX(0,IF(FC$4>18,IF($D13<=FC$4,2,1),IF($C13<=FC$4,1,0))-FC13+$B13+2)) -> 0 | FF13: =IF(FE13=0,0,MAX(0,IF(FE$4>18,IF($D13<=FE$4,2,1),IF($C13<=FE$4,1,0))-FE13+$B13+2)) -> 0 | FH13: =IF(FG13=0,0,MAX(0,IF(FG$4>18,IF($D13<=FG$4,2,1),IF($C13<=FG$4,1,0))-FG13+$B13+2)) -> 0 | FJ13: =IF(FI13=0,0,MAX(0,IF(FI$4>18,IF($D13<=FI$4,2,1),IF($C13<=FI$4,1,0))-FI13+$B13+2)) -> 0 | FL13: =IF(FK13=0,0,MAX(0,IF(FK$4>18,IF($D13<=FK$4,2,1),IF($C13<=FK$4,1,0))-FK13+$B13+2)) -> 0 | FN13: =IF(FM13=0,0,MAX(0,IF(FM$4>18,IF($D13<=FM$4,2,1),IF($C13<=FM$4,1,0))-FM13+$B13+2)) -> 0 | FP13: =IF(FO13=0,0,MAX(0,IF(FO$4>18,IF($D13<=FO$4,2,1),IF($C13<=FO$4,1,0))-FO13+$B13+2)) -> 0 | FR13: =IF(FQ13=0,0,MAX(0,IF(FQ$4>18,IF($D13<=FQ$4,2,1),IF($C13<=FQ$4,1,0))-FQ13+$B13+2)) -> 0 | FT13: =IF(FS13=0,0,MAX(0,IF(FS$4>18,IF($D13<=FS$4,2,1),IF($C13<=FS$4,1,0))-FS13+$B13+2)) -> 0 | FV13: =IF(FU13=0,0,MAX(0,IF(FU$4>18,IF($D13<=FU$4,2,1),IF($C13<=FU$4,1,0))-FU13+$B13+2)) -> 0 | FX13: =IF(FW13=0,0,MAX(0,IF(FW$4>18,IF($D13<=FW$4,2,1),IF($C13<=FW$4,1,0))-FW13+$B13+2)) -> 0 | FZ13: =IF(FY13=0,0,MAX(0,IF(FY$4>18,IF($D13<=FY$4,2,1),IF($C13<=FY$4,1,0))-FY13+$B13+2)) -> 0 | GB13: =IF(GA13=0,0,MAX(0,IF(GA$4>18,IF($D13<=GA$4,2,1),IF($C13<=GA$4,1,0))-GA13+$B13+2)) -> 0
A14: Out | B14: =SUM(B5:B13) -> 36 | F14: =SUM(F5:F13) -> 0 | H14: =SUM(H5:H13) -> 0 | J14: =SUM(J5:J13) -> 0 | L14: =SUM(L5:L13) -> 0 | N14: =SUM(N5:N13) -> 0 | P14: =SUM(P5:P13) -> 0 | R14: =SUM(R5:R13) -> 0 | T14: =SUM(T5:T13) -> 0 | V14: =SUM(V5:V13) -> 0 | X14: =SUM(X5:X13) -> 0 | Z14: =SUM(Z5:Z13) -> 0 | AB14: =SUM(AB5:AB13) -> 0 | AD14: =SUM(AD5:AD13) -> 0 | AF14: =SUM(AF5:AF13) -> 0 | AH14: =SUM(AH5:AH13) -> 0 | AJ14: =SUM(AJ5:AJ13) -> 0 | AL14: Out | AM14: =SUM(AM5:AM13) -> 36 | AQ14: =SUM(AQ5:AQ13) -> 0 | AS14: =SUM(AS5:AS13) -> 0 | AU14: =SUM(AU5:AU13) -> 0 | AW14: =SUM(AW5:AW13) -> 0 | AY14: =SUM(AY5:AY13) -> 0 | BA14: =SUM(BA5:BA13) -> 0 | BC14: =SUM(BC5:BC13) -> 0 | BE14: =SUM(BE5:BE13) -> 0 | BG14: =SUM(BG5:BG13) -> 0 | BI14: =SUM(BI5:BI13) -> 0 | BK14: =SUM(BK5:BK13) -> 0 | BM14: =SUM(BM5:BM13) -> 0 | BO14: =SUM(BO5:BO13) -> 0 | BQ14: =SUM(BQ5:BQ13) -> 0 | BS14: =SUM(BS5:BS13) -> 0 | BU14: =SUM(BU5:BU13) -> 0 | BW14: Out | BX14: =SUM(BX5:BX13) -> 36 | CB14: =SUM(CB5:CB13) -> 0 | CD14: =SUM(CD5:CD13) -> 0 | CF14: =SUM(CF5:CF13) -> 0 | CH14: =SUM(CH5:CH13) -> 0 | CJ14: =SUM(CJ5:CJ13) -> 0 | CL14: =SUM(CL5:CL13) -> 0 | CN14: =SUM(CN5:CN13) -> 0 | CP14: =SUM(CP5:CP13) -> 0 | CR14: =SUM(CR5:CR13) -> 0 | CT14: =SUM(CT5:CT13) -> 0 | CV14: =SUM(CV5:CV13) -> 0 | CX14: =SUM(CX5:CX13) -> 0 | CZ14: =SUM(CZ5:CZ13) -> 0 | DB14: =SUM(DB5:DB13) -> 0 | DD14: =SUM(DD5:DD13) -> 0 | DF14: =SUM(DF5:DF13) -> 0 | DH14: Out | DI14: =SUM(DI5:DI13) -> 36 | DM14: =SUM(DM5:DM13) -> 0 | DO14: =SUM(DO5:DO13) -> 0 | DQ14: =SUM(DQ5:DQ13) -> 0 | DS14: =SUM(DS5:DS13) -> 0 | DU14: =SUM(DU5:DU13) -> 0 | DW14: =SUM(DW5:DW13) -> 0 | DY14: =SUM(DY5:DY13) -> 0 | EA14: =SUM(EA5:EA13) -> 0 | EC14: =SUM(EC5:EC13) -> 0 | EE14: =SUM(EE5:EE13) -> 0 | EG14: =SUM(EG5:EG13) -> 0 | EI14: =SUM(EI5:EI13) -> 0 | EK14: =SUM(EK5:EK13) -> 0 | EM14: =SUM(EM5:EM13) -> 0 | EO14: =SUM(EO5:EO13) -> 0 | EQ14: =SUM(EQ5:EQ13) -> 0 | ES14: Out | ET14: =SUM(ET5:ET13) -> 36 | EX14: =SUM(EX5:EX13) -> 0 | EZ14: =SUM(EZ5:EZ13) -> 0 | FB14: =SUM(FB5:FB13) -> 0 | FD14: =SUM(FD5:FD13) -> 0 | FF14: =SUM(FF5:FF13) -> 0 | FH14: =SUM(FH5:FH13) -> 0 | FJ14: =SUM(FJ5:FJ13) -> 0 | FL14: =SUM(FL5:FL13) -> 0 | FN14: =SUM(FN5:FN13) -> 0 | FP14: =SUM(FP5:FP13) -> 0 | FR14: =SUM(FR5:FR13) -> 0 | FT14: =SUM(FT5:FT13) -> 0 | FV14: =SUM(FV5:FV13) -> 0 | FX14: =SUM(FX5:FX13) -> 0 | FZ14: =SUM(FZ5:FZ13) -> 0 | GB14: =SUM(GB5:GB13) -> 0
A15: 10 | B15: 4 | C15: 1 | D15: =C15+18 -> 19 | F15: =IF(E15=0,0,MAX(0,IF(E$4>18,IF($D15<=E$4,2,1),IF($C15<=E$4,1,0))-E15+$B15+2)) -> 0 | H15: =IF(G15=0,0,MAX(0,IF(G$4>18,IF($D15<=G$4,2,1),IF($C15<=G$4,1,0))-G15+$B15+2)) -> 0 | J15: =IF(I15=0,0,MAX(0,IF(I$4>18,IF($D15<=I$4,2,1),IF($C15<=I$4,1,0))-I15+$B15+2)) -> 0 | L15: =IF(K15=0,0,MAX(0,IF(K$4>18,IF($D15<=K$4,2,1),IF($C15<=K$4,1,0))-K15+$B15+2)) -> 0 | N15: =IF(M15=0,0,MAX(0,IF(M$4>18,IF($D15<=M$4,2,1),IF($C15<=M$4,1,0))-M15+$B15+2)) -> 0 | P15: =IF(O15=0,0,MAX(0,IF(O$4>18,IF($D15<=O$4,2,1),IF($C15<=O$4,1,0))-O15+$B15+2)) -> 0 | R15: =IF(Q15=0,0,MAX(0,IF(Q$4>18,IF($D15<=Q$4,2,1),IF($C15<=Q$4,1,0))-Q15+$B15+2)) -> 0 | T15: =IF(S15=0,0,MAX(0,IF(S$4>18,IF($D15<=S$4,2,1),IF($C15<=S$4,1,0))-S15+$B15+2)) -> 0 | V15: =IF(U15=0,0,MAX(0,IF(U$4>18,IF($D15<=U$4,2,1),IF($C15<=U$4,1,0))-U15+$B15+2)) -> 0 | X15: =IF(W15=0,0,MAX(0,IF(W$4>18,IF($D15<=W$4,2,1),IF($C15<=W$4,1,0))-W15+$B15+2)) -> 0 | Z15: =IF(Y15=0,0,MAX(0,IF(Y$4>18,IF($D15<=Y$4,2,1),IF($C15<=Y$4,1,0))-Y15+$B15+2)) -> 0 | AB15: =IF(AA15=0,0,MAX(0,IF(AA$4>18,IF($D15<=AA$4,2,1),IF($C15<=AA$4,1,0))-AA15+$B15+2)) -> 0 | AD15: =IF(AC15=0,0,MAX(0,IF(AC$4>18,IF($D15<=AC$4,2,1),IF($C15<=AC$4,1,0))-AC15+$B15+2)) -> 0 | AF15: =IF(AE15=0,0,MAX(0,IF(AE$4>18,IF($D15<=AE$4,2,1),IF($C15<=AE$4,1,0))-AE15+$B15+2)) -> 0 | AH15: =IF(AG15=0,0,MAX(0,IF(AG$4>18,IF($D15<=AG$4,2,1),IF($C15<=AG$4,1,0))-AG15+$B15+2)) -> 0 | AJ15: =IF(AI15=0,0,MAX(0,IF(AI$4>18,IF($D15<=AI$4,2,1),IF($C15<=AI$4,1,0))-AI15+$B15+2)) -> 0 | AL15: 10 | AM15: 4 | AN15: 1 | AO15: =AN15+18 -> 19 | AQ15: =IF(AP15=0,0,MAX(0,IF(AP$4>18,IF($D15<=AP$4,2,1),IF($C15<=AP$4,1,0))-AP15+$B15+2)) -> 0 | AS15: =IF(AR15=0,0,MAX(0,IF(AR$4>18,IF($D15<=AR$4,2,1),IF($C15<=AR$4,1,0))-AR15+$B15+2)) -> 0 | AU15: =IF(AT15=0,0,MAX(0,IF(AT$4>18,IF($D15<=AT$4,2,1),IF($C15<=AT$4,1,0))-AT15+$B15+2)) -> 0 | AW15: =IF(AV15=0,0,MAX(0,IF(AV$4>18,IF($D15<=AV$4,2,1),IF($C15<=AV$4,1,0))-AV15+$B15+2)) -> 0 | AY15: =IF(AX15=0,0,MAX(0,IF(AX$4>18,IF($D15<=AX$4,2,1),IF($C15<=AX$4,1,0))-AX15+$B15+2)) -> 0 | BA15: =IF(AZ15=0,0,MAX(0,IF(AZ$4>18,IF($D15<=AZ$4,2,1),IF($C15<=AZ$4,1,0))-AZ15+$B15+2)) -> 0 | BC15: =IF(BB15=0,0,MAX(0,IF(BB$4>18,IF($D15<=BB$4,2,1),IF($C15<=BB$4,1,0))-BB15+$B15+2)) -> 0 | BE15: =IF(BD15=0,0,MAX(0,IF(BD$4>18,IF($D15<=BD$4,2,1),IF($C15<=BD$4,1,0))-BD15+$B15+2)) -> 0 | BG15: =IF(BF15=0,0,MAX(0,IF(BF$4>18,IF($D15<=BF$4,2,1),IF($C15<=BF$4,1,0))-BF15+$B15+2)) -> 0 | BI15: =IF(BH15=0,0,MAX(0,IF(BH$4>18,IF($D15<=BH$4,2,1),IF($C15<=BH$4,1,0))-BH15+$B15+2)) -> 0 | BK15: =IF(BJ15=0,0,MAX(0,IF(BJ$4>18,IF($D15<=BJ$4,2,1),IF($C15<=BJ$4,1,0))-BJ15+$B15+2)) -> 0 | BM15: =IF(BL15=0,0,MAX(0,IF(BL$4>18,IF($D15<=BL$4,2,1),IF($C15<=BL$4,1,0))-BL15+$B15+2)) -> 0 | BO15: =IF(BN15=0,0,MAX(0,IF(BN$4>18,IF($D15<=BN$4,2,1),IF($C15<=BN$4,1,0))-BN15+$B15+2)) -> 0 | BQ15: =IF(BP15=0,0,MAX(0,IF(BP$4>18,IF($D15<=BP$4,2,1),IF($C15<=BP$4,1,0))-BP15+$B15+2)) -> 0 | BS15: =IF(BR15=0,0,MAX(0,IF(BR$4>18,IF($D15<=BR$4,2,1),IF($C15<=BR$4,1,0))-BR15+$B15+2)) -> 0 | BU15: =IF(BT15=0,0,MAX(0,IF(BT$4>18,IF($D15<=BT$4,2,1),IF($C15<=BT$4,1,0))-BT15+$B15+2)) -> 0 | BW15: 10 | BX15: 4 | BY15: 1 | BZ15: =BY15+18 -> 19 | CB15: =IF(CA15=0,0,MAX(0,IF(CA$4>18,IF($D15<=CA$4,2,1),IF($C15<=CA$4,1,0))-CA15+$B15+2)) -> 0 | CD15: =IF(CC15=0,0,MAX(0,IF(CC$4>18,IF($D15<=CC$4,2,1),IF($C15<=CC$4,1,0))-CC15+$B15+2)) -> 0 | CF15: =IF(CE15=0,0,MAX(0,IF(CE$4>18,IF($D15<=CE$4,2,1),IF($C15<=CE$4,1,0))-CE15+$B15+2)) -> 0 | CH15: =IF(CG15=0,0,MAX(0,IF(CG$4>18,IF($D15<=CG$4,2,1),IF($C15<=CG$4,1,0))-CG15+$B15+2)) -> 0 | CJ15: =IF(CI15=0,0,MAX(0,IF(CI$4>18,IF($D15<=CI$4,2,1),IF($C15<=CI$4,1,0))-CI15+$B15+2)) -> 0 | CL15: =IF(CK15=0,0,MAX(0,IF(CK$4>18,IF($D15<=CK$4,2,1),IF($C15<=CK$4,1,0))-CK15+$B15+2)) -> 0 | CN15: =IF(CM15=0,0,MAX(0,IF(CM$4>18,IF($D15<=CM$4,2,1),IF($C15<=CM$4,1,0))-CM15+$B15+2)) -> 0 | CP15: =IF(CO15=0,0,MAX(0,IF(CO$4>18,IF($D15<=CO$4,2,1),IF($C15<=CO$4,1,0))-CO15+$B15+2)) -> 0 | CR15: =IF(CQ15=0,0,MAX(0,IF(CQ$4>18,IF($D15<=CQ$4,2,1),IF($C15<=CQ$4,1,0))-CQ15+$B15+2)) -> 0 | CT15: =IF(CS15=0,0,MAX(0,IF(CS$4>18,IF($D15<=CS$4,2,1),IF($C15<=CS$4,1,0))-CS15+$B15+2)) -> 0 | CV15: =IF(CU15=0,0,MAX(0,IF(CU$4>18,IF($D15<=CU$4,2,1),IF($C15<=CU$4,1,0))-CU15+$B15+2)) -> 0 | CX15: =IF(CW15=0,0,MAX(0,IF(CW$4>18,IF($D15<=CW$4,2,1),IF($C15<=CW$4,1,0))-CW15+$B15+2)) -> 0 | CZ15: =IF(CY15=0,0,MAX(0,IF(CY$4>18,IF($D15<=CY$4,2,1),IF($C15<=CY$4,1,0))-CY15+$B15+2)) -> 0 | DB15: =IF(DA15=0,0,MAX(0,IF(DA$4>18,IF($D15<=DA$4,2,1),IF($C15<=DA$4,1,0))-DA15+$B15+2)) -> 0 | DD15: =IF(DC15=0,0,MAX(0,IF(DC$4>18,IF($D15<=DC$4,2,1),IF($C15<=DC$4,1,0))-DC15+$B15+2)) -> 0 | DF15: =IF(DE15=0,0,MAX(0,IF(DE$4>18,IF($D15<=DE$4,2,1),IF($C15<=DE$4,1,0))-DE15+$B15+2)) -> 0 | DH15: 10 | DI15: 4 | DJ15: 1 | DK15: =DJ15+18 -> 19 | DM15: =IF(DL15=0,0,MAX(0,IF(DL$4>18,IF($D15<=DL$4,2,1),IF($C15<=DL$4,1,0))-DL15+$B15+2)) -> 0 | DO15: =IF(DN15=0,0,MAX(0,IF(DN$4>18,IF($D15<=DN$4,2,1),IF($C15<=DN$4,1,0))-DN15+$B15+2)) -> 0 | DQ15: =IF(DP15=0,0,MAX(0,IF(DP$4>18,IF($D15<=DP$4,2,1),IF($C15<=DP$4,1,0))-DP15+$B15+2)) -> 0 | DS15: =IF(DR15=0,0,MAX(0,IF(DR$4>18,IF($D15<=DR$4,2,1),IF($C15<=DR$4,1,0))-DR15+$B15+2)) -> 0 | DU15: =IF(DT15=0,0,MAX(0,IF(DT$4>18,IF($D15<=DT$4,2,1),IF($C15<=DT$4,1,0))-DT15+$B15+2)) -> 0 | DW15: =IF(DV15=0,0,MAX(0,IF(DV$4>18,IF($D15<=DV$4,2,1),IF($C15<=DV$4,1,0))-DV15+$B15+2)) -> 0 | DY15: =IF(DX15=0,0,MAX(0,IF(DX$4>18,IF($D15<=DX$4,2,1),IF($C15<=DX$4,1,0))-DX15+$B15+2)) -> 0 | EA15: =IF(DZ15=0,0,MAX(0,IF(DZ$4>18,IF($D15<=DZ$4,2,1),IF($C15<=DZ$4,1,0))-DZ15+$B15+2)) -> 0 | EC15: =IF(EB15=0,0,MAX(0,IF(EB$4>18,IF($D15<=EB$4,2,1),IF($C15<=EB$4,1,0))-EB15+$B15+2)) -> 0 | EE15: =IF(ED15=0,0,MAX(0,IF(ED$4>18,IF($D15<=ED$4,2,1),IF($C15<=ED$4,1,0))-ED15+$B15+2)) -> 0 | EG15: =IF(EF15=0,0,MAX(0,IF(EF$4>18,IF($D15<=EF$4,2,1),IF($C15<=EF$4,1,0))-EF15+$B15+2)) -> 0 | EI15: =IF(EH15=0,0,MAX(0,IF(EH$4>18,IF($D15<=EH$4,2,1),IF($C15<=EH$4,1,0))-EH15+$B15+2)) -> 0 | EK15: =IF(EJ15=0,0,MAX(0,IF(EJ$4>18,IF($D15<=EJ$4,2,1),IF($C15<=EJ$4,1,0))-EJ15+$B15+2)) -> 0 | EM15: =IF(EL15=0,0,MAX(0,IF(EL$4>18,IF($D15<=EL$4,2,1),IF($C15<=EL$4,1,0))-EL15+$B15+2)) -> 0 | EO15: =IF(EN15=0,0,MAX(0,IF(EN$4>18,IF($D15<=EN$4,2,1),IF($C15<=EN$4,1,0))-EN15+$B15+2)) -> 0 | EQ15: =IF(EP15=0,0,MAX(0,IF(EP$4>18,IF($D15<=EP$4,2,1),IF($C15<=EP$4,1,0))-EP15+$B15+2)) -> 0 | ES15: 10 | ET15: 4 | EU15: 1 | EV15: =EU15+18 -> 19 | EX15: =IF(EW15=0,0,MAX(0,IF(EW$4>18,IF($D15<=EW$4,2,1),IF($C15<=EW$4,1,0))-EW15+$B15+2)) -> 0 | EZ15: =IF(EY15=0,0,MAX(0,IF(EY$4>18,IF($D15<=EY$4,2,1),IF($C15<=EY$4,1,0))-EY15+$B15+2)) -> 0 | FB15: =IF(FA15=0,0,MAX(0,IF(FA$4>18,IF($D15<=FA$4,2,1),IF($C15<=FA$4,1,0))-FA15+$B15+2)) -> 0 | FD15: =IF(FC15=0,0,MAX(0,IF(FC$4>18,IF($D15<=FC$4,2,1),IF($C15<=FC$4,1,0))-FC15+$B15+2)) -> 0 | FF15: =IF(FE15=0,0,MAX(0,IF(FE$4>18,IF($D15<=FE$4,2,1),IF($C15<=FE$4,1,0))-FE15+$B15+2)) -> 0 | FH15: =IF(FG15=0,0,MAX(0,IF(FG$4>18,IF($D15<=FG$4,2,1),IF($C15<=FG$4,1,0))-FG15+$B15+2)) -> 0 | FJ15: =IF(FI15=0,0,MAX(0,IF(FI$4>18,IF($D15<=FI$4,2,1),IF($C15<=FI$4,1,0))-FI15+$B15+2)) -> 0 | FL15: =IF(FK15=0,0,MAX(0,IF(FK$4>18,IF($D15<=FK$4,2,1),IF($C15<=FK$4,1,0))-FK15+$B15+2)) -> 0 | FN15: =IF(FM15=0,0,MAX(0,IF(FM$4>18,IF($D15<=FM$4,2,1),IF($C15<=FM$4,1,0))-FM15+$B15+2)) -> 0 | FP15: =IF(FO15=0,0,MAX(0,IF(FO$4>18,IF($D15<=FO$4,2,1),IF($C15<=FO$4,1,0))-FO15+$B15+2)) -> 0 | FR15: =IF(FQ15=0,0,MAX(0,IF(FQ$4>18,IF($D15<=FQ$4,2,1),IF($C15<=FQ$4,1,0))-FQ15+$B15+2)) -> 0 | FT15: =IF(FS15=0,0,MAX(0,IF(FS$4>18,IF($D15<=FS$4,2,1),IF($C15<=FS$4,1,0))-FS15+$B15+2)) -> 0 | FV15: =IF(FU15=0,0,MAX(0,IF(FU$4>18,IF($D15<=FU$4,2,1),IF($C15<=FU$4,1,0))-FU15+$B15+2)) -> 0 | FX15: =IF(FW15=0,0,MAX(0,IF(FW$4>18,IF($D15<=FW$4,2,1),IF($C15<=FW$4,1,0))-FW15+$B15+2)) -> 0 | FZ15: =IF(FY15=0,0,MAX(0,IF(FY$4>18,IF($D15<=FY$4,2,1),IF($C15<=FY$4,1,0))-FY15+$B15+2)) -> 0 | GB15: =IF(GA15=0,0,MAX(0,IF(GA$4>18,IF($D15<=GA$4,2,1),IF($C15<=GA$4,1,0))-GA15+$B15+2)) -> 0
A16: 11 | B16: 3 | C16: 14 | D16: =C16+18 -> 32 | F16: =IF(E16=0,0,MAX(0,IF(E$4>18,IF($D16<=E$4,2,1),IF($C16<=E$4,1,0))-E16+$B16+2)) -> 0 | H16: =IF(G16=0,0,MAX(0,IF(G$4>18,IF($D16<=G$4,2,1),IF($C16<=G$4,1,0))-G16+$B16+2)) -> 0 | J16: =IF(I16=0,0,MAX(0,IF(I$4>18,IF($D16<=I$4,2,1),IF($C16<=I$4,1,0))-I16+$B16+2)) -> 0 | L16: =IF(K16=0,0,MAX(0,IF(K$4>18,IF($D16<=K$4,2,1),IF($C16<=K$4,1,0))-K16+$B16+2)) -> 0 | N16: =IF(M16=0,0,MAX(0,IF(M$4>18,IF($D16<=M$4,2,1),IF($C16<=M$4,1,0))-M16+$B16+2)) -> 0 | P16: =IF(O16=0,0,MAX(0,IF(O$4>18,IF($D16<=O$4,2,1),IF($C16<=O$4,1,0))-O16+$B16+2)) -> 0 | R16: =IF(Q16=0,0,MAX(0,IF(Q$4>18,IF($D16<=Q$4,2,1),IF($C16<=Q$4,1,0))-Q16+$B16+2)) -> 0 | T16: =IF(S16=0,0,MAX(0,IF(S$4>18,IF($D16<=S$4,2,1),IF($C16<=S$4,1,0))-S16+$B16+2)) -> 0 | V16: =IF(U16=0,0,MAX(0,IF(U$4>18,IF($D16<=U$4,2,1),IF($C16<=U$4,1,0))-U16+$B16+2)) -> 0 | X16: =IF(W16=0,0,MAX(0,IF(W$4>18,IF($D16<=W$4,2,1),IF($C16<=W$4,1,0))-W16+$B16+2)) -> 0 | Z16: =IF(Y16=0,0,MAX(0,IF(Y$4>18,IF($D16<=Y$4,2,1),IF($C16<=Y$4,1,0))-Y16+$B16+2)) -> 0 | AB16: =IF(AA16=0,0,MAX(0,IF(AA$4>18,IF($D16<=AA$4,2,1),IF($C16<=AA$4,1,0))-AA16+$B16+2)) -> 0 | AD16: =IF(AC16=0,0,MAX(0,IF(AC$4>18,IF($D16<=AC$4,2,1),IF($C16<=AC$4,1,0))-AC16+$B16+2)) -> 0 | AF16: =IF(AE16=0,0,MAX(0,IF(AE$4>18,IF($D16<=AE$4,2,1),IF($C16<=AE$4,1,0))-AE16+$B16+2)) -> 0 | AH16: =IF(AG16=0,0,MAX(0,IF(AG$4>18,IF($D16<=AG$4,2,1),IF($C16<=AG$4,1,0))-AG16+$B16+2)) -> 0 | AJ16: =IF(AI16=0,0,MAX(0,IF(AI$4>18,IF($D16<=AI$4,2,1),IF($C16<=AI$4,1,0))-AI16+$B16+2)) -> 0 | AL16: 11 | AM16: 3 | AN16: 14 | AO16: =AN16+18 -> 32 | AQ16: =IF(AP16=0,0,MAX(0,IF(AP$4>18,IF($D16<=AP$4,2,1),IF($C16<=AP$4,1,0))-AP16+$B16+2)) -> 0 | AS16: =IF(AR16=0,0,MAX(0,IF(AR$4>18,IF($D16<=AR$4,2,1),IF($C16<=AR$4,1,0))-AR16+$B16+2)) -> 0 | AU16: =IF(AT16=0,0,MAX(0,IF(AT$4>18,IF($D16<=AT$4,2,1),IF($C16<=AT$4,1,0))-AT16+$B16+2)) -> 0 | AW16: =IF(AV16=0,0,MAX(0,IF(AV$4>18,IF($D16<=AV$4,2,1),IF($C16<=AV$4,1,0))-AV16+$B16+2)) -> 0 | AY16: =IF(AX16=0,0,MAX(0,IF(AX$4>18,IF($D16<=AX$4,2,1),IF($C16<=AX$4,1,0))-AX16+$B16+2)) -> 0 | BA16: =IF(AZ16=0,0,MAX(0,IF(AZ$4>18,IF($D16<=AZ$4,2,1),IF($C16<=AZ$4,1,0))-AZ16+$B16+2)) -> 0 | BC16: =IF(BB16=0,0,MAX(0,IF(BB$4>18,IF($D16<=BB$4,2,1),IF($C16<=BB$4,1,0))-BB16+$B16+2)) -> 0 | BE16: =IF(BD16=0,0,MAX(0,IF(BD$4>18,IF($D16<=BD$4,2,1),IF($C16<=BD$4,1,0))-BD16+$B16+2)) -> 0 | BG16: =IF(BF16=0,0,MAX(0,IF(BF$4>18,IF($D16<=BF$4,2,1),IF($C16<=BF$4,1,0))-BF16+$B16+2)) -> 0 | BI16: =IF(BH16=0,0,MAX(0,IF(BH$4>18,IF($D16<=BH$4,2,1),IF($C16<=BH$4,1,0))-BH16+$B16+2)) -> 0 | BK16: =IF(BJ16=0,0,MAX(0,IF(BJ$4>18,IF($D16<=BJ$4,2,1),IF($C16<=BJ$4,1,0))-BJ16+$B16+2)) -> 0 | BM16: =IF(BL16=0,0,MAX(0,IF(BL$4>18,IF($D16<=BL$4,2,1),IF($C16<=BL$4,1,0))-BL16+$B16+2)) -> 0 | BO16: =IF(BN16=0,0,MAX(0,IF(BN$4>18,IF($D16<=BN$4,2,1),IF($C16<=BN$4,1,0))-BN16+$B16+2)) -> 0 | BQ16: =IF(BP16=0,0,MAX(0,IF(BP$4>18,IF($D16<=BP$4,2,1),IF($C16<=BP$4,1,0))-BP16+$B16+2)) -> 0 | BS16: =IF(BR16=0,0,MAX(0,IF(BR$4>18,IF($D16<=BR$4,2,1),IF($C16<=BR$4,1,0))-BR16+$B16+2)) -> 0 | BU16: =IF(BT16=0,0,MAX(0,IF(BT$4>18,IF($D16<=BT$4,2,1),IF($C16<=BT$4,1,0))-BT16+$B16+2)) -> 0 | BW16: 11 | BX16: 3 | BY16: 14 | BZ16: =BY16+18 -> 32 | CB16: =IF(CA16=0,0,MAX(0,IF(CA$4>18,IF($D16<=CA$4,2,1),IF($C16<=CA$4,1,0))-CA16+$B16+2)) -> 0 | CD16: =IF(CC16=0,0,MAX(0,IF(CC$4>18,IF($D16<=CC$4,2,1),IF($C16<=CC$4,1,0))-CC16+$B16+2)) -> 0 | CF16: =IF(CE16=0,0,MAX(0,IF(CE$4>18,IF($D16<=CE$4,2,1),IF($C16<=CE$4,1,0))-CE16+$B16+2)) -> 0 | CH16: =IF(CG16=0,0,MAX(0,IF(CG$4>18,IF($D16<=CG$4,2,1),IF($C16<=CG$4,1,0))-CG16+$B16+2)) -> 0 | CJ16: =IF(CI16=0,0,MAX(0,IF(CI$4>18,IF($D16<=CI$4,2,1),IF($C16<=CI$4,1,0))-CI16+$B16+2)) -> 0 | CL16: =IF(CK16=0,0,MAX(0,IF(CK$4>18,IF($D16<=CK$4,2,1),IF($C16<=CK$4,1,0))-CK16+$B16+2)) -> 0 | CN16: =IF(CM16=0,0,MAX(0,IF(CM$4>18,IF($D16<=CM$4,2,1),IF($C16<=CM$4,1,0))-CM16+$B16+2)) -> 0 | CP16: =IF(CO16=0,0,MAX(0,IF(CO$4>18,IF($D16<=CO$4,2,1),IF($C16<=CO$4,1,0))-CO16+$B16+2)) -> 0 | CR16: =IF(CQ16=0,0,MAX(0,IF(CQ$4>18,IF($D16<=CQ$4,2,1),IF($C16<=CQ$4,1,0))-CQ16+$B16+2)) -> 0 | CT16: =IF(CS16=0,0,MAX(0,IF(CS$4>18,IF($D16<=CS$4,2,1),IF($C16<=CS$4,1,0))-CS16+$B16+2)) -> 0 | CV16: =IF(CU16=0,0,MAX(0,IF(CU$4>18,IF($D16<=CU$4,2,1),IF($C16<=CU$4,1,0))-CU16+$B16+2)) -> 0 | CX16: =IF(CW16=0,0,MAX(0,IF(CW$4>18,IF($D16<=CW$4,2,1),IF($C16<=CW$4,1,0))-CW16+$B16+2)) -> 0 | CZ16: =IF(CY16=0,0,MAX(0,IF(CY$4>18,IF($D16<=CY$4,2,1),IF($C16<=CY$4,1,0))-CY16+$B16+2)) -> 0 | DB16: =IF(DA16=0,0,MAX(0,IF(DA$4>18,IF($D16<=DA$4,2,1),IF($C16<=DA$4,1,0))-DA16+$B16+2)) -> 0 | DD16: =IF(DC16=0,0,MAX(0,IF(DC$4>18,IF($D16<=DC$4,2,1),IF($C16<=DC$4,1,0))-DC16+$B16+2)) -> 0 | DF16: =IF(DE16=0,0,MAX(0,IF(DE$4>18,IF($D16<=DE$4,2,1),IF($C16<=DE$4,1,0))-DE16+$B16+2)) -> 0 | DH16: 11 | DI16: 3 | DJ16: 14 | DK16: =DJ16+18 -> 32 | DM16: =IF(DL16=0,0,MAX(0,IF(DL$4>18,IF($D16<=DL$4,2,1),IF($C16<=DL$4,1,0))-DL16+$B16+2)) -> 0 | DO16: =IF(DN16=0,0,MAX(0,IF(DN$4>18,IF($D16<=DN$4,2,1),IF($C16<=DN$4,1,0))-DN16+$B16+2)) -> 0 | DQ16: =IF(DP16=0,0,MAX(0,IF(DP$4>18,IF($D16<=DP$4,2,1),IF($C16<=DP$4,1,0))-DP16+$B16+2)) -> 0 | DS16: =IF(DR16=0,0,MAX(0,IF(DR$4>18,IF($D16<=DR$4,2,1),IF($C16<=DR$4,1,0))-DR16+$B16+2)) -> 0 | DU16: =IF(DT16=0,0,MAX(0,IF(DT$4>18,IF($D16<=DT$4,2,1),IF($C16<=DT$4,1,0))-DT16+$B16+2)) -> 0 | DW16: =IF(DV16=0,0,MAX(0,IF(DV$4>18,IF($D16<=DV$4,2,1),IF($C16<=DV$4,1,0))-DV16+$B16+2)) -> 0 | DY16: =IF(DX16=0,0,MAX(0,IF(DX$4>18,IF($D16<=DX$4,2,1),IF($C16<=DX$4,1,0))-DX16+$B16+2)) -> 0 | EA16: =IF(DZ16=0,0,MAX(0,IF(DZ$4>18,IF($D16<=DZ$4,2,1),IF($C16<=DZ$4,1,0))-DZ16+$B16+2)) -> 0 | EC16: =IF(EB16=0,0,MAX(0,IF(EB$4>18,IF($D16<=EB$4,2,1),IF($C16<=EB$4,1,0))-EB16+$B16+2)) -> 0 | EE16: =IF(ED16=0,0,MAX(0,IF(ED$4>18,IF($D16<=ED$4,2,1),IF($C16<=ED$4,1,0))-ED16+$B16+2)) -> 0 | EG16: =IF(EF16=0,0,MAX(0,IF(EF$4>18,IF($D16<=EF$4,2,1),IF($C16<=EF$4,1,0))-EF16+$B16+2)) -> 0 | EI16: =IF(EH16=0,0,MAX(0,IF(EH$4>18,IF($D16<=EH$4,2,1),IF($C16<=EH$4,1,0))-EH16+$B16+2)) -> 0 | EK16: =IF(EJ16=0,0,MAX(0,IF(EJ$4>18,IF($D16<=EJ$4,2,1),IF($C16<=EJ$4,1,0))-EJ16+$B16+2)) -> 0 | EM16: =IF(EL16=0,0,MAX(0,IF(EL$4>18,IF($D16<=EL$4,2,1),IF($C16<=EL$4,1,0))-EL16+$B16+2)) -> 0 | EO16: =IF(EN16=0,0,MAX(0,IF(EN$4>18,IF($D16<=EN$4,2,1),IF($C16<=EN$4,1,0))-EN16+$B16+2)) -> 0 | EQ16: =IF(EP16=0,0,MAX(0,IF(EP$4>18,IF($D16<=EP$4,2,1),IF($C16<=EP$4,1,0))-EP16+$B16+2)) -> 0 | ES16: 11 | ET16: 3 | EU16: 14 | EV16: =EU16+18 -> 32 | EX16: =IF(EW16=0,0,MAX(0,IF(EW$4>18,IF($D16<=EW$4,2,1),IF($C16<=EW$4,1,0))-EW16+$B16+2)) -> 0 | EZ16: =IF(EY16=0,0,MAX(0,IF(EY$4>18,IF($D16<=EY$4,2,1),IF($C16<=EY$4,1,0))-EY16+$B16+2)) -> 0 | FB16: =IF(FA16=0,0,MAX(0,IF(FA$4>18,IF($D16<=FA$4,2,1),IF($C16<=FA$4,1,0))-FA16+$B16+2)) -> 0 | FD16: =IF(FC16=0,0,MAX(0,IF(FC$4>18,IF($D16<=FC$4,2,1),IF($C16<=FC$4,1,0))-FC16+$B16+2)) -> 0 | FF16: =IF(FE16=0,0,MAX(0,IF(FE$4>18,IF($D16<=FE$4,2,1),IF($C16<=FE$4,1,0))-FE16+$B16+2)) -> 0 | FH16: =IF(FG16=0,0,MAX(0,IF(FG$4>18,IF($D16<=FG$4,2,1),IF($C16<=FG$4,1,0))-FG16+$B16+2)) -> 0 | FJ16: =IF(FI16=0,0,MAX(0,IF(FI$4>18,IF($D16<=FI$4,2,1),IF($C16<=FI$4,1,0))-FI16+$B16+2)) -> 0 | FL16: =IF(FK16=0,0,MAX(0,IF(FK$4>18,IF($D16<=FK$4,2,1),IF($C16<=FK$4,1,0))-FK16+$B16+2)) -> 0 | FN16: =IF(FM16=0,0,MAX(0,IF(FM$4>18,IF($D16<=FM$4,2,1),IF($C16<=FM$4,1,0))-FM16+$B16+2)) -> 0 | FP16: =IF(FO16=0,0,MAX(0,IF(FO$4>18,IF($D16<=FO$4,2,1),IF($C16<=FO$4,1,0))-FO16+$B16+2)) -> 0 | FR16: =IF(FQ16=0,0,MAX(0,IF(FQ$4>18,IF($D16<=FQ$4,2,1),IF($C16<=FQ$4,1,0))-FQ16+$B16+2)) -> 0 | FT16: =IF(FS16=0,0,MAX(0,IF(FS$4>18,IF($D16<=FS$4,2,1),IF($C16<=FS$4,1,0))-FS16+$B16+2)) -> 0 | FV16: =IF(FU16=0,0,MAX(0,IF(FU$4>18,IF($D16<=FU$4,2,1),IF($C16<=FU$4,1,0))-FU16+$B16+2)) -> 0 | FX16: =IF(FW16=0,0,MAX(0,IF(FW$4>18,IF($D16<=FW$4,2,1),IF($C16<=FW$4,1,0))-FW16+$B16+2)) -> 0 | FZ16: =IF(FY16=0,0,MAX(0,IF(FY$4>18,IF($D16<=FY$4,2,1),IF($C16<=FY$4,1,0))-FY16+$B16+2)) -> 0 | GB16: =IF(GA16=0,0,MAX(0,IF(GA$4>18,IF($D16<=GA$4,2,1),IF($C16<=GA$4,1,0))-GA16+$B16+2)) -> 0
A17: 12 | B17: 4 | C17: 13 | D17: =C17+18 -> 31 | F17: =IF(E17=0,0,MAX(0,IF(E$4>18,IF($D17<=E$4,2,1),IF($C17<=E$4,1,0))-E17+$B17+2)) -> 0 | H17: =IF(G17=0,0,MAX(0,IF(G$4>18,IF($D17<=G$4,2,1),IF($C17<=G$4,1,0))-G17+$B17+2)) -> 0 | J17: =IF(I17=0,0,MAX(0,IF(I$4>18,IF($D17<=I$4,2,1),IF($C17<=I$4,1,0))-I17+$B17+2)) -> 0 | L17: =IF(K17=0,0,MAX(0,IF(K$4>18,IF($D17<=K$4,2,1),IF($C17<=K$4,1,0))-K17+$B17+2)) -> 0 | N17: =IF(M17=0,0,MAX(0,IF(M$4>18,IF($D17<=M$4,2,1),IF($C17<=M$4,1,0))-M17+$B17+2)) -> 0 | P17: =IF(O17=0,0,MAX(0,IF(O$4>18,IF($D17<=O$4,2,1),IF($C17<=O$4,1,0))-O17+$B17+2)) -> 0 | R17: =IF(Q17=0,0,MAX(0,IF(Q$4>18,IF($D17<=Q$4,2,1),IF($C17<=Q$4,1,0))-Q17+$B17+2)) -> 0 | T17: =IF(S17=0,0,MAX(0,IF(S$4>18,IF($D17<=S$4,2,1),IF($C17<=S$4,1,0))-S17+$B17+2)) -> 0 | V17: =IF(U17=0,0,MAX(0,IF(U$4>18,IF($D17<=U$4,2,1),IF($C17<=U$4,1,0))-U17+$B17+2)) -> 0 | X17: =IF(W17=0,0,MAX(0,IF(W$4>18,IF($D17<=W$4,2,1),IF($C17<=W$4,1,0))-W17+$B17+2)) -> 0 | Z17: =IF(Y17=0,0,MAX(0,IF(Y$4>18,IF($D17<=Y$4,2,1),IF($C17<=Y$4,1,0))-Y17+$B17+2)) -> 0 | AB17: =IF(AA17=0,0,MAX(0,IF(AA$4>18,IF($D17<=AA$4,2,1),IF($C17<=AA$4,1,0))-AA17+$B17+2)) -> 0 | AD17: =IF(AC17=0,0,MAX(0,IF(AC$4>18,IF($D17<=AC$4,2,1),IF($C17<=AC$4,1,0))-AC17+$B17+2)) -> 0 | AF17: =IF(AE17=0,0,MAX(0,IF(AE$4>18,IF($D17<=AE$4,2,1),IF($C17<=AE$4,1,0))-AE17+$B17+2)) -> 0 | AH17: =IF(AG17=0,0,MAX(0,IF(AG$4>18,IF($D17<=AG$4,2,1),IF($C17<=AG$4,1,0))-AG17+$B17+2)) -> 0 | AJ17: =IF(AI17=0,0,MAX(0,IF(AI$4>18,IF($D17<=AI$4,2,1),IF($C17<=AI$4,1,0))-AI17+$B17+2)) -> 0 | AL17: 12 | AM17: 4 | AN17: 13 | AO17: =AN17+18 -> 31 | AQ17: =IF(AP17=0,0,MAX(0,IF(AP$4>18,IF($D17<=AP$4,2,1),IF($C17<=AP$4,1,0))-AP17+$B17+2)) -> 0 | AS17: =IF(AR17=0,0,MAX(0,IF(AR$4>18,IF($D17<=AR$4,2,1),IF($C17<=AR$4,1,0))-AR17+$B17+2)) -> 0 | AU17: =IF(AT17=0,0,MAX(0,IF(AT$4>18,IF($D17<=AT$4,2,1),IF($C17<=AT$4,1,0))-AT17+$B17+2)) -> 0 | AW17: =IF(AV17=0,0,MAX(0,IF(AV$4>18,IF($D17<=AV$4,2,1),IF($C17<=AV$4,1,0))-AV17+$B17+2)) -> 0 | AY17: =IF(AX17=0,0,MAX(0,IF(AX$4>18,IF($D17<=AX$4,2,1),IF($C17<=AX$4,1,0))-AX17+$B17+2)) -> 0 | BA17: =IF(AZ17=0,0,MAX(0,IF(AZ$4>18,IF($D17<=AZ$4,2,1),IF($C17<=AZ$4,1,0))-AZ17+$B17+2)) -> 0 | BC17: =IF(BB17=0,0,MAX(0,IF(BB$4>18,IF($D17<=BB$4,2,1),IF($C17<=BB$4,1,0))-BB17+$B17+2)) -> 0 | BE17: =IF(BD17=0,0,MAX(0,IF(BD$4>18,IF($D17<=BD$4,2,1),IF($C17<=BD$4,1,0))-BD17+$B17+2)) -> 0 | BG17: =IF(BF17=0,0,MAX(0,IF(BF$4>18,IF($D17<=BF$4,2,1),IF($C17<=BF$4,1,0))-BF17+$B17+2)) -> 0 | BI17: =IF(BH17=0,0,MAX(0,IF(BH$4>18,IF($D17<=BH$4,2,1),IF($C17<=BH$4,1,0))-BH17+$B17+2)) -> 0 | BK17: =IF(BJ17=0,0,MAX(0,IF(BJ$4>18,IF($D17<=BJ$4,2,1),IF($C17<=BJ$4,1,0))-BJ17+$B17+2)) -> 0 | BM17: =IF(BL17=0,0,MAX(0,IF(BL$4>18,IF($D17<=BL$4,2,1),IF($C17<=BL$4,1,0))-BL17+$B17+2)) -> 0 | BO17: =IF(BN17=0,0,MAX(0,IF(BN$4>18,IF($D17<=BN$4,2,1),IF($C17<=BN$4,1,0))-BN17+$B17+2)) -> 0 | BQ17: =IF(BP17=0,0,MAX(0,IF(BP$4>18,IF($D17<=BP$4,2,1),IF($C17<=BP$4,1,0))-BP17+$B17+2)) -> 0 | BS17: =IF(BR17=0,0,MAX(0,IF(BR$4>18,IF($D17<=BR$4,2,1),IF($C17<=BR$4,1,0))-BR17+$B17+2)) -> 0 | BU17: =IF(BT17=0,0,MAX(0,IF(BT$4>18,IF($D17<=BT$4,2,1),IF($C17<=BT$4,1,0))-BT17+$B17+2)) -> 0 | BW17: 12 | BX17: 4 | BY17: 13 | BZ17: =BY17+18 -> 31 | CB17: =IF(CA17=0,0,MAX(0,IF(CA$4>18,IF($D17<=CA$4,2,1),IF($C17<=CA$4,1,0))-CA17+$B17+2)) -> 0 | CD17: =IF(CC17=0,0,MAX(0,IF(CC$4>18,IF($D17<=CC$4,2,1),IF($C17<=CC$4,1,0))-CC17+$B17+2)) -> 0 | CF17: =IF(CE17=0,0,MAX(0,IF(CE$4>18,IF($D17<=CE$4,2,1),IF($C17<=CE$4,1,0))-CE17+$B17+2)) -> 0 | CH17: =IF(CG17=0,0,MAX(0,IF(CG$4>18,IF($D17<=CG$4,2,1),IF($C17<=CG$4,1,0))-CG17+$B17+2)) -> 0 | CJ17: =IF(CI17=0,0,MAX(0,IF(CI$4>18,IF($D17<=CI$4,2,1),IF($C17<=CI$4,1,0))-CI17+$B17+2)) -> 0 | CL17: =IF(CK17=0,0,MAX(0,IF(CK$4>18,IF($D17<=CK$4,2,1),IF($C17<=CK$4,1,0))-CK17+$B17+2)) -> 0 | CN17: =IF(CM17=0,0,MAX(0,IF(CM$4>18,IF($D17<=CM$4,2,1),IF($C17<=CM$4,1,0))-CM17+$B17+2)) -> 0 | CP17: =IF(CO17=0,0,MAX(0,IF(CO$4>18,IF($D17<=CO$4,2,1),IF($C17<=CO$4,1,0))-CO17+$B17+2)) -> 0 | CR17: =IF(CQ17=0,0,MAX(0,IF(CQ$4>18,IF($D17<=CQ$4,2,1),IF($C17<=CQ$4,1,0))-CQ17+$B17+2)) -> 0 | CT17: =IF(CS17=0,0,MAX(0,IF(CS$4>18,IF($D17<=CS$4,2,1),IF($C17<=CS$4,1,0))-CS17+$B17+2)) -> 0 | CV17: =IF(CU17=0,0,MAX(0,IF(CU$4>18,IF($D17<=CU$4,2,1),IF($C17<=CU$4,1,0))-CU17+$B17+2)) -> 0 | CX17: =IF(CW17=0,0,MAX(0,IF(CW$4>18,IF($D17<=CW$4,2,1),IF($C17<=CW$4,1,0))-CW17+$B17+2)) -> 0 | CZ17: =IF(CY17=0,0,MAX(0,IF(CY$4>18,IF($D17<=CY$4,2,1),IF($C17<=CY$4,1,0))-CY17+$B17+2)) -> 0 | DB17: =IF(DA17=0,0,MAX(0,IF(DA$4>18,IF($D17<=DA$4,2,1),IF($C17<=DA$4,1,0))-DA17+$B17+2)) -> 0 | DD17: =IF(DC17=0,0,MAX(0,IF(DC$4>18,IF($D17<=DC$4,2,1),IF($C17<=DC$4,1,0))-DC17+$B17+2)) -> 0 | DF17: =IF(DE17=0,0,MAX(0,IF(DE$4>18,IF($D17<=DE$4,2,1),IF($C17<=DE$4,1,0))-DE17+$B17+2)) -> 0 | DH17: 12 | DI17: 4 | DJ17: 13 | DK17: =DJ17+18 -> 31 | DM17: =IF(DL17=0,0,MAX(0,IF(DL$4>18,IF($D17<=DL$4,2,1),IF($C17<=DL$4,1,0))-DL17+$B17+2)) -> 0 | DO17: =IF(DN17=0,0,MAX(0,IF(DN$4>18,IF($D17<=DN$4,2,1),IF($C17<=DN$4,1,0))-DN17+$B17+2)) -> 0 | DQ17: =IF(DP17=0,0,MAX(0,IF(DP$4>18,IF($D17<=DP$4,2,1),IF($C17<=DP$4,1,0))-DP17+$B17+2)) -> 0 | DS17: =IF(DR17=0,0,MAX(0,IF(DR$4>18,IF($D17<=DR$4,2,1),IF($C17<=DR$4,1,0))-DR17+$B17+2)) -> 0 | DU17: =IF(DT17=0,0,MAX(0,IF(DT$4>18,IF($D17<=DT$4,2,1),IF($C17<=DT$4,1,0))-DT17+$B17+2)) -> 0 | DW17: =IF(DV17=0,0,MAX(0,IF(DV$4>18,IF($D17<=DV$4,2,1),IF($C17<=DV$4,1,0))-DV17+$B17+2)) -> 0 | DY17: =IF(DX17=0,0,MAX(0,IF(DX$4>18,IF($D17<=DX$4,2,1),IF($C17<=DX$4,1,0))-DX17+$B17+2)) -> 0 | EA17: =IF(DZ17=0,0,MAX(0,IF(DZ$4>18,IF($D17<=DZ$4,2,1),IF($C17<=DZ$4,1,0))-DZ17+$B17+2)) -> 0 | EC17: =IF(EB17=0,0,MAX(0,IF(EB$4>18,IF($D17<=EB$4,2,1),IF($C17<=EB$4,1,0))-EB17+$B17+2)) -> 0 | EE17: =IF(ED17=0,0,MAX(0,IF(ED$4>18,IF($D17<=ED$4,2,1),IF($C17<=ED$4,1,0))-ED17+$B17+2)) -> 0 | EG17: =IF(EF17=0,0,MAX(0,IF(EF$4>18,IF($D17<=EF$4,2,1),IF($C17<=EF$4,1,0))-EF17+$B17+2)) -> 0 | EI17: =IF(EH17=0,0,MAX(0,IF(EH$4>18,IF($D17<=EH$4,2,1),IF($C17<=EH$4,1,0))-EH17+$B17+2)) -> 0 | EK17: =IF(EJ17=0,0,MAX(0,IF(EJ$4>18,IF($D17<=EJ$4,2,1),IF($C17<=EJ$4,1,0))-EJ17+$B17+2)) -> 0 | EM17: =IF(EL17=0,0,MAX(0,IF(EL$4>18,IF($D17<=EL$4,2,1),IF($C17<=EL$4,1,0))-EL17+$B17+2)) -> 0 | EO17: =IF(EN17=0,0,MAX(0,IF(EN$4>18,IF($D17<=EN$4,2,1),IF($C17<=EN$4,1,0))-EN17+$B17+2)) -> 0 | EQ17: =IF(EP17=0,0,MAX(0,IF(EP$4>18,IF($D17<=EP$4,2,1),IF($C17<=EP$4,1,0))-EP17+$B17+2)) -> 0 | ES17: 12 | ET17: 4 | EU17: 13 | EV17: =EU17+18 -> 31 | EX17: =IF(EW17=0,0,MAX(0,IF(EW$4>18,IF($D17<=EW$4,2,1),IF($C17<=EW$4,1,0))-EW17+$B17+2)) -> 0 | EZ17: =IF(EY17=0,0,MAX(0,IF(EY$4>18,IF($D17<=EY$4,2,1),IF($C17<=EY$4,1,0))-EY17+$B17+2)) -> 0 | FB17: =IF(FA17=0,0,MAX(0,IF(FA$4>18,IF($D17<=FA$4,2,1),IF($C17<=FA$4,1,0))-FA17+$B17+2)) -> 0 | FD17: =IF(FC17=0,0,MAX(0,IF(FC$4>18,IF($D17<=FC$4,2,1),IF($C17<=FC$4,1,0))-FC17+$B17+2)) -> 0 | FF17: =IF(FE17=0,0,MAX(0,IF(FE$4>18,IF($D17<=FE$4,2,1),IF($C17<=FE$4,1,0))-FE17+$B17+2)) -> 0 | FH17: =IF(FG17=0,0,MAX(0,IF(FG$4>18,IF($D17<=FG$4,2,1),IF($C17<=FG$4,1,0))-FG17+$B17+2)) -> 0 | FJ17: =IF(FI17=0,0,MAX(0,IF(FI$4>18,IF($D17<=FI$4,2,1),IF($C17<=FI$4,1,0))-FI17+$B17+2)) -> 0 | FL17: =IF(FK17=0,0,MAX(0,IF(FK$4>18,IF($D17<=FK$4,2,1),IF($C17<=FK$4,1,0))-FK17+$B17+2)) -> 0 | FN17: =IF(FM17=0,0,MAX(0,IF(FM$4>18,IF($D17<=FM$4,2,1),IF($C17<=FM$4,1,0))-FM17+$B17+2)) -> 0 | FP17: =IF(FO17=0,0,MAX(0,IF(FO$4>18,IF($D17<=FO$4,2,1),IF($C17<=FO$4,1,0))-FO17+$B17+2)) -> 0 | FR17: =IF(FQ17=0,0,MAX(0,IF(FQ$4>18,IF($D17<=FQ$4,2,1),IF($C17<=FQ$4,1,0))-FQ17+$B17+2)) -> 0 | FT17: =IF(FS17=0,0,MAX(0,IF(FS$4>18,IF($D17<=FS$4,2,1),IF($C17<=FS$4,1,0))-FS17+$B17+2)) -> 0 | FV17: =IF(FU17=0,0,MAX(0,IF(FU$4>18,IF($D17<=FU$4,2,1),IF($C17<=FU$4,1,0))-FU17+$B17+2)) -> 0 | FX17: =IF(FW17=0,0,MAX(0,IF(FW$4>18,IF($D17<=FW$4,2,1),IF($C17<=FW$4,1,0))-FW17+$B17+2)) -> 0 | FZ17: =IF(FY17=0,0,MAX(0,IF(FY$4>18,IF($D17<=FY$4,2,1),IF($C17<=FY$4,1,0))-FY17+$B17+2)) -> 0 | GB17: =IF(GA17=0,0,MAX(0,IF(GA$4>18,IF($D17<=GA$4,2,1),IF($C17<=GA$4,1,0))-GA17+$B17+2)) -> 0
A18: 13 | B18: 4 | C18: 17 | D18: =C18+18 -> 35 | F18: =IF(E18=0,0,MAX(0,IF(E$4>18,IF($D18<=E$4,2,1),IF($C18<=E$4,1,0))-E18+$B18+2)) -> 0 | H18: =IF(G18=0,0,MAX(0,IF(G$4>18,IF($D18<=G$4,2,1),IF($C18<=G$4,1,0))-G18+$B18+2)) -> 0 | J18: =IF(I18=0,0,MAX(0,IF(I$4>18,IF($D18<=I$4,2,1),IF($C18<=I$4,1,0))-I18+$B18+2)) -> 0 | L18: =IF(K18=0,0,MAX(0,IF(K$4>18,IF($D18<=K$4,2,1),IF($C18<=K$4,1,0))-K18+$B18+2)) -> 0 | N18: =IF(M18=0,0,MAX(0,IF(M$4>18,IF($D18<=M$4,2,1),IF($C18<=M$4,1,0))-M18+$B18+2)) -> 0 | P18: =IF(O18=0,0,MAX(0,IF(O$4>18,IF($D18<=O$4,2,1),IF($C18<=O$4,1,0))-O18+$B18+2)) -> 0 | R18: =IF(Q18=0,0,MAX(0,IF(Q$4>18,IF($D18<=Q$4,2,1),IF($C18<=Q$4,1,0))-Q18+$B18+2)) -> 0 | T18: =IF(S18=0,0,MAX(0,IF(S$4>18,IF($D18<=S$4,2,1),IF($C18<=S$4,1,0))-S18+$B18+2)) -> 0 | V18: =IF(U18=0,0,MAX(0,IF(U$4>18,IF($D18<=U$4,2,1),IF($C18<=U$4,1,0))-U18+$B18+2)) -> 0 | X18: =IF(W18=0,0,MAX(0,IF(W$4>18,IF($D18<=W$4,2,1),IF($C18<=W$4,1,0))-W18+$B18+2)) -> 0 | Z18: =IF(Y18=0,0,MAX(0,IF(Y$4>18,IF($D18<=Y$4,2,1),IF($C18<=Y$4,1,0))-Y18+$B18+2)) -> 0 | AB18: =IF(AA18=0,0,MAX(0,IF(AA$4>18,IF($D18<=AA$4,2,1),IF($C18<=AA$4,1,0))-AA18+$B18+2)) -> 0 | AD18: =IF(AC18=0,0,MAX(0,IF(AC$4>18,IF($D18<=AC$4,2,1),IF($C18<=AC$4,1,0))-AC18+$B18+2)) -> 0 | AF18: =IF(AE18=0,0,MAX(0,IF(AE$4>18,IF($D18<=AE$4,2,1),IF($C18<=AE$4,1,0))-AE18+$B18+2)) -> 0 | AH18: =IF(AG18=0,0,MAX(0,IF(AG$4>18,IF($D18<=AG$4,2,1),IF($C18<=AG$4,1,0))-AG18+$B18+2)) -> 0 | AJ18: =IF(AI18=0,0,MAX(0,IF(AI$4>18,IF($D18<=AI$4,2,1),IF($C18<=AI$4,1,0))-AI18+$B18+2)) -> 0 | AL18: 13 | AM18: 4 | AN18: 17 | AO18: =AN18+18 -> 35 | AQ18: =IF(AP18=0,0,MAX(0,IF(AP$4>18,IF($D18<=AP$4,2,1),IF($C18<=AP$4,1,0))-AP18+$B18+2)) -> 0 | AS18: =IF(AR18=0,0,MAX(0,IF(AR$4>18,IF($D18<=AR$4,2,1),IF($C18<=AR$4,1,0))-AR18+$B18+2)) -> 0 | AU18: =IF(AT18=0,0,MAX(0,IF(AT$4>18,IF($D18<=AT$4,2,1),IF($C18<=AT$4,1,0))-AT18+$B18+2)) -> 0 | AW18: =IF(AV18=0,0,MAX(0,IF(AV$4>18,IF($D18<=AV$4,2,1),IF($C18<=AV$4,1,0))-AV18+$B18+2)) -> 0 | AY18: =IF(AX18=0,0,MAX(0,IF(AX$4>18,IF($D18<=AX$4,2,1),IF($C18<=AX$4,1,0))-AX18+$B18+2)) -> 0 | BA18: =IF(AZ18=0,0,MAX(0,IF(AZ$4>18,IF($D18<=AZ$4,2,1),IF($C18<=AZ$4,1,0))-AZ18+$B18+2)) -> 0 | BC18: =IF(BB18=0,0,MAX(0,IF(BB$4>18,IF($D18<=BB$4,2,1),IF($C18<=BB$4,1,0))-BB18+$B18+2)) -> 0 | BE18: =IF(BD18=0,0,MAX(0,IF(BD$4>18,IF($D18<=BD$4,2,1),IF($C18<=BD$4,1,0))-BD18+$B18+2)) -> 0 | BG18: =IF(BF18=0,0,MAX(0,IF(BF$4>18,IF($D18<=BF$4,2,1),IF($C18<=BF$4,1,0))-BF18+$B18+2)) -> 0 | BI18: =IF(BH18=0,0,MAX(0,IF(BH$4>18,IF($D18<=BH$4,2,1),IF($C18<=BH$4,1,0))-BH18+$B18+2)) -> 0 | BK18: =IF(BJ18=0,0,MAX(0,IF(BJ$4>18,IF($D18<=BJ$4,2,1),IF($C18<=BJ$4,1,0))-BJ18+$B18+2)) -> 0 | BM18: =IF(BL18=0,0,MAX(0,IF(BL$4>18,IF($D18<=BL$4,2,1),IF($C18<=BL$4,1,0))-BL18+$B18+2)) -> 0 | BO18: =IF(BN18=0,0,MAX(0,IF(BN$4>18,IF($D18<=BN$4,2,1),IF($C18<=BN$4,1,0))-BN18+$B18+2)) -> 0 | BQ18: =IF(BP18=0,0,MAX(0,IF(BP$4>18,IF($D18<=BP$4,2,1),IF($C18<=BP$4,1,0))-BP18+$B18+2)) -> 0 | BS18: =IF(BR18=0,0,MAX(0,IF(BR$4>18,IF($D18<=BR$4,2,1),IF($C18<=BR$4,1,0))-BR18+$B18+2)) -> 0 | BU18: =IF(BT18=0,0,MAX(0,IF(BT$4>18,IF($D18<=BT$4,2,1),IF($C18<=BT$4,1,0))-BT18+$B18+2)) -> 0 | BW18: 13 | BX18: 4 | BY18: 17 | BZ18: =BY18+18 -> 35 | CB18: =IF(CA18=0,0,MAX(0,IF(CA$4>18,IF($D18<=CA$4,2,1),IF($C18<=CA$4,1,0))-CA18+$B18+2)) -> 0 | CD18: =IF(CC18=0,0,MAX(0,IF(CC$4>18,IF($D18<=CC$4,2,1),IF($C18<=CC$4,1,0))-CC18+$B18+2)) -> 0 | CF18: =IF(CE18=0,0,MAX(0,IF(CE$4>18,IF($D18<=CE$4,2,1),IF($C18<=CE$4,1,0))-CE18+$B18+2)) -> 0 | CH18: =IF(CG18=0,0,MAX(0,IF(CG$4>18,IF($D18<=CG$4,2,1),IF($C18<=CG$4,1,0))-CG18+$B18+2)) -> 0 | CJ18: =IF(CI18=0,0,MAX(0,IF(CI$4>18,IF($D18<=CI$4,2,1),IF($C18<=CI$4,1,0))-CI18+$B18+2)) -> 0 | CL18: =IF(CK18=0,0,MAX(0,IF(CK$4>18,IF($D18<=CK$4,2,1),IF($C18<=CK$4,1,0))-CK18+$B18+2)) -> 0 | CN18: =IF(CM18=0,0,MAX(0,IF(CM$4>18,IF($D18<=CM$4,2,1),IF($C18<=CM$4,1,0))-CM18+$B18+2)) -> 0 | CP18: =IF(CO18=0,0,MAX(0,IF(CO$4>18,IF($D18<=CO$4,2,1),IF($C18<=CO$4,1,0))-CO18+$B18+2)) -> 0 | CR18: =IF(CQ18=0,0,MAX(0,IF(CQ$4>18,IF($D18<=CQ$4,2,1),IF($C18<=CQ$4,1,0))-CQ18+$B18+2)) -> 0 | CT18: =IF(CS18=0,0,MAX(0,IF(CS$4>18,IF($D18<=CS$4,2,1),IF($C18<=CS$4,1,0))-CS18+$B18+2)) -> 0 | CV18: =IF(CU18=0,0,MAX(0,IF(CU$4>18,IF($D18<=CU$4,2,1),IF($C18<=CU$4,1,0))-CU18+$B18+2)) -> 0 | CX18: =IF(CW18=0,0,MAX(0,IF(CW$4>18,IF($D18<=CW$4,2,1),IF($C18<=CW$4,1,0))-CW18+$B18+2)) -> 0 | CZ18: =IF(CY18=0,0,MAX(0,IF(CY$4>18,IF($D18<=CY$4,2,1),IF($C18<=CY$4,1,0))-CY18+$B18+2)) -> 0 | DB18: =IF(DA18=0,0,MAX(0,IF(DA$4>18,IF($D18<=DA$4,2,1),IF($C18<=DA$4,1,0))-DA18+$B18+2)) -> 0 | DD18: =IF(DC18=0,0,MAX(0,IF(DC$4>18,IF($D18<=DC$4,2,1),IF($C18<=DC$4,1,0))-DC18+$B18+2)) -> 0 | DF18: =IF(DE18=0,0,MAX(0,IF(DE$4>18,IF($D18<=DE$4,2,1),IF($C18<=DE$4,1,0))-DE18+$B18+2)) -> 0 | DH18: 13 | DI18: 4 | DJ18: 17 | DK18: =DJ18+18 -> 35 | DM18: =IF(DL18=0,0,MAX(0,IF(DL$4>18,IF($D18<=DL$4,2,1),IF($C18<=DL$4,1,0))-DL18+$B18+2)) -> 0 | DO18: =IF(DN18=0,0,MAX(0,IF(DN$4>18,IF($D18<=DN$4,2,1),IF($C18<=DN$4,1,0))-DN18+$B18+2)) -> 0 | DQ18: =IF(DP18=0,0,MAX(0,IF(DP$4>18,IF($D18<=DP$4,2,1),IF($C18<=DP$4,1,0))-DP18+$B18+2)) -> 0 | DS18: =IF(DR18=0,0,MAX(0,IF(DR$4>18,IF($D18<=DR$4,2,1),IF($C18<=DR$4,1,0))-DR18+$B18+2)) -> 0 | DU18: =IF(DT18=0,0,MAX(0,IF(DT$4>18,IF($D18<=DT$4,2,1),IF($C18<=DT$4,1,0))-DT18+$B18+2)) -> 0 | DW18: =IF(DV18=0,0,MAX(0,IF(DV$4>18,IF($D18<=DV$4,2,1),IF($C18<=DV$4,1,0))-DV18+$B18+2)) -> 0 | DY18: =IF(DX18=0,0,MAX(0,IF(DX$4>18,IF($D18<=DX$4,2,1),IF($C18<=DX$4,1,0))-DX18+$B18+2)) -> 0 | EA18: =IF(DZ18=0,0,MAX(0,IF(DZ$4>18,IF($D18<=DZ$4,2,1),IF($C18<=DZ$4,1,0))-DZ18+$B18+2)) -> 0 | EC18: =IF(EB18=0,0,MAX(0,IF(EB$4>18,IF($D18<=EB$4,2,1),IF($C18<=EB$4,1,0))-EB18+$B18+2)) -> 0 | EE18: =IF(ED18=0,0,MAX(0,IF(ED$4>18,IF($D18<=ED$4,2,1),IF($C18<=ED$4,1,0))-ED18+$B18+2)) -> 0 | EG18: =IF(EF18=0,0,MAX(0,IF(EF$4>18,IF($D18<=EF$4,2,1),IF($C18<=EF$4,1,0))-EF18+$B18+2)) -> 0 | EI18: =IF(EH18=0,0,MAX(0,IF(EH$4>18,IF($D18<=EH$4,2,1),IF($C18<=EH$4,1,0))-EH18+$B18+2)) -> 0 | EK18: =IF(EJ18=0,0,MAX(0,IF(EJ$4>18,IF($D18<=EJ$4,2,1),IF($C18<=EJ$4,1,0))-EJ18+$B18+2)) -> 0 | EM18: =IF(EL18=0,0,MAX(0,IF(EL$4>18,IF($D18<=EL$4,2,1),IF($C18<=EL$4,1,0))-EL18+$B18+2)) -> 0 | EO18: =IF(EN18=0,0,MAX(0,IF(EN$4>18,IF($D18<=EN$4,2,1),IF($C18<=EN$4,1,0))-EN18+$B18+2)) -> 0 | EQ18: =IF(EP18=0,0,MAX(0,IF(EP$4>18,IF($D18<=EP$4,2,1),IF($C18<=EP$4,1,0))-EP18+$B18+2)) -> 0 | ES18: 13 | ET18: 4 | EU18: 17 | EV18: =EU18+18 -> 35 | EX18: =IF(EW18=0,0,MAX(0,IF(EW$4>18,IF($D18<=EW$4,2,1),IF($C18<=EW$4,1,0))-EW18+$B18+2)) -> 0 | EZ18: =IF(EY18=0,0,MAX(0,IF(EY$4>18,IF($D18<=EY$4,2,1),IF($C18<=EY$4,1,0))-EY18+$B18+2)) -> 0 | FB18: =IF(FA18=0,0,MAX(0,IF(FA$4>18,IF($D18<=FA$4,2,1),IF($C18<=FA$4,1,0))-FA18+$B18+2)) -> 0 | FD18: =IF(FC18=0,0,MAX(0,IF(FC$4>18,IF($D18<=FC$4,2,1),IF($C18<=FC$4,1,0))-FC18+$B18+2)) -> 0 | FF18: =IF(FE18=0,0,MAX(0,IF(FE$4>18,IF($D18<=FE$4,2,1),IF($C18<=FE$4,1,0))-FE18+$B18+2)) -> 0 | FH18: =IF(FG18=0,0,MAX(0,IF(FG$4>18,IF($D18<=FG$4,2,1),IF($C18<=FG$4,1,0))-FG18+$B18+2)) -> 0 | FJ18: =IF(FI18=0,0,MAX(0,IF(FI$4>18,IF($D18<=FI$4,2,1),IF($C18<=FI$4,1,0))-FI18+$B18+2)) -> 0 | FL18: =IF(FK18=0,0,MAX(0,IF(FK$4>18,IF($D18<=FK$4,2,1),IF($C18<=FK$4,1,0))-FK18+$B18+2)) -> 0 | FN18: =IF(FM18=0,0,MAX(0,IF(FM$4>18,IF($D18<=FM$4,2,1),IF($C18<=FM$4,1,0))-FM18+$B18+2)) -> 0 | FP18: =IF(FO18=0,0,MAX(0,IF(FO$4>18,IF($D18<=FO$4,2,1),IF($C18<=FO$4,1,0))-FO18+$B18+2)) -> 0 | FR18: =IF(FQ18=0,0,MAX(0,IF(FQ$4>18,IF($D18<=FQ$4,2,1),IF($C18<=FQ$4,1,0))-FQ18+$B18+2)) -> 0 | FT18: =IF(FS18=0,0,MAX(0,IF(FS$4>18,IF($D18<=FS$4,2,1),IF($C18<=FS$4,1,0))-FS18+$B18+2)) -> 0 | FV18: =IF(FU18=0,0,MAX(0,IF(FU$4>18,IF($D18<=FU$4,2,1),IF($C18<=FU$4,1,0))-FU18+$B18+2)) -> 0 | FX18: =IF(FW18=0,0,MAX(0,IF(FW$4>18,IF($D18<=FW$4,2,1),IF($C18<=FW$4,1,0))-FW18+$B18+2)) -> 0 | FZ18: =IF(FY18=0,0,MAX(0,IF(FY$4>18,IF($D18<=FY$4,2,1),IF($C18<=FY$4,1,0))-FY18+$B18+2)) -> 0 | GB18: =IF(GA18=0,0,MAX(0,IF(GA$4>18,IF($D18<=GA$4,2,1),IF($C18<=GA$4,1,0))-GA18+$B18+2)) -> 0
A19: 14 | B19: 4 | C19: 11 | D19: =C19+18 -> 29 | F19: =IF(E19=0,0,MAX(0,IF(E$4>18,IF($D19<=E$4,2,1),IF($C19<=E$4,1,0))-E19+$B19+2)) -> 0 | H19: =IF(G19=0,0,MAX(0,IF(G$4>18,IF($D19<=G$4,2,1),IF($C19<=G$4,1,0))-G19+$B19+2)) -> 0 | J19: =IF(I19=0,0,MAX(0,IF(I$4>18,IF($D19<=I$4,2,1),IF($C19<=I$4,1,0))-I19+$B19+2)) -> 0 | L19: =IF(K19=0,0,MAX(0,IF(K$4>18,IF($D19<=K$4,2,1),IF($C19<=K$4,1,0))-K19+$B19+2)) -> 0 | N19: =IF(M19=0,0,MAX(0,IF(M$4>18,IF($D19<=M$4,2,1),IF($C19<=M$4,1,0))-M19+$B19+2)) -> 0 | P19: =IF(O19=0,0,MAX(0,IF(O$4>18,IF($D19<=O$4,2,1),IF($C19<=O$4,1,0))-O19+$B19+2)) -> 0 | R19: =IF(Q19=0,0,MAX(0,IF(Q$4>18,IF($D19<=Q$4,2,1),IF($C19<=Q$4,1,0))-Q19+$B19+2)) -> 0 | T19: =IF(S19=0,0,MAX(0,IF(S$4>18,IF($D19<=S$4,2,1),IF($C19<=S$4,1,0))-S19+$B19+2)) -> 0 | V19: =IF(U19=0,0,MAX(0,IF(U$4>18,IF($D19<=U$4,2,1),IF($C19<=U$4,1,0))-U19+$B19+2)) -> 0 | X19: =IF(W19=0,0,MAX(0,IF(W$4>18,IF($D19<=W$4,2,1),IF($C19<=W$4,1,0))-W19+$B19+2)) -> 0 | Z19: =IF(Y19=0,0,MAX(0,IF(Y$4>18,IF($D19<=Y$4,2,1),IF($C19<=Y$4,1,0))-Y19+$B19+2)) -> 0 | AB19: =IF(AA19=0,0,MAX(0,IF(AA$4>18,IF($D19<=AA$4,2,1),IF($C19<=AA$4,1,0))-AA19+$B19+2)) -> 0 | AD19: =IF(AC19=0,0,MAX(0,IF(AC$4>18,IF($D19<=AC$4,2,1),IF($C19<=AC$4,1,0))-AC19+$B19+2)) -> 0 | AF19: =IF(AE19=0,0,MAX(0,IF(AE$4>18,IF($D19<=AE$4,2,1),IF($C19<=AE$4,1,0))-AE19+$B19+2)) -> 0 | AH19: =IF(AG19=0,0,MAX(0,IF(AG$4>18,IF($D19<=AG$4,2,1),IF($C19<=AG$4,1,0))-AG19+$B19+2)) -> 0 | AJ19: =IF(AI19=0,0,MAX(0,IF(AI$4>18,IF($D19<=AI$4,2,1),IF($C19<=AI$4,1,0))-AI19+$B19+2)) -> 0 | AL19: 14 | AM19: 4 | AN19: 11 | AO19: =AN19+18 -> 29 | AQ19: =IF(AP19=0,0,MAX(0,IF(AP$4>18,IF($D19<=AP$4,2,1),IF($C19<=AP$4,1,0))-AP19+$B19+2)) -> 0 | AS19: =IF(AR19=0,0,MAX(0,IF(AR$4>18,IF($D19<=AR$4,2,1),IF($C19<=AR$4,1,0))-AR19+$B19+2)) -> 0 | AU19: =IF(AT19=0,0,MAX(0,IF(AT$4>18,IF($D19<=AT$4,2,1),IF($C19<=AT$4,1,0))-AT19+$B19+2)) -> 0 | AW19: =IF(AV19=0,0,MAX(0,IF(AV$4>18,IF($D19<=AV$4,2,1),IF($C19<=AV$4,1,0))-AV19+$B19+2)) -> 0 | AY19: =IF(AX19=0,0,MAX(0,IF(AX$4>18,IF($D19<=AX$4,2,1),IF($C19<=AX$4,1,0))-AX19+$B19+2)) -> 0 | BA19: =IF(AZ19=0,0,MAX(0,IF(AZ$4>18,IF($D19<=AZ$4,2,1),IF($C19<=AZ$4,1,0))-AZ19+$B19+2)) -> 0 | BC19: =IF(BB19=0,0,MAX(0,IF(BB$4>18,IF($D19<=BB$4,2,1),IF($C19<=BB$4,1,0))-BB19+$B19+2)) -> 0 | BE19: =IF(BD19=0,0,MAX(0,IF(BD$4>18,IF($D19<=BD$4,2,1),IF($C19<=BD$4,1,0))-BD19+$B19+2)) -> 0 | BG19: =IF(BF19=0,0,MAX(0,IF(BF$4>18,IF($D19<=BF$4,2,1),IF($C19<=BF$4,1,0))-BF19+$B19+2)) -> 0 | BI19: =IF(BH19=0,0,MAX(0,IF(BH$4>18,IF($D19<=BH$4,2,1),IF($C19<=BH$4,1,0))-BH19+$B19+2)) -> 0 | BK19: =IF(BJ19=0,0,MAX(0,IF(BJ$4>18,IF($D19<=BJ$4,2,1),IF($C19<=BJ$4,1,0))-BJ19+$B19+2)) -> 0 | BM19: =IF(BL19=0,0,MAX(0,IF(BL$4>18,IF($D19<=BL$4,2,1),IF($C19<=BL$4,1,0))-BL19+$B19+2)) -> 0 | BO19: =IF(BN19=0,0,MAX(0,IF(BN$4>18,IF($D19<=BN$4,2,1),IF($C19<=BN$4,1,0))-BN19+$B19+2)) -> 0 | BQ19: =IF(BP19=0,0,MAX(0,IF(BP$4>18,IF($D19<=BP$4,2,1),IF($C19<=BP$4,1,0))-BP19+$B19+2)) -> 0 | BS19: =IF(BR19=0,0,MAX(0,IF(BR$4>18,IF($D19<=BR$4,2,1),IF($C19<=BR$4,1,0))-BR19+$B19+2)) -> 0 | BU19: =IF(BT19=0,0,MAX(0,IF(BT$4>18,IF($D19<=BT$4,2,1),IF($C19<=BT$4,1,0))-BT19+$B19+2)) -> 0 | BW19: 14 | BX19: 4 | BY19: 11 | BZ19: =BY19+18 -> 29 | CB19: =IF(CA19=0,0,MAX(0,IF(CA$4>18,IF($D19<=CA$4,2,1),IF($C19<=CA$4,1,0))-CA19+$B19+2)) -> 0 | CD19: =IF(CC19=0,0,MAX(0,IF(CC$4>18,IF($D19<=CC$4,2,1),IF($C19<=CC$4,1,0))-CC19+$B19+2)) -> 0 | CF19: =IF(CE19=0,0,MAX(0,IF(CE$4>18,IF($D19<=CE$4,2,1),IF($C19<=CE$4,1,0))-CE19+$B19+2)) -> 0 | CH19: =IF(CG19=0,0,MAX(0,IF(CG$4>18,IF($D19<=CG$4,2,1),IF($C19<=CG$4,1,0))-CG19+$B19+2)) -> 0 | CJ19: =IF(CI19=0,0,MAX(0,IF(CI$4>18,IF($D19<=CI$4,2,1),IF($C19<=CI$4,1,0))-CI19+$B19+2)) -> 0 | CL19: =IF(CK19=0,0,MAX(0,IF(CK$4>18,IF($D19<=CK$4,2,1),IF($C19<=CK$4,1,0))-CK19+$B19+2)) -> 0 | CN19: =IF(CM19=0,0,MAX(0,IF(CM$4>18,IF($D19<=CM$4,2,1),IF($C19<=CM$4,1,0))-CM19+$B19+2)) -> 0 | CP19: =IF(CO19=0,0,MAX(0,IF(CO$4>18,IF($D19<=CO$4,2,1),IF($C19<=CO$4,1,0))-CO19+$B19+2)) -> 0 | CR19: =IF(CQ19=0,0,MAX(0,IF(CQ$4>18,IF($D19<=CQ$4,2,1),IF($C19<=CQ$4,1,0))-CQ19+$B19+2)) -> 0 | CT19: =IF(CS19=0,0,MAX(0,IF(CS$4>18,IF($D19<=CS$4,2,1),IF($C19<=CS$4,1,0))-CS19+$B19+2)) -> 0 | CV19: =IF(CU19=0,0,MAX(0,IF(CU$4>18,IF($D19<=CU$4,2,1),IF($C19<=CU$4,1,0))-CU19+$B19+2)) -> 0 | CX19: =IF(CW19=0,0,MAX(0,IF(CW$4>18,IF($D19<=CW$4,2,1),IF($C19<=CW$4,1,0))-CW19+$B19+2)) -> 0 | CZ19: =IF(CY19=0,0,MAX(0,IF(CY$4>18,IF($D19<=CY$4,2,1),IF($C19<=CY$4,1,0))-CY19+$B19+2)) -> 0 | DB19: =IF(DA19=0,0,MAX(0,IF(DA$4>18,IF($D19<=DA$4,2,1),IF($C19<=DA$4,1,0))-DA19+$B19+2)) -> 0 | DD19: =IF(DC19=0,0,MAX(0,IF(DC$4>18,IF($D19<=DC$4,2,1),IF($C19<=DC$4,1,0))-DC19+$B19+2)) -> 0 | DF19: =IF(DE19=0,0,MAX(0,IF(DE$4>18,IF($D19<=DE$4,2,1),IF($C19<=DE$4,1,0))-DE19+$B19+2)) -> 0 | DH19: 14 | DI19: 4 | DJ19: 11 | DK19: =DJ19+18 -> 29 | DM19: =IF(DL19=0,0,MAX(0,IF(DL$4>18,IF($D19<=DL$4,2,1),IF($C19<=DL$4,1,0))-DL19+$B19+2)) -> 0 | DO19: =IF(DN19=0,0,MAX(0,IF(DN$4>18,IF($D19<=DN$4,2,1),IF($C19<=DN$4,1,0))-DN19+$B19+2)) -> 0 | DQ19: =IF(DP19=0,0,MAX(0,IF(DP$4>18,IF($D19<=DP$4,2,1),IF($C19<=DP$4,1,0))-DP19+$B19+2)) -> 0 | DS19: =IF(DR19=0,0,MAX(0,IF(DR$4>18,IF($D19<=DR$4,2,1),IF($C19<=DR$4,1,0))-DR19+$B19+2)) -> 0 | DU19: =IF(DT19=0,0,MAX(0,IF(DT$4>18,IF($D19<=DT$4,2,1),IF($C19<=DT$4,1,0))-DT19+$B19+2)) -> 0 | DW19: =IF(DV19=0,0,MAX(0,IF(DV$4>18,IF($D19<=DV$4,2,1),IF($C19<=DV$4,1,0))-DV19+$B19+2)) -> 0 | DY19: =IF(DX19=0,0,MAX(0,IF(DX$4>18,IF($D19<=DX$4,2,1),IF($C19<=DX$4,1,0))-DX19+$B19+2)) -> 0 | EA19: =IF(DZ19=0,0,MAX(0,IF(DZ$4>18,IF($D19<=DZ$4,2,1),IF($C19<=DZ$4,1,0))-DZ19+$B19+2)) -> 0 | EC19: =IF(EB19=0,0,MAX(0,IF(EB$4>18,IF($D19<=EB$4,2,1),IF($C19<=EB$4,1,0))-EB19+$B19+2)) -> 0 | EE19: =IF(ED19=0,0,MAX(0,IF(ED$4>18,IF($D19<=ED$4,2,1),IF($C19<=ED$4,1,0))-ED19+$B19+2)) -> 0 | EG19: =IF(EF19=0,0,MAX(0,IF(EF$4>18,IF($D19<=EF$4,2,1),IF($C19<=EF$4,1,0))-EF19+$B19+2)) -> 0 | EI19: =IF(EH19=0,0,MAX(0,IF(EH$4>18,IF($D19<=EH$4,2,1),IF($C19<=EH$4,1,0))-EH19+$B19+2)) -> 0 | EK19: =IF(EJ19=0,0,MAX(0,IF(EJ$4>18,IF($D19<=EJ$4,2,1),IF($C19<=EJ$4,1,0))-EJ19+$B19+2)) -> 0 | EM19: =IF(EL19=0,0,MAX(0,IF(EL$4>18,IF($D19<=EL$4,2,1),IF($C19<=EL$4,1,0))-EL19+$B19+2)) -> 0 | EO19: =IF(EN19=0,0,MAX(0,IF(EN$4>18,IF($D19<=EN$4,2,1),IF($C19<=EN$4,1,0))-EN19+$B19+2)) -> 0 | EQ19: =IF(EP19=0,0,MAX(0,IF(EP$4>18,IF($D19<=EP$4,2,1),IF($C19<=EP$4,1,0))-EP19+$B19+2)) -> 0 | ES19: 14 | ET19: 4 | EU19: 11 | EV19: =EU19+18 -> 29 | EX19: =IF(EW19=0,0,MAX(0,IF(EW$4>18,IF($D19<=EW$4,2,1),IF($C19<=EW$4,1,0))-EW19+$B19+2)) -> 0 | EZ19: =IF(EY19=0,0,MAX(0,IF(EY$4>18,IF($D19<=EY$4,2,1),IF($C19<=EY$4,1,0))-EY19+$B19+2)) -> 0 | FB19: =IF(FA19=0,0,MAX(0,IF(FA$4>18,IF($D19<=FA$4,2,1),IF($C19<=FA$4,1,0))-FA19+$B19+2)) -> 0 | FD19: =IF(FC19=0,0,MAX(0,IF(FC$4>18,IF($D19<=FC$4,2,1),IF($C19<=FC$4,1,0))-FC19+$B19+2)) -> 0 | FF19: =IF(FE19=0,0,MAX(0,IF(FE$4>18,IF($D19<=FE$4,2,1),IF($C19<=FE$4,1,0))-FE19+$B19+2)) -> 0 | FH19: =IF(FG19=0,0,MAX(0,IF(FG$4>18,IF($D19<=FG$4,2,1),IF($C19<=FG$4,1,0))-FG19+$B19+2)) -> 0 | FJ19: =IF(FI19=0,0,MAX(0,IF(FI$4>18,IF($D19<=FI$4,2,1),IF($C19<=FI$4,1,0))-FI19+$B19+2)) -> 0 | FL19: =IF(FK19=0,0,MAX(0,IF(FK$4>18,IF($D19<=FK$4,2,1),IF($C19<=FK$4,1,0))-FK19+$B19+2)) -> 0 | FN19: =IF(FM19=0,0,MAX(0,IF(FM$4>18,IF($D19<=FM$4,2,1),IF($C19<=FM$4,1,0))-FM19+$B19+2)) -> 0 | FP19: =IF(FO19=0,0,MAX(0,IF(FO$4>18,IF($D19<=FO$4,2,1),IF($C19<=FO$4,1,0))-FO19+$B19+2)) -> 0 | FR19: =IF(FQ19=0,0,MAX(0,IF(FQ$4>18,IF($D19<=FQ$4,2,1),IF($C19<=FQ$4,1,0))-FQ19+$B19+2)) -> 0 | FT19: =IF(FS19=0,0,MAX(0,IF(FS$4>18,IF($D19<=FS$4,2,1),IF($C19<=FS$4,1,0))-FS19+$B19+2)) -> 0 | FV19: =IF(FU19=0,0,MAX(0,IF(FU$4>18,IF($D19<=FU$4,2,1),IF($C19<=FU$4,1,0))-FU19+$B19+2)) -> 0 | FX19: =IF(FW19=0,0,MAX(0,IF(FW$4>18,IF($D19<=FW$4,2,1),IF($C19<=FW$4,1,0))-FW19+$B19+2)) -> 0 | FZ19: =IF(FY19=0,0,MAX(0,IF(FY$4>18,IF($D19<=FY$4,2,1),IF($C19<=FY$4,1,0))-FY19+$B19+2)) -> 0 | GB19: =IF(GA19=0,0,MAX(0,IF(GA$4>18,IF($D19<=GA$4,2,1),IF($C19<=GA$4,1,0))-GA19+$B19+2)) -> 0
A20: 15 | B20: 4 | C20: 7 | D20: =C20+18 -> 25 | F20: =IF(E20=0,0,MAX(0,IF(E$4>18,IF($D20<=E$4,2,1),IF($C20<=E$4,1,0))-E20+$B20+2)) -> 0 | H20: =IF(G20=0,0,MAX(0,IF(G$4>18,IF($D20<=G$4,2,1),IF($C20<=G$4,1,0))-G20+$B20+2)) -> 0 | J20: =IF(I20=0,0,MAX(0,IF(I$4>18,IF($D20<=I$4,2,1),IF($C20<=I$4,1,0))-I20+$B20+2)) -> 0 | L20: =IF(K20=0,0,MAX(0,IF(K$4>18,IF($D20<=K$4,2,1),IF($C20<=K$4,1,0))-K20+$B20+2)) -> 0 | N20: =IF(M20=0,0,MAX(0,IF(M$4>18,IF($D20<=M$4,2,1),IF($C20<=M$4,1,0))-M20+$B20+2)) -> 0 | P20: =IF(O20=0,0,MAX(0,IF(O$4>18,IF($D20<=O$4,2,1),IF($C20<=O$4,1,0))-O20+$B20+2)) -> 0 | R20: =IF(Q20=0,0,MAX(0,IF(Q$4>18,IF($D20<=Q$4,2,1),IF($C20<=Q$4,1,0))-Q20+$B20+2)) -> 0 | T20: =IF(S20=0,0,MAX(0,IF(S$4>18,IF($D20<=S$4,2,1),IF($C20<=S$4,1,0))-S20+$B20+2)) -> 0 | V20: =IF(U20=0,0,MAX(0,IF(U$4>18,IF($D20<=U$4,2,1),IF($C20<=U$4,1,0))-U20+$B20+2)) -> 0 | X20: =IF(W20=0,0,MAX(0,IF(W$4>18,IF($D20<=W$4,2,1),IF($C20<=W$4,1,0))-W20+$B20+2)) -> 0 | Z20: =IF(Y20=0,0,MAX(0,IF(Y$4>18,IF($D20<=Y$4,2,1),IF($C20<=Y$4,1,0))-Y20+$B20+2)) -> 0 | AB20: =IF(AA20=0,0,MAX(0,IF(AA$4>18,IF($D20<=AA$4,2,1),IF($C20<=AA$4,1,0))-AA20+$B20+2)) -> 0 | AD20: =IF(AC20=0,0,MAX(0,IF(AC$4>18,IF($D20<=AC$4,2,1),IF($C20<=AC$4,1,0))-AC20+$B20+2)) -> 0 | AF20: =IF(AE20=0,0,MAX(0,IF(AE$4>18,IF($D20<=AE$4,2,1),IF($C20<=AE$4,1,0))-AE20+$B20+2)) -> 0 | AH20: =IF(AG20=0,0,MAX(0,IF(AG$4>18,IF($D20<=AG$4,2,1),IF($C20<=AG$4,1,0))-AG20+$B20+2)) -> 0 | AJ20: =IF(AI20=0,0,MAX(0,IF(AI$4>18,IF($D20<=AI$4,2,1),IF($C20<=AI$4,1,0))-AI20+$B20+2)) -> 0 | AL20: 15 | AM20: 4 | AN20: 7 | AO20: =AN20+18 -> 25 | AQ20: =IF(AP20=0,0,MAX(0,IF(AP$4>18,IF($D20<=AP$4,2,1),IF($C20<=AP$4,1,0))-AP20+$B20+2)) -> 0 | AS20: =IF(AR20=0,0,MAX(0,IF(AR$4>18,IF($D20<=AR$4,2,1),IF($C20<=AR$4,1,0))-AR20+$B20+2)) -> 0 | AU20: =IF(AT20=0,0,MAX(0,IF(AT$4>18,IF($D20<=AT$4,2,1),IF($C20<=AT$4,1,0))-AT20+$B20+2)) -> 0 | AW20: =IF(AV20=0,0,MAX(0,IF(AV$4>18,IF($D20<=AV$4,2,1),IF($C20<=AV$4,1,0))-AV20+$B20+2)) -> 0 | AY20: =IF(AX20=0,0,MAX(0,IF(AX$4>18,IF($D20<=AX$4,2,1),IF($C20<=AX$4,1,0))-AX20+$B20+2)) -> 0 | BA20: =IF(AZ20=0,0,MAX(0,IF(AZ$4>18,IF($D20<=AZ$4,2,1),IF($C20<=AZ$4,1,0))-AZ20+$B20+2)) -> 0 | BC20: =IF(BB20=0,0,MAX(0,IF(BB$4>18,IF($D20<=BB$4,2,1),IF($C20<=BB$4,1,0))-BB20+$B20+2)) -> 0 | BE20: =IF(BD20=0,0,MAX(0,IF(BD$4>18,IF($D20<=BD$4,2,1),IF($C20<=BD$4,1,0))-BD20+$B20+2)) -> 0 | BG20: =IF(BF20=0,0,MAX(0,IF(BF$4>18,IF($D20<=BF$4,2,1),IF($C20<=BF$4,1,0))-BF20+$B20+2)) -> 0 | BI20: =IF(BH20=0,0,MAX(0,IF(BH$4>18,IF($D20<=BH$4,2,1),IF($C20<=BH$4,1,0))-BH20+$B20+2)) -> 0 | BK20: =IF(BJ20=0,0,MAX(0,IF(BJ$4>18,IF($D20<=BJ$4,2,1),IF($C20<=BJ$4,1,0))-BJ20+$B20+2)) -> 0 | BM20: =IF(BL20=0,0,MAX(0,IF(BL$4>18,IF($D20<=BL$4,2,1),IF($C20<=BL$4,1,0))-BL20+$B20+2)) -> 0 | BO20: =IF(BN20=0,0,MAX(0,IF(BN$4>18,IF($D20<=BN$4,2,1),IF($C20<=BN$4,1,0))-BN20+$B20+2)) -> 0 | BQ20: =IF(BP20=0,0,MAX(0,IF(BP$4>18,IF($D20<=BP$4,2,1),IF($C20<=BP$4,1,0))-BP20+$B20+2)) -> 0 | BS20: =IF(BR20=0,0,MAX(0,IF(BR$4>18,IF($D20<=BR$4,2,1),IF($C20<=BR$4,1,0))-BR20+$B20+2)) -> 0 | BU20: =IF(BT20=0,0,MAX(0,IF(BT$4>18,IF($D20<=BT$4,2,1),IF($C20<=BT$4,1,0))-BT20+$B20+2)) -> 0 | BW20: 15 | BX20: 4 | BY20: 7 | BZ20: =BY20+18 -> 25 | CB20: =IF(CA20=0,0,MAX(0,IF(CA$4>18,IF($D20<=CA$4,2,1),IF($C20<=CA$4,1,0))-CA20+$B20+2)) -> 0 | CD20: =IF(CC20=0,0,MAX(0,IF(CC$4>18,IF($D20<=CC$4,2,1),IF($C20<=CC$4,1,0))-CC20+$B20+2)) -> 0 | CF20: =IF(CE20=0,0,MAX(0,IF(CE$4>18,IF($D20<=CE$4,2,1),IF($C20<=CE$4,1,0))-CE20+$B20+2)) -> 0 | CH20: =IF(CG20=0,0,MAX(0,IF(CG$4>18,IF($D20<=CG$4,2,1),IF($C20<=CG$4,1,0))-CG20+$B20+2)) -> 0 | CJ20: =IF(CI20=0,0,MAX(0,IF(CI$4>18,IF($D20<=CI$4,2,1),IF($C20<=CI$4,1,0))-CI20+$B20+2)) -> 0 | CL20: =IF(CK20=0,0,MAX(0,IF(CK$4>18,IF($D20<=CK$4,2,1),IF($C20<=CK$4,1,0))-CK20+$B20+2)) -> 0 | CN20: =IF(CM20=0,0,MAX(0,IF(CM$4>18,IF($D20<=CM$4,2,1),IF($C20<=CM$4,1,0))-CM20+$B20+2)) -> 0 | CP20: =IF(CO20=0,0,MAX(0,IF(CO$4>18,IF($D20<=CO$4,2,1),IF($C20<=CO$4,1,0))-CO20+$B20+2)) -> 0 | CR20: =IF(CQ20=0,0,MAX(0,IF(CQ$4>18,IF($D20<=CQ$4,2,1),IF($C20<=CQ$4,1,0))-CQ20+$B20+2)) -> 0 | CT20: =IF(CS20=0,0,MAX(0,IF(CS$4>18,IF($D20<=CS$4,2,1),IF($C20<=CS$4,1,0))-CS20+$B20+2)) -> 0 | CV20: =IF(CU20=0,0,MAX(0,IF(CU$4>18,IF($D20<=CU$4,2,1),IF($C20<=CU$4,1,0))-CU20+$B20+2)) -> 0 | CX20: =IF(CW20=0,0,MAX(0,IF(CW$4>18,IF($D20<=CW$4,2,1),IF($C20<=CW$4,1,0))-CW20+$B20+2)) -> 0 | CZ20: =IF(CY20=0,0,MAX(0,IF(CY$4>18,IF($D20<=CY$4,2,1),IF($C20<=CY$4,1,0))-CY20+$B20+2)) -> 0 | DB20: =IF(DA20=0,0,MAX(0,IF(DA$4>18,IF($D20<=DA$4,2,1),IF($C20<=DA$4,1,0))-DA20+$B20+2)) -> 0 | DD20: =IF(DC20=0,0,MAX(0,IF(DC$4>18,IF($D20<=DC$4,2,1),IF($C20<=DC$4,1,0))-DC20+$B20+2)) -> 0 | DF20: =IF(DE20=0,0,MAX(0,IF(DE$4>18,IF($D20<=DE$4,2,1),IF($C20<=DE$4,1,0))-DE20+$B20+2)) -> 0 | DH20: 15 | DI20: 4 | DJ20: 7 | DK20: =DJ20+18 -> 25 | DM20: =IF(DL20=0,0,MAX(0,IF(DL$4>18,IF($D20<=DL$4,2,1),IF($C20<=DL$4,1,0))-DL20+$B20+2)) -> 0 | DO20: =IF(DN20=0,0,MAX(0,IF(DN$4>18,IF($D20<=DN$4,2,1),IF($C20<=DN$4,1,0))-DN20+$B20+2)) -> 0 | DQ20: =IF(DP20=0,0,MAX(0,IF(DP$4>18,IF($D20<=DP$4,2,1),IF($C20<=DP$4,1,0))-DP20+$B20+2)) -> 0 | DS20: =IF(DR20=0,0,MAX(0,IF(DR$4>18,IF($D20<=DR$4,2,1),IF($C20<=DR$4,1,0))-DR20+$B20+2)) -> 0 | DU20: =IF(DT20=0,0,MAX(0,IF(DT$4>18,IF($D20<=DT$4,2,1),IF($C20<=DT$4,1,0))-DT20+$B20+2)) -> 0 | DW20: =IF(DV20=0,0,MAX(0,IF(DV$4>18,IF($D20<=DV$4,2,1),IF($C20<=DV$4,1,0))-DV20+$B20+2)) -> 0 | DY20: =IF(DX20=0,0,MAX(0,IF(DX$4>18,IF($D20<=DX$4,2,1),IF($C20<=DX$4,1,0))-DX20+$B20+2)) -> 0 | EA20: =IF(DZ20=0,0,MAX(0,IF(DZ$4>18,IF($D20<=DZ$4,2,1),IF($C20<=DZ$4,1,0))-DZ20+$B20+2)) -> 0 | EC20: =IF(EB20=0,0,MAX(0,IF(EB$4>18,IF($D20<=EB$4,2,1),IF($C20<=EB$4,1,0))-EB20+$B20+2)) -> 0 | EE20: =IF(ED20=0,0,MAX(0,IF(ED$4>18,IF($D20<=ED$4,2,1),IF($C20<=ED$4,1,0))-ED20+$B20+2)) -> 0 | EG20: =IF(EF20=0,0,MAX(0,IF(EF$4>18,IF($D20<=EF$4,2,1),IF($C20<=EF$4,1,0))-EF20+$B20+2)) -> 0 | EI20: =IF(EH20=0,0,MAX(0,IF(EH$4>18,IF($D20<=EH$4,2,1),IF($C20<=EH$4,1,0))-EH20+$B20+2)) -> 0 | EK20: =IF(EJ20=0,0,MAX(0,IF(EJ$4>18,IF($D20<=EJ$4,2,1),IF($C20<=EJ$4,1,0))-EJ20+$B20+2)) -> 0 | EM20: =IF(EL20=0,0,MAX(0,IF(EL$4>18,IF($D20<=EL$4,2,1),IF($C20<=EL$4,1,0))-EL20+$B20+2)) -> 0 | EO20: =IF(EN20=0,0,MAX(0,IF(EN$4>18,IF($D20<=EN$4,2,1),IF($C20<=EN$4,1,0))-EN20+$B20+2)) -> 0 | EQ20: =IF(EP20=0,0,MAX(0,IF(EP$4>18,IF($D20<=EP$4,2,1),IF($C20<=EP$4,1,0))-EP20+$B20+2)) -> 0 | ES20: 15 | ET20: 4 | EU20: 7 | EV20: =EU20+18 -> 25 | EX20: =IF(EW20=0,0,MAX(0,IF(EW$4>18,IF($D20<=EW$4,2,1),IF($C20<=EW$4,1,0))-EW20+$B20+2)) -> 0 | EZ20: =IF(EY20=0,0,MAX(0,IF(EY$4>18,IF($D20<=EY$4,2,1),IF($C20<=EY$4,1,0))-EY20+$B20+2)) -> 0 | FB20: =IF(FA20=0,0,MAX(0,IF(FA$4>18,IF($D20<=FA$4,2,1),IF($C20<=FA$4,1,0))-FA20+$B20+2)) -> 0 | FD20: =IF(FC20=0,0,MAX(0,IF(FC$4>18,IF($D20<=FC$4,2,1),IF($C20<=FC$4,1,0))-FC20+$B20+2)) -> 0 | FF20: =IF(FE20=0,0,MAX(0,IF(FE$4>18,IF($D20<=FE$4,2,1),IF($C20<=FE$4,1,0))-FE20+$B20+2)) -> 0 | FH20: =IF(FG20=0,0,MAX(0,IF(FG$4>18,IF($D20<=FG$4,2,1),IF($C20<=FG$4,1,0))-FG20+$B20+2)) -> 0 | FJ20: =IF(FI20=0,0,MAX(0,IF(FI$4>18,IF($D20<=FI$4,2,1),IF($C20<=FI$4,1,0))-FI20+$B20+2)) -> 0 | FL20: =IF(FK20=0,0,MAX(0,IF(FK$4>18,IF($D20<=FK$4,2,1),IF($C20<=FK$4,1,0))-FK20+$B20+2)) -> 0 | FN20: =IF(FM20=0,0,MAX(0,IF(FM$4>18,IF($D20<=FM$4,2,1),IF($C20<=FM$4,1,0))-FM20+$B20+2)) -> 0 | FP20: =IF(FO20=0,0,MAX(0,IF(FO$4>18,IF($D20<=FO$4,2,1),IF($C20<=FO$4,1,0))-FO20+$B20+2)) -> 0 | FR20: =IF(FQ20=0,0,MAX(0,IF(FQ$4>18,IF($D20<=FQ$4,2,1),IF($C20<=FQ$4,1,0))-FQ20+$B20+2)) -> 0 | FT20: =IF(FS20=0,0,MAX(0,IF(FS$4>18,IF($D20<=FS$4,2,1),IF($C20<=FS$4,1,0))-FS20+$B20+2)) -> 0 | FV20: =IF(FU20=0,0,MAX(0,IF(FU$4>18,IF($D20<=FU$4,2,1),IF($C20<=FU$4,1,0))-FU20+$B20+2)) -> 0 | FX20: =IF(FW20=0,0,MAX(0,IF(FW$4>18,IF($D20<=FW$4,2,1),IF($C20<=FW$4,1,0))-FW20+$B20+2)) -> 0 | FZ20: =IF(FY20=0,0,MAX(0,IF(FY$4>18,IF($D20<=FY$4,2,1),IF($C20<=FY$4,1,0))-FY20+$B20+2)) -> 0 | GB20: =IF(GA20=0,0,MAX(0,IF(GA$4>18,IF($D20<=GA$4,2,1),IF($C20<=GA$4,1,0))-GA20+$B20+2)) -> 0
A21: 16 | B21: 5 | C21: 9 | D21: =C21+18 -> 27 | F21: =IF(E21=0,0,MAX(0,IF(E$4>18,IF($D21<=E$4,2,1),IF($C21<=E$4,1,0))-E21+$B21+2)) -> 0 | H21: =IF(G21=0,0,MAX(0,IF(G$4>18,IF($D21<=G$4,2,1),IF($C21<=G$4,1,0))-G21+$B21+2)) -> 0 | J21: =IF(I21=0,0,MAX(0,IF(I$4>18,IF($D21<=I$4,2,1),IF($C21<=I$4,1,0))-I21+$B21+2)) -> 0 | L21: =IF(K21=0,0,MAX(0,IF(K$4>18,IF($D21<=K$4,2,1),IF($C21<=K$4,1,0))-K21+$B21+2)) -> 0 | N21: =IF(M21=0,0,MAX(0,IF(M$4>18,IF($D21<=M$4,2,1),IF($C21<=M$4,1,0))-M21+$B21+2)) -> 0 | P21: =IF(O21=0,0,MAX(0,IF(O$4>18,IF($D21<=O$4,2,1),IF($C21<=O$4,1,0))-O21+$B21+2)) -> 0 | R21: =IF(Q21=0,0,MAX(0,IF(Q$4>18,IF($D21<=Q$4,2,1),IF($C21<=Q$4,1,0))-Q21+$B21+2)) -> 0 | T21: =IF(S21=0,0,MAX(0,IF(S$4>18,IF($D21<=S$4,2,1),IF($C21<=S$4,1,0))-S21+$B21+2)) -> 0 | V21: =IF(U21=0,0,MAX(0,IF(U$4>18,IF($D21<=U$4,2,1),IF($C21<=U$4,1,0))-U21+$B21+2)) -> 0 | X21: =IF(W21=0,0,MAX(0,IF(W$4>18,IF($D21<=W$4,2,1),IF($C21<=W$4,1,0))-W21+$B21+2)) -> 0 | Z21: =IF(Y21=0,0,MAX(0,IF(Y$4>18,IF($D21<=Y$4,2,1),IF($C21<=Y$4,1,0))-Y21+$B21+2)) -> 0 | AB21: =IF(AA21=0,0,MAX(0,IF(AA$4>18,IF($D21<=AA$4,2,1),IF($C21<=AA$4,1,0))-AA21+$B21+2)) -> 0 | AD21: =IF(AC21=0,0,MAX(0,IF(AC$4>18,IF($D21<=AC$4,2,1),IF($C21<=AC$4,1,0))-AC21+$B21+2)) -> 0 | AF21: =IF(AE21=0,0,MAX(0,IF(AE$4>18,IF($D21<=AE$4,2,1),IF($C21<=AE$4,1,0))-AE21+$B21+2)) -> 0 | AH21: =IF(AG21=0,0,MAX(0,IF(AG$4>18,IF($D21<=AG$4,2,1),IF($C21<=AG$4,1,0))-AG21+$B21+2)) -> 0 | AJ21: =IF(AI21=0,0,MAX(0,IF(AI$4>18,IF($D21<=AI$4,2,1),IF($C21<=AI$4,1,0))-AI21+$B21+2)) -> 0 | AL21: 16 | AM21: 5 | AN21: 9 | AO21: =AN21+18 -> 27 | AQ21: =IF(AP21=0,0,MAX(0,IF(AP$4>18,IF($D21<=AP$4,2,1),IF($C21<=AP$4,1,0))-AP21+$B21+2)) -> 0 | AS21: =IF(AR21=0,0,MAX(0,IF(AR$4>18,IF($D21<=AR$4,2,1),IF($C21<=AR$4,1,0))-AR21+$B21+2)) -> 0 | AU21: =IF(AT21=0,0,MAX(0,IF(AT$4>18,IF($D21<=AT$4,2,1),IF($C21<=AT$4,1,0))-AT21+$B21+2)) -> 0 | AW21: =IF(AV21=0,0,MAX(0,IF(AV$4>18,IF($D21<=AV$4,2,1),IF($C21<=AV$4,1,0))-AV21+$B21+2)) -> 0 | AY21: =IF(AX21=0,0,MAX(0,IF(AX$4>18,IF($D21<=AX$4,2,1),IF($C21<=AX$4,1,0))-AX21+$B21+2)) -> 0 | BA21: =IF(AZ21=0,0,MAX(0,IF(AZ$4>18,IF($D21<=AZ$4,2,1),IF($C21<=AZ$4,1,0))-AZ21+$B21+2)) -> 0 | BC21: =IF(BB21=0,0,MAX(0,IF(BB$4>18,IF($D21<=BB$4,2,1),IF($C21<=BB$4,1,0))-BB21+$B21+2)) -> 0 | BE21: =IF(BD21=0,0,MAX(0,IF(BD$4>18,IF($D21<=BD$4,2,1),IF($C21<=BD$4,1,0))-BD21+$B21+2)) -> 0 | BG21: =IF(BF21=0,0,MAX(0,IF(BF$4>18,IF($D21<=BF$4,2,1),IF($C21<=BF$4,1,0))-BF21+$B21+2)) -> 0 | BI21: =IF(BH21=0,0,MAX(0,IF(BH$4>18,IF($D21<=BH$4,2,1),IF($C21<=BH$4,1,0))-BH21+$B21+2)) -> 0 | BK21: =IF(BJ21=0,0,MAX(0,IF(BJ$4>18,IF($D21<=BJ$4,2,1),IF($C21<=BJ$4,1,0))-BJ21+$B21+2)) -> 0 | BM21: =IF(BL21=0,0,MAX(0,IF(BL$4>18,IF($D21<=BL$4,2,1),IF($C21<=BL$4,1,0))-BL21+$B21+2)) -> 0 | BO21: =IF(BN21=0,0,MAX(0,IF(BN$4>18,IF($D21<=BN$4,2,1),IF($C21<=BN$4,1,0))-BN21+$B21+2)) -> 0 | BQ21: =IF(BP21=0,0,MAX(0,IF(BP$4>18,IF($D21<=BP$4,2,1),IF($C21<=BP$4,1,0))-BP21+$B21+2)) -> 0 | BS21: =IF(BR21=0,0,MAX(0,IF(BR$4>18,IF($D21<=BR$4,2,1),IF($C21<=BR$4,1,0))-BR21+$B21+2)) -> 0 | BU21: =IF(BT21=0,0,MAX(0,IF(BT$4>18,IF($D21<=BT$4,2,1),IF($C21<=BT$4,1,0))-BT21+$B21+2)) -> 0 | BW21: 16 | BX21: 5 | BY21: 9 | BZ21: =BY21+18 -> 27 | CB21: =IF(CA21=0,0,MAX(0,IF(CA$4>18,IF($D21<=CA$4,2,1),IF($C21<=CA$4,1,0))-CA21+$B21+2)) -> 0 | CD21: =IF(CC21=0,0,MAX(0,IF(CC$4>18,IF($D21<=CC$4,2,1),IF($C21<=CC$4,1,0))-CC21+$B21+2)) -> 0 | CF21: =IF(CE21=0,0,MAX(0,IF(CE$4>18,IF($D21<=CE$4,2,1),IF($C21<=CE$4,1,0))-CE21+$B21+2)) -> 0 | CH21: =IF(CG21=0,0,MAX(0,IF(CG$4>18,IF($D21<=CG$4,2,1),IF($C21<=CG$4,1,0))-CG21+$B21+2)) -> 0 | CJ21: =IF(CI21=0,0,MAX(0,IF(CI$4>18,IF($D21<=CI$4,2,1),IF($C21<=CI$4,1,0))-CI21+$B21+2)) -> 0 | CL21: =IF(CK21=0,0,MAX(0,IF(CK$4>18,IF($D21<=CK$4,2,1),IF($C21<=CK$4,1,0))-CK21+$B21+2)) -> 0 | CN21: =IF(CM21=0,0,MAX(0,IF(CM$4>18,IF($D21<=CM$4,2,1),IF($C21<=CM$4,1,0))-CM21+$B21+2)) -> 0 | CP21: =IF(CO21=0,0,MAX(0,IF(CO$4>18,IF($D21<=CO$4,2,1),IF($C21<=CO$4,1,0))-CO21+$B21+2)) -> 0 | CR21: =IF(CQ21=0,0,MAX(0,IF(CQ$4>18,IF($D21<=CQ$4,2,1),IF($C21<=CQ$4,1,0))-CQ21+$B21+2)) -> 0 | CT21: =IF(CS21=0,0,MAX(0,IF(CS$4>18,IF($D21<=CS$4,2,1),IF($C21<=CS$4,1,0))-CS21+$B21+2)) -> 0 | CV21: =IF(CU21=0,0,MAX(0,IF(CU$4>18,IF($D21<=CU$4,2,1),IF($C21<=CU$4,1,0))-CU21+$B21+2)) -> 0 | CX21: =IF(CW21=0,0,MAX(0,IF(CW$4>18,IF($D21<=CW$4,2,1),IF($C21<=CW$4,1,0))-CW21+$B21+2)) -> 0 | CZ21: =IF(CY21=0,0,MAX(0,IF(CY$4>18,IF($D21<=CY$4,2,1),IF($C21<=CY$4,1,0))-CY21+$B21+2)) -> 0 | DB21: =IF(DA21=0,0,MAX(0,IF(DA$4>18,IF($D21<=DA$4,2,1),IF($C21<=DA$4,1,0))-DA21+$B21+2)) -> 0 | DD21: =IF(DC21=0,0,MAX(0,IF(DC$4>18,IF($D21<=DC$4,2,1),IF($C21<=DC$4,1,0))-DC21+$B21+2)) -> 0 | DF21: =IF(DE21=0,0,MAX(0,IF(DE$4>18,IF($D21<=DE$4,2,1),IF($C21<=DE$4,1,0))-DE21+$B21+2)) -> 0 | DH21: 16 | DI21: 5 | DJ21: 9 | DK21: =DJ21+18 -> 27 | DM21: =IF(DL21=0,0,MAX(0,IF(DL$4>18,IF($D21<=DL$4,2,1),IF($C21<=DL$4,1,0))-DL21+$B21+2)) -> 0 | DO21: =IF(DN21=0,0,MAX(0,IF(DN$4>18,IF($D21<=DN$4,2,1),IF($C21<=DN$4,1,0))-DN21+$B21+2)) -> 0 | DQ21: =IF(DP21=0,0,MAX(0,IF(DP$4>18,IF($D21<=DP$4,2,1),IF($C21<=DP$4,1,0))-DP21+$B21+2)) -> 0 | DS21: =IF(DR21=0,0,MAX(0,IF(DR$4>18,IF($D21<=DR$4,2,1),IF($C21<=DR$4,1,0))-DR21+$B21+2)) -> 0 | DU21: =IF(DT21=0,0,MAX(0,IF(DT$4>18,IF($D21<=DT$4,2,1),IF($C21<=DT$4,1,0))-DT21+$B21+2)) -> 0 | DW21: =IF(DV21=0,0,MAX(0,IF(DV$4>18,IF($D21<=DV$4,2,1),IF($C21<=DV$4,1,0))-DV21+$B21+2)) -> 0 | DY21: =IF(DX21=0,0,MAX(0,IF(DX$4>18,IF($D21<=DX$4,2,1),IF($C21<=DX$4,1,0))-DX21+$B21+2)) -> 0 | EA21: =IF(DZ21=0,0,MAX(0,IF(DZ$4>18,IF($D21<=DZ$4,2,1),IF($C21<=DZ$4,1,0))-DZ21+$B21+2)) -> 0 | EC21: =IF(EB21=0,0,MAX(0,IF(EB$4>18,IF($D21<=EB$4,2,1),IF($C21<=EB$4,1,0))-EB21+$B21+2)) -> 0 | EE21: =IF(ED21=0,0,MAX(0,IF(ED$4>18,IF($D21<=ED$4,2,1),IF($C21<=ED$4,1,0))-ED21+$B21+2)) -> 0 | EG21: =IF(EF21=0,0,MAX(0,IF(EF$4>18,IF($D21<=EF$4,2,1),IF($C21<=EF$4,1,0))-EF21+$B21+2)) -> 0 | EI21: =IF(EH21=0,0,MAX(0,IF(EH$4>18,IF($D21<=EH$4,2,1),IF($C21<=EH$4,1,0))-EH21+$B21+2)) -> 0 | EK21: =IF(EJ21=0,0,MAX(0,IF(EJ$4>18,IF($D21<=EJ$4,2,1),IF($C21<=EJ$4,1,0))-EJ21+$B21+2)) -> 0 | EM21: =IF(EL21=0,0,MAX(0,IF(EL$4>18,IF($D21<=EL$4,2,1),IF($C21<=EL$4,1,0))-EL21+$B21+2)) -> 0 | EO21: =IF(EN21=0,0,MAX(0,IF(EN$4>18,IF($D21<=EN$4,2,1),IF($C21<=EN$4,1,0))-EN21+$B21+2)) -> 0 | EQ21: =IF(EP21=0,0,MAX(0,IF(EP$4>18,IF($D21<=EP$4,2,1),IF($C21<=EP$4,1,0))-EP21+$B21+2)) -> 0 | ES21: 16 | ET21: 5 | EU21: 9 | EV21: =EU21+18 -> 27 | EX21: =IF(EW21=0,0,MAX(0,IF(EW$4>18,IF($D21<=EW$4,2,1),IF($C21<=EW$4,1,0))-EW21+$B21+2)) -> 0 | EZ21: =IF(EY21=0,0,MAX(0,IF(EY$4>18,IF($D21<=EY$4,2,1),IF($C21<=EY$4,1,0))-EY21+$B21+2)) -> 0 | FB21: =IF(FA21=0,0,MAX(0,IF(FA$4>18,IF($D21<=FA$4,2,1),IF($C21<=FA$4,1,0))-FA21+$B21+2)) -> 0 | FD21: =IF(FC21=0,0,MAX(0,IF(FC$4>18,IF($D21<=FC$4,2,1),IF($C21<=FC$4,1,0))-FC21+$B21+2)) -> 0 | FF21: =IF(FE21=0,0,MAX(0,IF(FE$4>18,IF($D21<=FE$4,2,1),IF($C21<=FE$4,1,0))-FE21+$B21+2)) -> 0 | FH21: =IF(FG21=0,0,MAX(0,IF(FG$4>18,IF($D21<=FG$4,2,1),IF($C21<=FG$4,1,0))-FG21+$B21+2)) -> 0 | FJ21: =IF(FI21=0,0,MAX(0,IF(FI$4>18,IF($D21<=FI$4,2,1),IF($C21<=FI$4,1,0))-FI21+$B21+2)) -> 0 | FL21: =IF(FK21=0,0,MAX(0,IF(FK$4>18,IF($D21<=FK$4,2,1),IF($C21<=FK$4,1,0))-FK21+$B21+2)) -> 0 | FN21: =IF(FM21=0,0,MAX(0,IF(FM$4>18,IF($D21<=FM$4,2,1),IF($C21<=FM$4,1,0))-FM21+$B21+2)) -> 0 | FP21: =IF(FO21=0,0,MAX(0,IF(FO$4>18,IF($D21<=FO$4,2,1),IF($C21<=FO$4,1,0))-FO21+$B21+2)) -> 0 | FR21: =IF(FQ21=0,0,MAX(0,IF(FQ$4>18,IF($D21<=FQ$4,2,1),IF($C21<=FQ$4,1,0))-FQ21+$B21+2)) -> 0 | FT21: =IF(FS21=0,0,MAX(0,IF(FS$4>18,IF($D21<=FS$4,2,1),IF($C21<=FS$4,1,0))-FS21+$B21+2)) -> 0 | FV21: =IF(FU21=0,0,MAX(0,IF(FU$4>18,IF($D21<=FU$4,2,1),IF($C21<=FU$4,1,0))-FU21+$B21+2)) -> 0 | FX21: =IF(FW21=0,0,MAX(0,IF(FW$4>18,IF($D21<=FW$4,2,1),IF($C21<=FW$4,1,0))-FW21+$B21+2)) -> 0 | FZ21: =IF(FY21=0,0,MAX(0,IF(FY$4>18,IF($D21<=FY$4,2,1),IF($C21<=FY$4,1,0))-FY21+$B21+2)) -> 0 | GB21: =IF(GA21=0,0,MAX(0,IF(GA$4>18,IF($D21<=GA$4,2,1),IF($C21<=GA$4,1,0))-GA21+$B21+2)) -> 0
A22: 17 | B22: 3 | C22: 5 | D22: =C22+18 -> 23 | F22: =IF(E22=0,0,MAX(0,IF(E$4>18,IF($D22<=E$4,2,1),IF($C22<=E$4,1,0))-E22+$B22+2)) -> 0 | H22: =IF(G22=0,0,MAX(0,IF(G$4>18,IF($D22<=G$4,2,1),IF($C22<=G$4,1,0))-G22+$B22+2)) -> 0 | J22: =IF(I22=0,0,MAX(0,IF(I$4>18,IF($D22<=I$4,2,1),IF($C22<=I$4,1,0))-I22+$B22+2)) -> 0 | L22: =IF(K22=0,0,MAX(0,IF(K$4>18,IF($D22<=K$4,2,1),IF($C22<=K$4,1,0))-K22+$B22+2)) -> 0 | N22: =IF(M22=0,0,MAX(0,IF(M$4>18,IF($D22<=M$4,2,1),IF($C22<=M$4,1,0))-M22+$B22+2)) -> 0 | P22: =IF(O22=0,0,MAX(0,IF(O$4>18,IF($D22<=O$4,2,1),IF($C22<=O$4,1,0))-O22+$B22+2)) -> 0 | R22: =IF(Q22=0,0,MAX(0,IF(Q$4>18,IF($D22<=Q$4,2,1),IF($C22<=Q$4,1,0))-Q22+$B22+2)) -> 0 | T22: =IF(S22=0,0,MAX(0,IF(S$4>18,IF($D22<=S$4,2,1),IF($C22<=S$4,1,0))-S22+$B22+2)) -> 0 | V22: =IF(U22=0,0,MAX(0,IF(U$4>18,IF($D22<=U$4,2,1),IF($C22<=U$4,1,0))-U22+$B22+2)) -> 0 | X22: =IF(W22=0,0,MAX(0,IF(W$4>18,IF($D22<=W$4,2,1),IF($C22<=W$4,1,0))-W22+$B22+2)) -> 0 | Z22: =IF(Y22=0,0,MAX(0,IF(Y$4>18,IF($D22<=Y$4,2,1),IF($C22<=Y$4,1,0))-Y22+$B22+2)) -> 0 | AB22: =IF(AA22=0,0,MAX(0,IF(AA$4>18,IF($D22<=AA$4,2,1),IF($C22<=AA$4,1,0))-AA22+$B22+2)) -> 0 | AD22: =IF(AC22=0,0,MAX(0,IF(AC$4>18,IF($D22<=AC$4,2,1),IF($C22<=AC$4,1,0))-AC22+$B22+2)) -> 0 | AF22: =IF(AE22=0,0,MAX(0,IF(AE$4>18,IF($D22<=AE$4,2,1),IF($C22<=AE$4,1,0))-AE22+$B22+2)) -> 0 | AH22: =IF(AG22=0,0,MAX(0,IF(AG$4>18,IF($D22<=AG$4,2,1),IF($C22<=AG$4,1,0))-AG22+$B22+2)) -> 0 | AJ22: =IF(AI22=0,0,MAX(0,IF(AI$4>18,IF($D22<=AI$4,2,1),IF($C22<=AI$4,1,0))-AI22+$B22+2)) -> 0 | AL22: 17 | AM22: 3 | AN22: 5 | AO22: =AN22+18 -> 23 | AQ22: =IF(AP22=0,0,MAX(0,IF(AP$4>18,IF($D22<=AP$4,2,1),IF($C22<=AP$4,1,0))-AP22+$B22+2)) -> 0 | AS22: =IF(AR22=0,0,MAX(0,IF(AR$4>18,IF($D22<=AR$4,2,1),IF($C22<=AR$4,1,0))-AR22+$B22+2)) -> 0 | AU22: =IF(AT22=0,0,MAX(0,IF(AT$4>18,IF($D22<=AT$4,2,1),IF($C22<=AT$4,1,0))-AT22+$B22+2)) -> 0 | AW22: =IF(AV22=0,0,MAX(0,IF(AV$4>18,IF($D22<=AV$4,2,1),IF($C22<=AV$4,1,0))-AV22+$B22+2)) -> 0 | AY22: =IF(AX22=0,0,MAX(0,IF(AX$4>18,IF($D22<=AX$4,2,1),IF($C22<=AX$4,1,0))-AX22+$B22+2)) -> 0 | BA22: =IF(AZ22=0,0,MAX(0,IF(AZ$4>18,IF($D22<=AZ$4,2,1),IF($C22<=AZ$4,1,0))-AZ22+$B22+2)) -> 0 | BC22: =IF(BB22=0,0,MAX(0,IF(BB$4>18,IF($D22<=BB$4,2,1),IF($C22<=BB$4,1,0))-BB22+$B22+2)) -> 0 | BE22: =IF(BD22=0,0,MAX(0,IF(BD$4>18,IF($D22<=BD$4,2,1),IF($C22<=BD$4,1,0))-BD22+$B22+2)) -> 0 | BG22: =IF(BF22=0,0,MAX(0,IF(BF$4>18,IF($D22<=BF$4,2,1),IF($C22<=BF$4,1,0))-BF22+$B22+2)) -> 0 | BI22: =IF(BH22=0,0,MAX(0,IF(BH$4>18,IF($D22<=BH$4,2,1),IF($C22<=BH$4,1,0))-BH22+$B22+2)) -> 0 | BK22: =IF(BJ22=0,0,MAX(0,IF(BJ$4>18,IF($D22<=BJ$4,2,1),IF($C22<=BJ$4,1,0))-BJ22+$B22+2)) -> 0 | BM22: =IF(BL22=0,0,MAX(0,IF(BL$4>18,IF($D22<=BL$4,2,1),IF($C22<=BL$4,1,0))-BL22+$B22+2)) -> 0 | BO22: =IF(BN22=0,0,MAX(0,IF(BN$4>18,IF($D22<=BN$4,2,1),IF($C22<=BN$4,1,0))-BN22+$B22+2)) -> 0 | BQ22: =IF(BP22=0,0,MAX(0,IF(BP$4>18,IF($D22<=BP$4,2,1),IF($C22<=BP$4,1,0))-BP22+$B22+2)) -> 0 | BS22: =IF(BR22=0,0,MAX(0,IF(BR$4>18,IF($D22<=BR$4,2,1),IF($C22<=BR$4,1,0))-BR22+$B22+2)) -> 0 | BU22: =IF(BT22=0,0,MAX(0,IF(BT$4>18,IF($D22<=BT$4,2,1),IF($C22<=BT$4,1,0))-BT22+$B22+2)) -> 0 | BW22: 17 | BX22: 3 | BY22: 5 | BZ22: =BY22+18 -> 23 | CB22: =IF(CA22=0,0,MAX(0,IF(CA$4>18,IF($D22<=CA$4,2,1),IF($C22<=CA$4,1,0))-CA22+$B22+2)) -> 0 | CD22: =IF(CC22=0,0,MAX(0,IF(CC$4>18,IF($D22<=CC$4,2,1),IF($C22<=CC$4,1,0))-CC22+$B22+2)) -> 0 | CF22: =IF(CE22=0,0,MAX(0,IF(CE$4>18,IF($D22<=CE$4,2,1),IF($C22<=CE$4,1,0))-CE22+$B22+2)) -> 0 | CH22: =IF(CG22=0,0,MAX(0,IF(CG$4>18,IF($D22<=CG$4,2,1),IF($C22<=CG$4,1,0))-CG22+$B22+2)) -> 0 | CJ22: =IF(CI22=0,0,MAX(0,IF(CI$4>18,IF($D22<=CI$4,2,1),IF($C22<=CI$4,1,0))-CI22+$B22+2)) -> 0 | CL22: =IF(CK22=0,0,MAX(0,IF(CK$4>18,IF($D22<=CK$4,2,1),IF($C22<=CK$4,1,0))-CK22+$B22+2)) -> 0 | CN22: =IF(CM22=0,0,MAX(0,IF(CM$4>18,IF($D22<=CM$4,2,1),IF($C22<=CM$4,1,0))-CM22+$B22+2)) -> 0 | CP22: =IF(CO22=0,0,MAX(0,IF(CO$4>18,IF($D22<=CO$4,2,1),IF($C22<=CO$4,1,0))-CO22+$B22+2)) -> 0 | CR22: =IF(CQ22=0,0,MAX(0,IF(CQ$4>18,IF($D22<=CQ$4,2,1),IF($C22<=CQ$4,1,0))-CQ22+$B22+2)) -> 0 | CT22: =IF(CS22=0,0,MAX(0,IF(CS$4>18,IF($D22<=CS$4,2,1),IF($C22<=CS$4,1,0))-CS22+$B22+2)) -> 0 | CV22: =IF(CU22=0,0,MAX(0,IF(CU$4>18,IF($D22<=CU$4,2,1),IF($C22<=CU$4,1,0))-CU22+$B22+2)) -> 0 | CX22: =IF(CW22=0,0,MAX(0,IF(CW$4>18,IF($D22<=CW$4,2,1),IF($C22<=CW$4,1,0))-CW22+$B22+2)) -> 0 | CZ22: =IF(CY22=0,0,MAX(0,IF(CY$4>18,IF($D22<=CY$4,2,1),IF($C22<=CY$4,1,0))-CY22+$B22+2)) -> 0 | DB22: =IF(DA22=0,0,MAX(0,IF(DA$4>18,IF($D22<=DA$4,2,1),IF($C22<=DA$4,1,0))-DA22+$B22+2)) -> 0 | DD22: =IF(DC22=0,0,MAX(0,IF(DC$4>18,IF($D22<=DC$4,2,1),IF($C22<=DC$4,1,0))-DC22+$B22+2)) -> 0 | DF22: =IF(DE22=0,0,MAX(0,IF(DE$4>18,IF($D22<=DE$4,2,1),IF($C22<=DE$4,1,0))-DE22+$B22+2)) -> 0 | DH22: 17 | DI22: 3 | DJ22: 5 | DK22: =DJ22+18 -> 23 | DM22: =IF(DL22=0,0,MAX(0,IF(DL$4>18,IF($D22<=DL$4,2,1),IF($C22<=DL$4,1,0))-DL22+$B22+2)) -> 0 | DO22: =IF(DN22=0,0,MAX(0,IF(DN$4>18,IF($D22<=DN$4,2,1),IF($C22<=DN$4,1,0))-DN22+$B22+2)) -> 0 | DQ22: =IF(DP22=0,0,MAX(0,IF(DP$4>18,IF($D22<=DP$4,2,1),IF($C22<=DP$4,1,0))-DP22+$B22+2)) -> 0 | DS22: =IF(DR22=0,0,MAX(0,IF(DR$4>18,IF($D22<=DR$4,2,1),IF($C22<=DR$4,1,0))-DR22+$B22+2)) -> 0 | DU22: =IF(DT22=0,0,MAX(0,IF(DT$4>18,IF($D22<=DT$4,2,1),IF($C22<=DT$4,1,0))-DT22+$B22+2)) -> 0 | DW22: =IF(DV22=0,0,MAX(0,IF(DV$4>18,IF($D22<=DV$4,2,1),IF($C22<=DV$4,1,0))-DV22+$B22+2)) -> 0 | DY22: =IF(DX22=0,0,MAX(0,IF(DX$4>18,IF($D22<=DX$4,2,1),IF($C22<=DX$4,1,0))-DX22+$B22+2)) -> 0 | EA22: =IF(DZ22=0,0,MAX(0,IF(DZ$4>18,IF($D22<=DZ$4,2,1),IF($C22<=DZ$4,1,0))-DZ22+$B22+2)) -> 0 | EC22: =IF(EB22=0,0,MAX(0,IF(EB$4>18,IF($D22<=EB$4,2,1),IF($C22<=EB$4,1,0))-EB22+$B22+2)) -> 0 | EE22: =IF(ED22=0,0,MAX(0,IF(ED$4>18,IF($D22<=ED$4,2,1),IF($C22<=ED$4,1,0))-ED22+$B22+2)) -> 0 | EG22: =IF(EF22=0,0,MAX(0,IF(EF$4>18,IF($D22<=EF$4,2,1),IF($C22<=EF$4,1,0))-EF22+$B22+2)) -> 0 | EI22: =IF(EH22=0,0,MAX(0,IF(EH$4>18,IF($D22<=EH$4,2,1),IF($C22<=EH$4,1,0))-EH22+$B22+2)) -> 0 | EK22: =IF(EJ22=0,0,MAX(0,IF(EJ$4>18,IF($D22<=EJ$4,2,1),IF($C22<=EJ$4,1,0))-EJ22+$B22+2)) -> 0 | EM22: =IF(EL22=0,0,MAX(0,IF(EL$4>18,IF($D22<=EL$4,2,1),IF($C22<=EL$4,1,0))-EL22+$B22+2)) -> 0 | EO22: =IF(EN22=0,0,MAX(0,IF(EN$4>18,IF($D22<=EN$4,2,1),IF($C22<=EN$4,1,0))-EN22+$B22+2)) -> 0 | EQ22: =IF(EP22=0,0,MAX(0,IF(EP$4>18,IF($D22<=EP$4,2,1),IF($C22<=EP$4,1,0))-EP22+$B22+2)) -> 0 | ES22: 17 | ET22: 3 | EU22: 5 | EV22: =EU22+18 -> 23 | EX22: =IF(EW22=0,0,MAX(0,IF(EW$4>18,IF($D22<=EW$4,2,1),IF($C22<=EW$4,1,0))-EW22+$B22+2)) -> 0 | EZ22: =IF(EY22=0,0,MAX(0,IF(EY$4>18,IF($D22<=EY$4,2,1),IF($C22<=EY$4,1,0))-EY22+$B22+2)) -> 0 | FB22: =IF(FA22=0,0,MAX(0,IF(FA$4>18,IF($D22<=FA$4,2,1),IF($C22<=FA$4,1,0))-FA22+$B22+2)) -> 0 | FD22: =IF(FC22=0,0,MAX(0,IF(FC$4>18,IF($D22<=FC$4,2,1),IF($C22<=FC$4,1,0))-FC22+$B22+2)) -> 0 | FF22: =IF(FE22=0,0,MAX(0,IF(FE$4>18,IF($D22<=FE$4,2,1),IF($C22<=FE$4,1,0))-FE22+$B22+2)) -> 0 | FH22: =IF(FG22=0,0,MAX(0,IF(FG$4>18,IF($D22<=FG$4,2,1),IF($C22<=FG$4,1,0))-FG22+$B22+2)) -> 0 | FJ22: =IF(FI22=0,0,MAX(0,IF(FI$4>18,IF($D22<=FI$4,2,1),IF($C22<=FI$4,1,0))-FI22+$B22+2)) -> 0 | FL22: =IF(FK22=0,0,MAX(0,IF(FK$4>18,IF($D22<=FK$4,2,1),IF($C22<=FK$4,1,0))-FK22+$B22+2)) -> 0 | FN22: =IF(FM22=0,0,MAX(0,IF(FM$4>18,IF($D22<=FM$4,2,1),IF($C22<=FM$4,1,0))-FM22+$B22+2)) -> 0 | FP22: =IF(FO22=0,0,MAX(0,IF(FO$4>18,IF($D22<=FO$4,2,1),IF($C22<=FO$4,1,0))-FO22+$B22+2)) -> 0 | FR22: =IF(FQ22=0,0,MAX(0,IF(FQ$4>18,IF($D22<=FQ$4,2,1),IF($C22<=FQ$4,1,0))-FQ22+$B22+2)) -> 0 | FT22: =IF(FS22=0,0,MAX(0,IF(FS$4>18,IF($D22<=FS$4,2,1),IF($C22<=FS$4,1,0))-FS22+$B22+2)) -> 0 | FV22: =IF(FU22=0,0,MAX(0,IF(FU$4>18,IF($D22<=FU$4,2,1),IF($C22<=FU$4,1,0))-FU22+$B22+2)) -> 0 | FX22: =IF(FW22=0,0,MAX(0,IF(FW$4>18,IF($D22<=FW$4,2,1),IF($C22<=FW$4,1,0))-FW22+$B22+2)) -> 0 | FZ22: =IF(FY22=0,0,MAX(0,IF(FY$4>18,IF($D22<=FY$4,2,1),IF($C22<=FY$4,1,0))-FY22+$B22+2)) -> 0 | GB22: =IF(GA22=0,0,MAX(0,IF(GA$4>18,IF($D22<=GA$4,2,1),IF($C22<=GA$4,1,0))-GA22+$B22+2)) -> 0
A23: 18 | B23: 5 | C23: 3 | D23: =C23+18 -> 21 | F23: =IF(E23=0,0,MAX(0,IF(E$4>18,IF($D23<=E$4,2,1),IF($C23<=E$4,1,0))-E23+$B23+2)) -> 0 | H23: =IF(G23=0,0,MAX(0,IF(G$4>18,IF($D23<=G$4,2,1),IF($C23<=G$4,1,0))-G23+$B23+2)) -> 0 | J23: =IF(I23=0,0,MAX(0,IF(I$4>18,IF($D23<=I$4,2,1),IF($C23<=I$4,1,0))-I23+$B23+2)) -> 0 | L23: =IF(K23=0,0,MAX(0,IF(K$4>18,IF($D23<=K$4,2,1),IF($C23<=K$4,1,0))-K23+$B23+2)) -> 0 | N23: =IF(M23=0,0,MAX(0,IF(M$4>18,IF($D23<=M$4,2,1),IF($C23<=M$4,1,0))-M23+$B23+2)) -> 0 | P23: =IF(O23=0,0,MAX(0,IF(O$4>18,IF($D23<=O$4,2,1),IF($C23<=O$4,1,0))-O23+$B23+2)) -> 0 | R23: =IF(Q23=0,0,MAX(0,IF(Q$4>18,IF($D23<=Q$4,2,1),IF($C23<=Q$4,1,0))-Q23+$B23+2)) -> 0 | T23: =IF(S23=0,0,MAX(0,IF(S$4>18,IF($D23<=S$4,2,1),IF($C23<=S$4,1,0))-S23+$B23+2)) -> 0 | V23: =IF(U23=0,0,MAX(0,IF(U$4>18,IF($D23<=U$4,2,1),IF($C23<=U$4,1,0))-U23+$B23+2)) -> 0 | X23: =IF(W23=0,0,MAX(0,IF(W$4>18,IF($D23<=W$4,2,1),IF($C23<=W$4,1,0))-W23+$B23+2)) -> 0 | Z23: =IF(Y23=0,0,MAX(0,IF(Y$4>18,IF($D23<=Y$4,2,1),IF($C23<=Y$4,1,0))-Y23+$B23+2)) -> 0 | AB23: =IF(AA23=0,0,MAX(0,IF(AA$4>18,IF($D23<=AA$4,2,1),IF($C23<=AA$4,1,0))-AA23+$B23+2)) -> 0 | AD23: =IF(AC23=0,0,MAX(0,IF(AC$4>18,IF($D23<=AC$4,2,1),IF($C23<=AC$4,1,0))-AC23+$B23+2)) -> 0 | AF23: =IF(AE23=0,0,MAX(0,IF(AE$4>18,IF($D23<=AE$4,2,1),IF($C23<=AE$4,1,0))-AE23+$B23+2)) -> 0 | AH23: =IF(AG23=0,0,MAX(0,IF(AG$4>18,IF($D23<=AG$4,2,1),IF($C23<=AG$4,1,0))-AG23+$B23+2)) -> 0 | AJ23: =IF(AI23=0,0,MAX(0,IF(AI$4>18,IF($D23<=AI$4,2,1),IF($C23<=AI$4,1,0))-AI23+$B23+2)) -> 0 | AL23: 18 | AM23: 5 | AN23: 3 | AO23: =AN23+18 -> 21 | AQ23: =IF(AP23=0,0,MAX(0,IF(AP$4>18,IF($D23<=AP$4,2,1),IF($C23<=AP$4,1,0))-AP23+$B23+2)) -> 0 | AS23: =IF(AR23=0,0,MAX(0,IF(AR$4>18,IF($D23<=AR$4,2,1),IF($C23<=AR$4,1,0))-AR23+$B23+2)) -> 0 | AU23: =IF(AT23=0,0,MAX(0,IF(AT$4>18,IF($D23<=AT$4,2,1),IF($C23<=AT$4,1,0))-AT23+$B23+2)) -> 0 | AW23: =IF(AV23=0,0,MAX(0,IF(AV$4>18,IF($D23<=AV$4,2,1),IF($C23<=AV$4,1,0))-AV23+$B23+2)) -> 0 | AY23: =IF(AX23=0,0,MAX(0,IF(AX$4>18,IF($D23<=AX$4,2,1),IF($C23<=AX$4,1,0))-AX23+$B23+2)) -> 0 | BA23: =IF(AZ23=0,0,MAX(0,IF(AZ$4>18,IF($D23<=AZ$4,2,1),IF($C23<=AZ$4,1,0))-AZ23+$B23+2)) -> 0 | BC23: =IF(BB23=0,0,MAX(0,IF(BB$4>18,IF($D23<=BB$4,2,1),IF($C23<=BB$4,1,0))-BB23+$B23+2)) -> 0 | BE23: =IF(BD23=0,0,MAX(0,IF(BD$4>18,IF($D23<=BD$4,2,1),IF($C23<=BD$4,1,0))-BD23+$B23+2)) -> 0 | BG23: =IF(BF23=0,0,MAX(0,IF(BF$4>18,IF($D23<=BF$4,2,1),IF($C23<=BF$4,1,0))-BF23+$B23+2)) -> 0 | BI23: =IF(BH23=0,0,MAX(0,IF(BH$4>18,IF($D23<=BH$4,2,1),IF($C23<=BH$4,1,0))-BH23+$B23+2)) -> 0 | BK23: =IF(BJ23=0,0,MAX(0,IF(BJ$4>18,IF($D23<=BJ$4,2,1),IF($C23<=BJ$4,1,0))-BJ23+$B23+2)) -> 0 | BM23: =IF(BL23=0,0,MAX(0,IF(BL$4>18,IF($D23<=BL$4,2,1),IF($C23<=BL$4,1,0))-BL23+$B23+2)) -> 0 | BO23: =IF(BN23=0,0,MAX(0,IF(BN$4>18,IF($D23<=BN$4,2,1),IF($C23<=BN$4,1,0))-BN23+$B23+2)) -> 0 | BQ23: =IF(BP23=0,0,MAX(0,IF(BP$4>18,IF($D23<=BP$4,2,1),IF($C23<=BP$4,1,0))-BP23+$B23+2)) -> 0 | BS23: =IF(BR23=0,0,MAX(0,IF(BR$4>18,IF($D23<=BR$4,2,1),IF($C23<=BR$4,1,0))-BR23+$B23+2)) -> 0 | BU23: =IF(BT23=0,0,MAX(0,IF(BT$4>18,IF($D23<=BT$4,2,1),IF($C23<=BT$4,1,0))-BT23+$B23+2)) -> 0 | BW23: 18 | BX23: 5 | BY23: 3 | BZ23: =BY23+18 -> 21 | CB23: =IF(CA23=0,0,MAX(0,IF(CA$4>18,IF($D23<=CA$4,2,1),IF($C23<=CA$4,1,0))-CA23+$B23+2)) -> 0 | CD23: =IF(CC23=0,0,MAX(0,IF(CC$4>18,IF($D23<=CC$4,2,1),IF($C23<=CC$4,1,0))-CC23+$B23+2)) -> 0 | CF23: =IF(CE23=0,0,MAX(0,IF(CE$4>18,IF($D23<=CE$4,2,1),IF($C23<=CE$4,1,0))-CE23+$B23+2)) -> 0 | CH23: =IF(CG23=0,0,MAX(0,IF(CG$4>18,IF($D23<=CG$4,2,1),IF($C23<=CG$4,1,0))-CG23+$B23+2)) -> 0 | CJ23: =IF(CI23=0,0,MAX(0,IF(CI$4>18,IF($D23<=CI$4,2,1),IF($C23<=CI$4,1,0))-CI23+$B23+2)) -> 0 | CL23: =IF(CK23=0,0,MAX(0,IF(CK$4>18,IF($D23<=CK$4,2,1),IF($C23<=CK$4,1,0))-CK23+$B23+2)) -> 0 | CN23: =IF(CM23=0,0,MAX(0,IF(CM$4>18,IF($D23<=CM$4,2,1),IF($C23<=CM$4,1,0))-CM23+$B23+2)) -> 0 | CP23: =IF(CO23=0,0,MAX(0,IF(CO$4>18,IF($D23<=CO$4,2,1),IF($C23<=CO$4,1,0))-CO23+$B23+2)) -> 0 | CR23: =IF(CQ23=0,0,MAX(0,IF(CQ$4>18,IF($D23<=CQ$4,2,1),IF($C23<=CQ$4,1,0))-CQ23+$B23+2)) -> 0 | CT23: =IF(CS23=0,0,MAX(0,IF(CS$4>18,IF($D23<=CS$4,2,1),IF($C23<=CS$4,1,0))-CS23+$B23+2)) -> 0 | CV23: =IF(CU23=0,0,MAX(0,IF(CU$4>18,IF($D23<=CU$4,2,1),IF($C23<=CU$4,1,0))-CU23+$B23+2)) -> 0 | CX23: =IF(CW23=0,0,MAX(0,IF(CW$4>18,IF($D23<=CW$4,2,1),IF($C23<=CW$4,1,0))-CW23+$B23+2)) -> 0 | CZ23: =IF(CY23=0,0,MAX(0,IF(CY$4>18,IF($D23<=CY$4,2,1),IF($C23<=CY$4,1,0))-CY23+$B23+2)) -> 0 | DB23: =IF(DA23=0,0,MAX(0,IF(DA$4>18,IF($D23<=DA$4,2,1),IF($C23<=DA$4,1,0))-DA23+$B23+2)) -> 0 | DD23: =IF(DC23=0,0,MAX(0,IF(DC$4>18,IF($D23<=DC$4,2,1),IF($C23<=DC$4,1,0))-DC23+$B23+2)) -> 0 | DF23: =IF(DE23=0,0,MAX(0,IF(DE$4>18,IF($D23<=DE$4,2,1),IF($C23<=DE$4,1,0))-DE23+$B23+2)) -> 0 | DH23: 18 | DI23: 5 | DJ23: 3 | DK23: =DJ23+18 -> 21 | DM23: =IF(DL23=0,0,MAX(0,IF(DL$4>18,IF($D23<=DL$4,2,1),IF($C23<=DL$4,1,0))-DL23+$B23+2)) -> 0 | DO23: =IF(DN23=0,0,MAX(0,IF(DN$4>18,IF($D23<=DN$4,2,1),IF($C23<=DN$4,1,0))-DN23+$B23+2)) -> 0 | DQ23: =IF(DP23=0,0,MAX(0,IF(DP$4>18,IF($D23<=DP$4,2,1),IF($C23<=DP$4,1,0))-DP23+$B23+2)) -> 0 | DS23: =IF(DR23=0,0,MAX(0,IF(DR$4>18,IF($D23<=DR$4,2,1),IF($C23<=DR$4,1,0))-DR23+$B23+2)) -> 0 | DU23: =IF(DT23=0,0,MAX(0,IF(DT$4>18,IF($D23<=DT$4,2,1),IF($C23<=DT$4,1,0))-DT23+$B23+2)) -> 0 | DW23: =IF(DV23=0,0,MAX(0,IF(DV$4>18,IF($D23<=DV$4,2,1),IF($C23<=DV$4,1,0))-DV23+$B23+2)) -> 0 | DY23: =IF(DX23=0,0,MAX(0,IF(DX$4>18,IF($D23<=DX$4,2,1),IF($C23<=DX$4,1,0))-DX23+$B23+2)) -> 0 | EA23: =IF(DZ23=0,0,MAX(0,IF(DZ$4>18,IF($D23<=DZ$4,2,1),IF($C23<=DZ$4,1,0))-DZ23+$B23+2)) -> 0 | EC23: =IF(EB23=0,0,MAX(0,IF(EB$4>18,IF($D23<=EB$4,2,1),IF($C23<=EB$4,1,0))-EB23+$B23+2)) -> 0 | EE23: =IF(ED23=0,0,MAX(0,IF(ED$4>18,IF($D23<=ED$4,2,1),IF($C23<=ED$4,1,0))-ED23+$B23+2)) -> 0 | EG23: =IF(EF23=0,0,MAX(0,IF(EF$4>18,IF($D23<=EF$4,2,1),IF($C23<=EF$4,1,0))-EF23+$B23+2)) -> 0 | EI23: =IF(EH23=0,0,MAX(0,IF(EH$4>18,IF($D23<=EH$4,2,1),IF($C23<=EH$4,1,0))-EH23+$B23+2)) -> 0 | EK23: =IF(EJ23=0,0,MAX(0,IF(EJ$4>18,IF($D23<=EJ$4,2,1),IF($C23<=EJ$4,1,0))-EJ23+$B23+2)) -> 0 | EM23: =IF(EL23=0,0,MAX(0,IF(EL$4>18,IF($D23<=EL$4,2,1),IF($C23<=EL$4,1,0))-EL23+$B23+2)) -> 0 | EO23: =IF(EN23=0,0,MAX(0,IF(EN$4>18,IF($D23<=EN$4,2,1),IF($C23<=EN$4,1,0))-EN23+$B23+2)) -> 0 | EQ23: =IF(EP23=0,0,MAX(0,IF(EP$4>18,IF($D23<=EP$4,2,1),IF($C23<=EP$4,1,0))-EP23+$B23+2)) -> 0 | ES23: 18 | ET23: 5 | EU23: 3 | EV23: =EU23+18 -> 21 | EX23: =IF(EW23=0,0,MAX(0,IF(EW$4>18,IF($D23<=EW$4,2,1),IF($C23<=EW$4,1,0))-EW23+$B23+2)) -> 0 | EZ23: =IF(EY23=0,0,MAX(0,IF(EY$4>18,IF($D23<=EY$4,2,1),IF($C23<=EY$4,1,0))-EY23+$B23+2)) -> 0 | FB23: =IF(FA23=0,0,MAX(0,IF(FA$4>18,IF($D23<=FA$4,2,1),IF($C23<=FA$4,1,0))-FA23+$B23+2)) -> 0 | FD23: =IF(FC23=0,0,MAX(0,IF(FC$4>18,IF($D23<=FC$4,2,1),IF($C23<=FC$4,1,0))-FC23+$B23+2)) -> 0 | FF23: =IF(FE23=0,0,MAX(0,IF(FE$4>18,IF($D23<=FE$4,2,1),IF($C23<=FE$4,1,0))-FE23+$B23+2)) -> 0 | FH23: =IF(FG23=0,0,MAX(0,IF(FG$4>18,IF($D23<=FG$4,2,1),IF($C23<=FG$4,1,0))-FG23+$B23+2)) -> 0 | FJ23: =IF(FI23=0,0,MAX(0,IF(FI$4>18,IF($D23<=FI$4,2,1),IF($C23<=FI$4,1,0))-FI23+$B23+2)) -> 0 | FL23: =IF(FK23=0,0,MAX(0,IF(FK$4>18,IF($D23<=FK$4,2,1),IF($C23<=FK$4,1,0))-FK23+$B23+2)) -> 0 | FN23: =IF(FM23=0,0,MAX(0,IF(FM$4>18,IF($D23<=FM$4,2,1),IF($C23<=FM$4,1,0))-FM23+$B23+2)) -> 0 | FP23: =IF(FO23=0,0,MAX(0,IF(FO$4>18,IF($D23<=FO$4,2,1),IF($C23<=FO$4,1,0))-FO23+$B23+2)) -> 0 | FR23: =IF(FQ23=0,0,MAX(0,IF(FQ$4>18,IF($D23<=FQ$4,2,1),IF($C23<=FQ$4,1,0))-FQ23+$B23+2)) -> 0 | FT23: =IF(FS23=0,0,MAX(0,IF(FS$4>18,IF($D23<=FS$4,2,1),IF($C23<=FS$4,1,0))-FS23+$B23+2)) -> 0 | FV23: =IF(FU23=0,0,MAX(0,IF(FU$4>18,IF($D23<=FU$4,2,1),IF($C23<=FU$4,1,0))-FU23+$B23+2)) -> 0 | FX23: =IF(FW23=0,0,MAX(0,IF(FW$4>18,IF($D23<=FW$4,2,1),IF($C23<=FW$4,1,0))-FW23+$B23+2)) -> 0 | FZ23: =IF(FY23=0,0,MAX(0,IF(FY$4>18,IF($D23<=FY$4,2,1),IF($C23<=FY$4,1,0))-FY23+$B23+2)) -> 0 | GB23: =IF(GA23=0,0,MAX(0,IF(GA$4>18,IF($D23<=GA$4,2,1),IF($C23<=GA$4,1,0))-GA23+$B23+2)) -> 0
A24: In | B24: =SUM(B15:B23) -> 36 | F24: =SUM(F15:F23) -> 0 | H24: =SUM(H15:H23) -> 0 | J24: =SUM(J15:J23) -> 0 | L24: =SUM(L15:L23) -> 0 | N24: =SUM(N15:N23) -> 0 | P24: =SUM(P15:P23) -> 0 | R24: =SUM(R15:R23) -> 0 | T24: =SUM(T15:T23) -> 0 | V24: =SUM(V15:V23) -> 0 | X24: =SUM(X15:X23) -> 0 | Z24: =SUM(Z15:Z23) -> 0 | AB24: =SUM(AB15:AB23) -> 0 | AD24: =SUM(AD15:AD23) -> 0 | AF24: =SUM(AF15:AF23) -> 0 | AH24: =SUM(AH15:AH23) -> 0 | AJ24: =SUM(AJ15:AJ23) -> 0 | AL24: In | AM24: =SUM(AM15:AM23) -> 36 | AQ24: =SUM(AQ15:AQ23) -> 0 | AS24: =SUM(AS15:AS23) -> 0 | AU24: =SUM(AU15:AU23) -> 0 | AW24: =SUM(AW15:AW23) -> 0 | AY24: =SUM(AY15:AY23) -> 0 | BA24: =SUM(BA15:BA23) -> 0 | BC24: =SUM(BC15:BC23) -> 0 | BE24: =SUM(BE15:BE23) -> 0 | BG24: =SUM(BG15:BG23) -> 0 | BI24: =SUM(BI15:BI23) -> 0 | BK24: =SUM(BK15:BK23) -> 0 | BM24: =SUM(BM15:BM23) -> 0 | BO24: =SUM(BO15:BO23) -> 0 | BQ24: =SUM(BQ15:BQ23) -> 0 | BS24: =SUM(BS15:BS23) -> 0 | BU24: =SUM(BU15:BU23) -> 0 | BW24: In | BX24: =SUM(BX15:BX23) -> 36 | CB24: =SUM(CB15:CB23) -> 0 | CD24: =SUM(CD15:CD23) -> 0 | CF24: =SUM(CF15:CF23) -> 0 | CH24: =SUM(CH15:CH23) -> 0 | CJ24: =SUM(CJ15:CJ23) -> 0 | CL24: =SUM(CL15:CL23) -> 0 | CN24: =SUM(CN15:CN23) -> 0 | CP24: =SUM(CP15:CP23) -> 0 | CR24: =SUM(CR15:CR23) -> 0 | CT24: =SUM(CT15:CT23) -> 0 | CV24: =SUM(CV15:CV23) -> 0 | CX24: =SUM(CX15:CX23) -> 0 | CZ24: =SUM(CZ15:CZ23) -> 0 | DB24: =SUM(DB15:DB23) -> 0 | DD24: =SUM(DD15:DD23) -> 0 | DF24: =SUM(DF15:DF23) -> 0 | DH24: In | DI24: =SUM(DI15:DI23) -> 36 | DM24: =SUM(DM15:DM23) -> 0 | DO24: =SUM(DO15:DO23) -> 0 | DQ24: =SUM(DQ15:DQ23) -> 0 | DS24: =SUM(DS15:DS23) -> 0 | DU24: =SUM(DU15:DU23) -> 0 | DW24: =SUM(DW15:DW23) -> 0 | DY24: =SUM(DY15:DY23) -> 0 | EA24: =SUM(EA15:EA23) -> 0 | EC24: =SUM(EC15:EC23) -> 0 | EE24: =SUM(EE15:EE23) -> 0 | EG24: =SUM(EG15:EG23) -> 0 | EI24: =SUM(EI15:EI23) -> 0 | EK24: =SUM(EK15:EK23) -> 0 | EM24: =SUM(EM15:EM23) -> 0 | EO24: =SUM(EO15:EO23) -> 0 | EQ24: =SUM(EQ15:EQ23) -> 0 | ES24: In | ET24: =SUM(ET15:ET23) -> 36 | EX24: =SUM(EX15:EX23) -> 0 | EZ24: =SUM(EZ15:EZ23) -> 0 | FB24: =SUM(FB15:FB23) -> 0 | FD24: =SUM(FD15:FD23) -> 0 | FF24: =SUM(FF15:FF23) -> 0 | FH24: =SUM(FH15:FH23) -> 0 | FJ24: =SUM(FJ15:FJ23) -> 0 | FL24: =SUM(FL15:FL23) -> 0 | FN24: =SUM(FN15:FN23) -> 0 | FP24: =SUM(FP15:FP23) -> 0 | FR24: =SUM(FR15:FR23) -> 0 | FT24: =SUM(FT15:FT23) -> 0 | FV24: =SUM(FV15:FV23) -> 0 | FX24: =SUM(FX15:FX23) -> 0 | FZ24: =SUM(FZ15:FZ23) -> 0 | GB24: =SUM(GB15:GB23) -> 0
A25: Total | B25: =SUM(B24,B14) -> 72 | F25: =SUM(F14+F24) -> 0 | H25: =SUM(H14+H24) -> 0 | J25: =SUM(J14+J24) -> 0 | L25: =SUM(L14+L24) -> 0 | N25: =SUM(N14+N24) -> 0 | P25: =SUM(P14+P24) -> 0 | R25: =SUM(R14+R24) -> 0 | T25: =SUM(T14+T24) -> 0 | V25: =SUM(V14+V24) -> 0 | X25: =SUM(X14+X24) -> 0 | Z25: =SUM(Z14+Z24) -> 0 | AB25: =SUM(AB14+AB24) -> 0 | AD25: =SUM(AD14+AD24) -> 0 | AF25: =SUM(AF14+AF24) -> 0 | AH25: =SUM(AH14+AH24) -> 0 | AJ25: =SUM(AJ14+AJ24) -> 0 | AL25: Total | AM25: =SUM(AM24,AM14) -> 72 | AQ25: =SUM(AQ14+AQ24) -> 0 | AS25: =SUM(AS14+AS24) -> 0 | AU25: =SUM(AU14+AU24) -> 0 | AW25: =SUM(AW14+AW24) -> 0 | AY25: =SUM(AY14+AY24) -> 0 | BA25: =SUM(BA14+BA24) -> 0 | BC25: =SUM(BC14+BC24) -> 0 | BE25: =SUM(BE14+BE24) -> 0 | BG25: =SUM(BG14+BG24) -> 0 | BI25: =SUM(BI14+BI24) -> 0 | BK25: =SUM(BK14+BK24) -> 0 | BM25: =SUM(BM14+BM24) -> 0 | BO25: =SUM(BO14+BO24) -> 0 | BQ25: =SUM(BQ14+BQ24) -> 0 | BS25: =SUM(BS14+BS24) -> 0 | BU25: =SUM(BU14+BU24) -> 0 | BW25: Total | BX25: =SUM(BX24,BX14) -> 72 | CB25: =SUM(CB14+CB24) -> 0 | CD25: =SUM(CD14+CD24) -> 0 | CF25: =SUM(CF14+CF24) -> 0 | CH25: =SUM(CH14+CH24) -> 0 | CJ25: =SUM(CJ14+CJ24) -> 0 | CL25: =SUM(CL14+CL24) -> 0 | CN25: =SUM(CN14+CN24) -> 0 | CP25: =SUM(CP14+CP24) -> 0 | CR25: =SUM(CR14+CR24) -> 0 | CT25: =SUM(CT14+CT24) -> 0 | CV25: =SUM(CV14+CV24) -> 0 | CX25: =SUM(CX14+CX24) -> 0 | CZ25: =SUM(CZ14+CZ24) -> 0 | DB25: =SUM(DB14+DB24) -> 0 | DD25: =SUM(DD14+DD24) -> 0 | DF25: =SUM(DF14+DF24) -> 0 | DH25: Total | DI25: =SUM(DI24,DI14) -> 72 | DM25: =SUM(DM14+DM24) -> 0 | DO25: =SUM(DO14+DO24) -> 0 | DQ25: =SUM(DQ14+DQ24) -> 0 | DS25: =SUM(DS14+DS24) -> 0 | DU25: =SUM(DU14+DU24) -> 0 | DW25: =SUM(DW14+DW24) -> 0 | DY25: =SUM(DY14+DY24) -> 0 | EA25: =SUM(EA14+EA24) -> 0 | EC25: =SUM(EC14+EC24) -> 0 | EE25: =SUM(EE14+EE24) -> 0 | EG25: =SUM(EG14+EG24) -> 0 | EI25: =SUM(EI14+EI24) -> 0 | EK25: =SUM(EK14+EK24) -> 0 | EM25: =SUM(EM14+EM24) -> 0 | EO25: =SUM(EO14+EO24) -> 0 | EQ25: =SUM(EQ14+EQ24) -> 0 | ES25: Total | ET25: =SUM(ET24,ET14) -> 72 | EX25: =SUM(EX14+EX24) -> 0 | EZ25: =SUM(EZ14+EZ24) -> 0 | FB25: =SUM(FB14+FB24) -> 0 | FD25: =SUM(FD14+FD24) -> 0 | FF25: =SUM(FF14+FF24) -> 0 | FH25: =SUM(FH14+FH24) -> 0 | FJ25: =SUM(FJ14+FJ24) -> 0 | FL25: =SUM(FL14+FL24) -> 0 | FN25: =SUM(FN14+FN24) -> 0 | FP25: =SUM(FP14+FP24) -> 0 | FR25: =SUM(FR14+FR24) -> 0 | FT25: =SUM(FT14+FT24) -> 0 | FV25: =SUM(FV14+FV24) -> 0 | FX25: =SUM(FX14+FX24) -> 0 | FZ25: =SUM(FZ14+FZ24) -> 0 | GB25: =SUM(GB14+GB24) -> 0

Sheet Scoring V1
A1: Cobram Barooga Golf Club | B1: Round 1. | C1: 1 | F1: H1R | G1: 2 | J1: H2R | K1: 3 | N1: H3R | O1: 4 | R1: H4R | S1: 5 | V1: H5R | W1: 6 | Z1: H6R | AA1: 7 | AD1: H8R | AE1: 8 | AI1: 9 | AL1: H9R | AM1: Out | AN1: 10 | AQ1: H10R | AR1: 11 | AU1: H11R | AV1: 12 | AY1: H12R | AZ1: 13 | BC1: H13R | BD1: 14 | BG1: H14R | BH1: 15 | BK1: H15R | BL1: 16 | BO1: H16R | BP1: 17 | BS1: H17R | BT1: 18 | BW1: H18R | BX1: In | BY1: Total | BZ1: Daily HC | CA1: Position | CD1: Type | CE1: Score | CF1: Points
B2: Par | AM2: =SUM(C2:AL2) -> 0 | BX2: =SUM(AN2:BW2) -> 0 | BY2: =SUM(AM2+BX2) -> 0 | BZ2: DHC | CD2: Albatross | CE2: -3 | CF2: 5
B3: Stroke Index | AM3: - | BX3: - | BY3: - | CA3: Position | CB3: 0 Point | CD3: Eagle | CE3: -2 | CF3: 4
B4: Butcher | AM4: =SUM(F4+J4+N4+R4+V4+Z4+AB4+AD4+AL4) -> 0 | BX4: =SUM(AQ4+AU4+AY4+BC4+BG4+BK4+BO4+BS4+BW4) -> 0 | BY4: =SUM(AM4+BX4) -> 0 | CA4: =RANK(BY4,$BY$4:$BY$12) -> 1 | CD4: Birdie | CE4: -1 | CF4: 3
B5: Chol | AM5: =SUM(F5+J5+N5+R5+V5+Z5+AB5+AD5+AL5) -> 0 | BX5: =SUM(AQ5+AU5+AY5+BC5+BG5+BK5+BO5+BS5+BW5) -> 0 | BY5: =SUM(AM5+BX5) -> 0 | CA5: =RANK(BY5,$BY$4:$BY$12) -> 1 | CD5: Par | CE5: 0 | CF5: 2
B6: Jamay | AM6: =SUM(F6+J6+N6+R6+V6+Z6+AB6+AD6+AL6) -> 0 | BX6: =SUM(AQ6+AU6+AY6+BC6+BG6+BK6+BO6+BS6+BW6) -> 0 | BY6: =SUM(AM6+BX6) -> 0 | CA6: =RANK(BY6,$BY$4:$BY$12) -> 1 | CD6: Bogey | CE6: 1 | CF6: 1
B7: Johnny | AM7: =SUM(F7+J7+N7+R7+V7+Z7+AB7+AD7+AL7) -> 0 | BX7: =SUM(AQ7+AU7+AY7+BC7+BG7+BK7+BO7+BS7+BW7) -> 0 | BY7: =SUM(AM7+BX7) -> 0 | CA7: =RANK(BY7,$BY$4:$BY$12) -> 1 | CD7: Double Bogey | CE7: 2 | CF7: 0
B8: Kebbie | AM8: =SUM(F8+J8+N8+R8+V8+Z8+AB8+AD8+AL8) -> 0 | BX8: =SUM(AQ8+AU8+AY8+BC8+BG8+BK8+BO8+BS8+BW8) -> 0 | BY8: =SUM(AM8+BX8) -> 0 | CA8: =RANK(BY8,$BY$4:$BY$12) -> 1
B9: Loz | AM9: =SUM(F9+J9+N9+R9+V9+Z9+AB9+AD9+AL9) -> 0 | BX9: =SUM(AQ9+AU9+AY9+BC9+BG9+BK9+BO9+BS9+BW9) -> 0 | BY9: =SUM(AM9+BX9) -> 0 | CA9: =RANK(BY9,$BY$4:$BY$12) -> 1
B10: PB | AM10: =SUM(F10+J10+N10+R10+V10+Z10+AB10+AD10+AL10) -> 0 | BX10: =SUM(AQ10+AU10+AY10+BC10+BG10+BK10+BO10+BS10+BW10) -> 0 | BY10: =SUM(AM10+BX10) -> 0 | CA10: =RANK(BY10,$BY$4:$BY$12) -> 1
B11: Squirter | AM11: =SUM(F11+J11+N11+R11+V11+Z11+AB11+AD11+AL11) -> 0 | BX11: =SUM(AQ11+AU11+AY11+BC11+BG11+BK11+BO11+BS11+BW11) -> 0 | BY11: =SUM(AM11+BX11) -> 0 | CA11: =RANK(BY11,$BY$4:$BY$12) -> 1
B12: Trawler | AM12: =SUM(F12+J12+N12+R12+V12+Z12+AB12+AD12+AL12) -> 0 | BX12: =SUM(AQ12+AU12+AY12+BC12+BG12+BK12+BO12+BS12+BW12) -> 0 | BY12: =SUM(AM12+BX12) -> 0 | CA12: =RANK(BY12,$BY$4:$BY$12) -> 1
A16: Club Tocumwal | B16: Round 2. | C16: 1 | F16: H1R | G16: 2 | J16: H2R | K16: 3 | N16: H3R | O16: 4 | R16: H4R | S16: 5 | V16: H5R | W16: 6 | Z16: H6R | AA16: 7 | AD16: H8R | AE16: 8 | AI16: 9 | AL16: H9R | AM16: Out | AN16: 10 | AQ16: H10R | AR16: 11 | AU16: H11R | AV16: 12 | AY16: H12R | AZ16: 13 | BC16: H13R | BD16: 14 | BG16: H14R | BH16: 15 | BK16: H15R | BL16: 16 | BO16: H16R | BP16: 17 | BS16: H17R | BT16: 18 | BW16: H18R | BX16: In | BY16: Total | BZ16: Daily HC | CA16: Position
B17: Par | AM17: =SUM(C17:AL17) -> 0 | BX17: =SUM(AN17:BW17) -> 0 | BY17: =SUM(AM17+BX17) -> 0 | BZ17: DHC
B18: Stroke Index | AM18: - | BX18: - | BY18: - | CA18: Position | CB18: 0 Point
B19: Butcher | AM19: =SUM(F19+J19+N19+R19+V19+Z19+AB19+AD19+AL19) -> 0 | BX19: =SUM(AQ19+AU19+AY19+BC19+BG19+BK19+BO19+BS19+BW19) -> 0 | BY19: =SUM(AM19+BX19) -> 0 | CA19: =RANK(BY19,$BY$19:$BY$27) -> 1
B20: Chol | AM20: =SUM(F20+J20+N20+R20+V20+Z20+AB20+AD20+AL20) -> 0 | BX20: =SUM(AQ20+AU20+AY20+BC20+BG20+BK20+BO20+BS20+BW20) -> 0 | BY20: =SUM(AM20+BX20) -> 0 | CA20: =RANK(BY20,$BY$19:$BY$27) -> 1
B21: Jamay | AM21: =SUM(F21+J21+N21+R21+V21+Z21+AB21+AD21+AL21) -> 0 | BX21: =SUM(AQ21+AU21+AY21+BC21+BG21+BK21+BO21+BS21+BW21) -> 0 | BY21: =SUM(AM21+BX21) -> 0 | CA21: =RANK(BY21,$BY$19:$BY$27) -> 1
B22: Johnny | AM22: =SUM(F22+J22+N22+R22+V22+Z22+AB22+AD22+AL22) -> 0 | BX22: =SUM(AQ22+AU22+AY22+BC22+BG22+BK22+BO22+BS22+BW22) -> 0 | BY22: =SUM(AM22+BX22) -> 0 | CA22: =RANK(BY22,$BY$19:$BY$27) -> 1
B23: Kebbie | AM23: =SUM(F23+J23+N23+R23+V23+Z23+AB23+AD23+AL23) -> 0 | BX23: =SUM(AQ23+AU23+AY23+BC23+BG23+BK23+BO23+BS23+BW23) -> 0 | BY23: =SUM(AM23+BX23) -> 0 | CA23: =RANK(BY23,$BY$19:$BY$27) -> 1
B24: Loz | AM24: =SUM(F24+J24+N24+R24+V24+Z24+AB24+AD24+AL24) -> 0 | BX24: =SUM(AQ24+AU24+AY24+BC24+BG24+BK24+BO24+BS24+BW24) -> 0 | BY24: =SUM(AM24+BX24) -> 0 | CA24: =RANK(BY24,$BY$19:$BY$27) -> 1
B25: PB | AM25: =SUM(F25+J25+N25+R25+V25+Z25+AB25+AD25+AL25) -> 0 | BX25: =SUM(AQ25+AU25+AY25+BC25+BG25+BK25+BO25+BS25+BW25) -> 0 | BY25: =SUM(AM25+BX25) -> 0 | CA25: =RANK(BY25,$BY$19:$BY$27) -> 1
B26: Squirter | AM26: =SUM(F26+J26+N26+R26+V26+Z26+AB26+AD26+AL26) -> 0 | BX26: =SUM(AQ26+AU26+AY26+BC26+BG26+BK26+BO26+BS26+BW26) -> 0 | BY26: =SUM(AM26+BX26) -> 0 | CA26: =RANK(BY26,$BY$19:$BY$27) -> 1
B27: Trawler | AM27: =SUM(F27+J27+N27+R27+V27+Z27+AB27+AD27+AL27) -> 0 | BX27: =SUM(AQ27+AU27+AY27+BC27+BG27+BK27+BO27+BS27+BW27) -> 0 | BY27: =SUM(AM27+BX27) -> 0 | CA27: =RANK(BY27,$BY$19:$BY$27) -> 1
A31: Club Tocumwal | B31: Round 3. | C31: 1 | F31: H1R | G31: 2 | J31: H2R | K31: 3 | N31: H3R | O31: 4 | R31: H4R | S31: 5 | V31: H5R | W31: 6 | Z31: H6R | AA31: 7 | AD31: H8R | AE31: 8 | AI31: 9 | AL31: H9R | AM31: Out | AN31: 10 | AQ31: H10R | AR31: 11 | AU31: H11R | AV31: 12 | AY31: H12R | AZ31: 13 | BC31: H13R | BD31: 14 | BG31: H14R | BH31: 15 | BK31: H15R | BL31: 16 | BO31: H16R | BP31: 17 | BS31: H17R | BT31: 18 | BW31: H18R | BX31: In | BY31: Total | BZ31: Daily HC | CA31: Position
B32: Par | AM32: =SUM(C32:AL32) -> 0 | BX32: =SUM(AN32:BW32) -> 0 | BY32: =SUM(AM32+BX32) -> 0 | BZ32: DHC
B33: Stroke Index | AM33: - | BX33: - | BY33: - | CA33: Position | CB33: 0 Point
B34: Butcher | AM34: =SUM(F34+J34+N34+R34+V34+Z34+AB34+AD34+AL34) -> 0 | BX34: =SUM(AQ34+AU34+AY34+BC34+BG34+BK34+BO34+BS34+BW34) -> 0 | BY34: =SUM(AM34+BX34) -> 0 | CA34: =RANK(BY34,$BY$34:$BY$42) -> 1
B35: Chol | AM35: =SUM(F35+J35+N35+R35+V35+Z35+AB35+AD35+AL35) -> 0 | BX35: =SUM(AQ35+AU35+AY35+BC35+BG35+BK35+BO35+BS35+BW35) -> 0 | BY35: =SUM(AM35+BX35) -> 0 | CA35: =RANK(BY35,$BY$34:$BY$42) -> 1
B36: Jamay | AM36: =SUM(F36+J36+N36+R36+V36+Z36+AB36+AD36+AL36) -> 0 | BX36: =SUM(AQ36+AU36+AY36+BC36+BG36+BK36+BO36+BS36+BW36) -> 0 | BY36: =SUM(AM36+BX36) -> 0 | CA36: =RANK(BY36,$BY$34:$BY$42) -> 1
B37: Johnny | AM37: =SUM(F37+J37+N37+R37+V37+Z37+AB37+AD37+AL37) -> 0 | BX37: =SUM(AQ37+AU37+AY37+BC37+BG37+BK37+BO37+BS37+BW37) -> 0 | BY37: =SUM(AM37+BX37) -> 0 | CA37: =RANK(BY37,$BY$34:$BY$42) -> 1
B38: Kebbie | AM38: =SUM(F38+J38+N38+R38+V38+Z38+AB38+AD38+AL38) -> 0 | BX38: =SUM(AQ38+AU38+AY38+BC38+BG38+BK38+BO38+BS38+BW38) -> 0 | BY38: =SUM(AM38+BX38) -> 0 | CA38: =RANK(BY38,$BY$34:$BY$42) -> 1
B39: Loz | AM39: =SUM(F39+J39+N39+R39+V39+Z39+AB39+AD39+AL39) -> 0 | BX39: =SUM(AQ39+AU39+AY39+BC39+BG39+BK39+BO39+BS39+BW39) -> 0 | BY39: =SUM(AM39+BX39) -> 0 | CA39: =RANK(BY39,$BY$34:$BY$42) -> 1
B40: PB | AM40: =SUM(F40+J40+N40+R40+V40+Z40+AB40+AD40+AL40) -> 0 | BX40: =SUM(AQ40+AU40+AY40+BC40+BG40+BK40+BO40+BS40+BW40) -> 0 | BY40: =SUM(AM40+BX40) -> 0 | CA40: =RANK(BY40,$BY$34:$BY$42) -> 1
B41: Squirter | AM41: =SUM(F41+J41+N41+R41+V41+Z41+AB41+AD41+AL41) -> 0 | BX41: =SUM(AQ41+AU41+AY41+BC41+BG41+BK41+BO41+BS41+BW41) -> 0 | BY41: =SUM(AM41+BX41) -> 0 | CA41: =RANK(BY41,$BY$34:$BY$42) -> 1
B42: Trawler | AM42: =SUM(F42+J42+N42+R42+V42+Z42+AB42+AD42+AL42) -> 0 | BX42: =SUM(AQ42+AU42+AY42+BC42+BG42+BK42+BO42+BS42+BW42) -> 0 | BY42: =SUM(AM42+BX42) -> 0 | CA42: =RANK(BY42,$BY$34:$BY$42) -> 1
A46: Yarrawonga Mulwala Golf Club Resort | B46: Round 4. | C46: 1 | F46: H1R | G46: 2 | J46: H2R | K46: 3 | N46: H3R | O46: 4 | R46: H4R | S46: 5 | V46: H5R | W46: 6 | Z46: H6R | AA46: 7 | AD46: H8R | AE46: 8 | AI46: 9 | AL46: H9R | AM46: Out | AN46: 10 | AQ46: H10R | AR46: 11 | AU46: H11R | AV46: 12 | AY46: H12R | AZ46: 13 | BC46: H13R | BD46: 14 | BG46: H14R | BH46: 15 | BK46: H15R | BL46: 16 | BO46: H16R | BP46: 17 | BS46: H17R | BT46: 18 | BW46: H18R | BX46: In | BY46: Total | BZ46: Daily HC | CA46: Position
B47: Par | AM47: =SUM(C47:AL47) -> 0 | BX47: =SUM(AN47:BW47) -> 0 | BY47: =SUM(AM47+BX47) -> 0 | BZ47: DHC
B48: Stroke Index | AM48: - | BX48: - | BY48: - | CA48: Position | CB48: 0 Point
B49: Butcher | AM49: =SUM(F49+J49+N49+R49+V49+Z49+AB49+AD49+AL49) -> 0 | BX49: =SUM(AQ49+AU49+AY49+BC49+BG49+BK49+BO49+BS49+BW49) -> 0 | BY49: =SUM(AM49+BX49) -> 0 | CA49: =RANK(BY49,$BY$49:$BY$57) -> 1
B50: Chol | AM50: =SUM(F50+J50+N50+R50+V50+Z50+AB50+AD50+AL50) -> 0 | BX50: =SUM(AQ50+AU50+AY50+BC50+BG50+BK50+BO50+BS50+BW50) -> 0 | BY50: =SUM(AM50+BX50) -> 0 | CA50: =RANK(BY50,$BY$49:$BY$57) -> 1
B51: Jamay | AM51: =SUM(F51+J51+N51+R51+V51+Z51+AB51+AD51+AL51) -> 0 | BX51: =SUM(AQ51+AU51+AY51+BC51+BG51+BK51+BO51+BS51+BW51) -> 0 | BY51: =SUM(AM51+BX51) -> 0 | CA51: =RANK(BY51,$BY$49:$BY$57) -> 1
B52: Johnny | AM52: =SUM(F52+J52+N52+R52+V52+Z52+AB52+AD52+AL52) -> 0 | BX52: =SUM(AQ52+AU52+AY52+BC52+BG52+BK52+BO52+BS52+BW52) -> 0 | BY52: =SUM(AM52+BX52) -> 0 | CA52: =RANK(BY52,$BY$49:$BY$57) -> 1
B53: Kebbie | AM53: =SUM(F53+J53+N53+R53+V53+Z53+AB53+AD53+AL53) -> 0 | BX53: =SUM(AQ53+AU53+AY53+BC53+BG53+BK53+BO53+BS53+BW53) -> 0 | BY53: =SUM(AM53+BX53) -> 0 | CA53: =RANK(BY53,$BY$49:$BY$57) -> 1
B54: Loz | AM54: =SUM(F54+J54+N54+R54+V54+Z54+AB54+AD54+AL54) -> 0 | BX54: =SUM(AQ54+AU54+AY54+BC54+BG54+BK54+BO54+BS54+BW54) -> 0 | BY54: =SUM(AM54+BX54) -> 0 | CA54: =RANK(BY54,$BY$49:$BY$57) -> 1
B55: PB | AM55: =SUM(F55+J55+N55+R55+V55+Z55+AB55+AD55+AL55) -> 0 | BX55: =SUM(AQ55+AU55+AY55+BC55+BG55+BK55+BO55+BS55+BW55) -> 0 | BY55: =SUM(AM55+BX55) -> 0 | CA55: =RANK(BY55,$BY$49:$BY$57) -> 1
B56: Squirter | AM56: =SUM(F56+J56+N56+R56+V56+Z56+AB56+AD56+AL56) -> 0 | BX56: =SUM(AQ56+AU56+AY56+BC56+BG56+BK56+BO56+BS56+BW56) -> 0 | BY56: =SUM(AM56+BX56) -> 0 | CA56: =RANK(BY56,$BY$49:$BY$57) -> 1
B57: Trawler | AM57: =SUM(F57+J57+N57+R57+V57+Z57+AB57+AD57+AL57) -> 0 | BX57: =SUM(AQ57+AU57+AY57+BC57+BG57+BK57+BO57+BS57+BW57) -> 0 | BY57: =SUM(AM57+BX57) -> 0 | CA57: =RANK(BY57,$BY$49:$BY$57) -> 1
A61: Black Bull Golf Course | B61: Final Round | C61: 1 | F61: H1R | G61: 2 | J61: H2R | K61: 3 | N61: H3R | O61: 4 | R61: H4R | S61: 5 | V61: H5R | W61: 6 | Z61: H6R | AA61: 7 | AD61: H8R | AE61: 8 | AI61: 9 | AL61: H9R | AM61: Out | AN61: 10 | AQ61: H10R | AR61: 11 | AU61: H11R | AV61: 12 | AY61: H12R | AZ61: 13 | BC61: H13R | BD61: 14 | BG61: H14R | BH61: 15 | BK61: H15R | BL61: 16 | BO61: H16R | BP61: 17 | BS61: H17R | BT61: 18 | BW61: H18R | BX61: In | BY61: Total | BZ61: Daily HC | CA61: Position
B62: Par | AM62: =SUM(C62:AL62) -> 0 | BX62: =SUM(AN62:BW62) -> 0 | BY62: =SUM(AM62+BX62) -> 0 | BZ62: DHC
B63: Stroke Index | AM63: - | BX63: - | BY63: - | CA63: Position | CB63: 0 Point
B64: Butcher | AM64: =SUM(F64+J64+N64+R64+V64+Z64+AB64+AD64+AL64) -> 0 | BX64: =SUM(AQ64+AU64+AY64+BC64+BG64+BK64+BO64+BS64+BW64) -> 0 | BY64: =SUM(AM64+BX64) -> 0 | CA64: =RANK(BY64,BY64:BY72) -> 1
B65: Chol | AM65: =SUM(F65+J65+N65+R65+V65+Z65+AB65+AD65+AL65) -> 0 | BX65: =SUM(AQ65+AU65+AY65+BC65+BG65+BK65+BO65+BS65+BW65) -> 0 | BY65: =SUM(AM65+BX65) -> 0 | CA65: =RANK(BY65,BY65:BY73) -> 1
B66: Jamay | AM66: =SUM(F66+J66+N66+R66+V66+Z66+AB66+AD66+AL66) -> 0 | BX66: =SUM(AQ66+AU66+AY66+BC66+BG66+BK66+BO66+BS66+BW66) -> 0 | BY66: =SUM(AM66+BX66) -> 0 | CA66: =RANK(BY66,BY66:BY74) -> 1
B67: Johnny | AM67: =SUM(F67+J67+N67+R67+V67+Z67+AB67+AD67+AL67) -> 0 | BX67: =SUM(AQ67+AU67+AY67+BC67+BG67+BK67+BO67+BS67+BW67) -> 0 | BY67: =SUM(AM67+BX67) -> 0 | CA67: =RANK(BY67,BY67:BY75) -> 1
B68: Kebbie | AM68: =SUM(F68+J68+N68+R68+V68+Z68+AB68+AD68+AL68) -> 0 | BX68: =SUM(AQ68+AU68+AY68+BC68+BG68+BK68+BO68+BS68+BW68) -> 0 | BY68: =SUM(AM68+BX68) -> 0 | CA68: =RANK(BY68,BY68:BY76) -> 1
B69: Loz | AM69: =SUM(F69+J69+N69+R69+V69+Z69+AB69+AD69+AL69) -> 0 | BX69: =SUM(AQ69+AU69+AY69+BC69+BG69+BK69+BO69+BS69+BW69) -> 0 | BY69: =SUM(AM69+BX69) -> 0 | CA69: =RANK(BY69,BY69:BY77) -> 1
B70: PB | AM70: =SUM(F70+J70+N70+R70+V70+Z70+AB70+AD70+AL70) -> 0 | BX70: =SUM(AQ70+AU70+AY70+BC70+BG70+BK70+BO70+BS70+BW70) -> 0 | BY70: =SUM(AM70+BX70) -> 0 | CA70: =RANK(BY70,BY70:BY78) -> 1
B71: Squirter | AM71: =SUM(F71+J71+N71+R71+V71+Z71+AB71+AD71+AL71) -> 0 | BX71: =SUM(AQ71+AU71+AY71+BC71+BG71+BK71+BO71+BS71+BW71) -> 0 | BY71: =SUM(AM71+BX71) -> 0 | CA71: =RANK(BY71,BY71:BY79) -> 1
B72: Trawler | AM72: =SUM(F72+J72+N72+R72+V72+Z72+AB72+AD72+AL72) -> 0 | BX72: =SUM(AQ72+AU72+AY72+BC72+BG72+BK72+BO72+BS72+BW72) -> 0 | BY72: =SUM(AM72+BX72) -> 0 | CA72: =RANK(BY72,BY72:BY80) -> 1
